rank_order,rank,name,scores_overall,scores_overall_rank,scores_teaching,scores_teaching_rank,scores_research,scores_research_rank,scores_citations,scores_citations_rank,scores_industry_income,scores_industry_income_rank,scores_international_outlook,scores_international_outlook_rank,iid,record_type,member_level,url,nid,location,stats_number_students,stats_student_staff_ratio,stats_pc_intl_students,stats_female_male_ratio,aliases,closed,unaccredited,disabled,apply_link
10,1,University of Oxford,98.2,10,97.2,4,100.0,2,97.7,12,99.9,50,96.4,23,i-92611101,master_account,0,/world-university-rankings/university-oxford,468,United Kingdom,"22,005",10.4,43%,52 : 48,University of Oxford,False,False,False,https://www.timeshighereducation.com/student/register-interest/siuk?utm_medium=thewebsite&utm_campaign=cta-link&utm_source=rankings&iid=i-92611101
20,2,Massachusetts Institute of Technology,97.7,20,99.2,1,95.3,11,99.6,1,100.0,15,91.9,97,i-68334672,private,0,/world-university-rankings/massachusetts-institute-technology,471,United States,"11,703",7.7,33%,43 : 57,Massachusetts Institute of Technology,False,False,False,https://www.timeshighereducation.com/student/register-interest/shorelight?utm_medium=thewebsite&utm_campaign=cta-link&utm_source=rankings&iid=i-68334672
30,3,Princeton University,97.2,30,98.2,2,97.3,9,99.0,4,98.0,112,85.4,196,i-20795402,private,0,/world-university-rankings/princeton-university,469,United States,"8,739",8.2,23%,47 : 53,Princeton University,False,False,False,https://www.timeshighereducation.com/student/register-interest/shorelight?utm_medium=thewebsite&utm_campaign=cta-link&utm_source=rankings&iid=i-20795402
40,4,University of Cambridge,97.2,40,96.2,6,99.9,3,97.1,19,87.6,231,96.3,24,i-67516113,master_account,0,/world-university-rankings/university-cambridge,470,United Kingdom,"21,045",11.3,38%,50 : 50,University of Cambridge,False,False,False,https://www.timeshighereducation.com/student/register-interest/siuk?utm_medium=thewebsite&utm_campaign=cta-link&utm_source=rankings&iid=i-67516113
50,5,Harvard University,97.1,50,95.9,7,100.0,1,98.9,5,86.7,242,88.3,156,i-48698023,private,0,/world-university-rankings/harvard-university,466,United States,"22,680",10.1,27%,53 : 47,Harvard University,False,False,False,https://www.timeshighereducation.com/student/register-interest/shorelight?utm_medium=thewebsite&utm_campaign=cta-link&utm_source=rankings&iid=i-48698023
60,6,Stanford University,97.1,60,97.5,3,97.4,8,99.5,2,100.0,25,83.9,215,i-35756672,private,0,/world-university-rankings/stanford-university,467,United States,"17,422",5.9,25%,48 : 52,Stanford University,False,False,False,
70,7,California Institute of Technology,96.3,70,96.4,5,97.4,7,96.8,21,100.0,2,87.9,164,i-20537945,private,0,/world-university-rankings/california-institute-technology,128779,United States,"2,401",6.7,33%,39 : 61,California Institute of Technology caltech,False,False,False,https://www.timeshighereducation.com/student/register-interest/shorelight?utm_medium=thewebsite&utm_campaign=cta-link&utm_source=rankings&iid=i-20537945
80,8,Imperial College London,94.7,80,90.6,12,94.9,12,98.0,10,91.9,189,98.2,6,i-67704114,master_account,0,/world-university-rankings/imperial-college-london,472,United Kingdom,"21,340",12.1,60%,43 : 57,Imperial College London,False,False,False,https://www.timeshighereducation.com/student/register-interest/siuk?utm_medium=thewebsite&utm_campaign=cta-link&utm_source=rankings&iid=i-67704114
90,9,"University of California, Berkeley",94.4,90,87.3,17,99.0,4,98.9,6,99.5,80,83.9,216,i-50018853,public,0,/world-university-rankings/university-california-berkeley,474,United States,"42,565",18.4,25%,53 : 47,"University of California, Berkeley",False,False,False,https://www.timeshighereducation.com/student/register-interest/shorelight?utm_medium=thewebsite&utm_campaign=cta-link&utm_source=rankings&iid=i-50018853
100,10,Yale University,94.1,100,94.6,11,94.5,13,97.2,16,87.6,232,81.4,250,i-73583889,private,0,/world-university-rankings/yale-university,475,United States,"14,884",6.2,24%,53 : 47,Yale University,False,False,False,https://www.timeshighereducation.com/student/register-interest/shorelight?utm_medium=thewebsite&utm_campaign=cta-link&utm_source=rankings&iid=i-73583889
110,11,ETH Zurich,93.1,110,88.5,14,97.2,10,94.5,44,83.7,277,95.1,37,i-46301963,master_account,0,/world-university-rankings/eth-zurich,479,Switzerland,"23,106",15.5,44%,33 : 67,ETH Zurich,False,False,False,
120,12,Tsinghua University,93.0,120,95.9,8,98.5,5,93.9,55,100.0,31,53.4,802,i-24216711,master_account,0,/world-university-rankings/tsinghua-university,535,China,"38,569",10.8,11%,,Tsinghua University Qinghua University Tsing hua University Qing hua University,False,False,False,
130,13,Peking University,92.3,130,95.4,9,97.9,6,89.0,129,100.0,20,67.3,475,i-32144155,master_account,0,/world-university-rankings/peking-university,514,China,"35,659",11.3,15%,,Peking University,False,False,False,
140,14,University of Pennsylvania,90.8,140,88.1,15,90.3,19,96.1,25,97.9,114,78.4,300,i-31733092,private,0,/world-university-rankings/university-pennsylvania,480,United States,"22,422",6.6,26%,55 : 45,University of Pennsylvania,False,False,False,https://www.timeshighereducation.com/student/register-interest/shorelight?utm_medium=thewebsite&utm_campaign=cta-link&utm_source=rankings&iid=i-31733092
150,15,The University of Chicago,90.6,150,89.6,13,90.1,20,96.8,22,76.4,383,79.7,278,i-33619812,private,0,/world-university-rankings/university-chicago,473,United States,"16,509",5.9,39%,47 : 53,The University of Chicago,False,False,False,
160,16,Johns Hopkins University,90.1,160,84.6,22,89.9,21,96.3,24,100.0,9,81.9,240,i-44788493,private,0,/world-university-rankings/johns-hopkins-university,478,United States,"21,275",5.6,34%,54 : 46,Johns Hopkins University,False,False,False,https://www.timeshighereducation.com/student/register-interest/shorelight?utm_medium=thewebsite&utm_campaign=cta-link&utm_source=rankings&iid=i-44788493
170,17,National University of Singapore,89.7,170,78.6,26,93.1,15,95.1,41,99.9,44,92.8,82,i-02491042,master_account,11,/world-university-rankings/national-university-singapore,504,Singapore,"35,558",21.0,31%,49 : 51,National University of Singapore nus,False,False,False,
180,18,Cornell University,89.5,180,85.9,20,90.6,18,95.9,27,70.3,507,83.5,219,i-48987672,private,0,/world-university-rankings/cornell-university,484,United States,"25,673",10.6,26%,53 : 47,Cornell University,False,False,False,https://www.timeshighereducation.com/student/register-interest/shorelight?utm_medium=thewebsite&utm_campaign=cta-link&utm_source=rankings&iid=i-48987672
190,19,"University of California, Los Angeles",89.5,190,86.0,19,91.4,17,95.6,33,93.5,162,69.2,451,i-95508882,public,0,/world-university-rankings/university-california-los-angeles,477,United States,"44,700",9.8,15%,57 : 43,"University of California, Los Angeles",False,False,False,https://www.timeshighereducation.com/student/register-interest/shorelight?utm_medium=thewebsite&utm_campaign=cta-link&utm_source=rankings&iid=i-95508882
200,20,Columbia University,89.4,200,87.8,16,87.8,22,95.9,26,74.8,409,83.7,217,i-62830784,private,0,/world-university-rankings/columbia-university,476,United States,"30,580",5.6,42%,,Columbia University,False,False,False,https://www.timeshighereducation.com/student/register-interest/shorelight?utm_medium=thewebsite&utm_campaign=cta-link&utm_source=rankings&iid=i-62830784
210,21,University of Toronto,88.5,210,78.2,27,92.9,16,92.3,72,95.8,140,92.3,90,i-67051171,master_account,0,/world-university-rankings/university-toronto,483,Canada,"80,394",25.1,39%,56 : 44,University of Toronto,False,False,False,https://www.timeshighereducation.com/student/register-interest/applyboard?utm_medium=thewebsite&utm_campaign=cta-link&utm_source=rankings&iid=i-67051171
220,22,UCL,87.5,220,77.8,28,85.9,24,97.6,13,74.7,416,97.5,12,i-15171793,master_account,0,/world-university-rankings/ucl,481,United Kingdom,"47,520",12.1,63%,60 : 40,UCL ucl UCL,False,False,False,https://www.timeshighereducation.com/student/register-interest/siuk?utm_medium=thewebsite&utm_campaign=cta-link&utm_source=rankings&iid=i-15171793
230,23,University of Michigan-Ann Arbor,86.9,230,85.7,21,87.3,23,93.8,56,81.4,314,65.8,499,i-98611775,public,0,/world-university-rankings/university-michigan-ann-arbor,482,United States,"48,449",8.4,19%,52 : 48,University of Michigan-Ann Arbor,False,False,False,https://www.timeshighereducation.com/student/register-interest/shorelight?utm_medium=thewebsite&utm_campaign=cta-link&utm_source=rankings&iid=i-98611775
240,24,Carnegie Mellon University,85.0,240,72.7,39,83.0,26,99.0,3,85.5,259,84.3,206,i-14763812,private,0,/world-university-rankings/carnegie-mellon-university,485,United States,"16,257",13.0,50%,44 : 56,Carnegie Mellon University,False,False,False,https://www.timeshighereducation.com/student/register-interest/shorelight?utm_medium=thewebsite&utm_campaign=cta-link&utm_source=rankings&iid=i-14763812
250,25,University of Washington,83.7,250,77.0,29,80.0,29,97.6,14,81.6,309,70.1,438,i-79008396,public,0,/world-university-rankings/university-washington,489,United States,"49,524",9.5,18%,57 : 43,University of Washington,False,False,False,https://www.timeshighereducation.com/student/register-interest/shorelight?utm_medium=thewebsite&utm_campaign=cta-link&utm_source=rankings&iid=i-79008396
260,26,The University of Tokyo,83.5,260,94.7,10,94.2,14,68.2,657,100.0,29,50.8,883,i-20654321,master_account,0,/world-university-rankings/university-tokyo,494,Japan,"26,298",10.2,18%,,The University of Tokyo,False,False,False,
270,27,Technical University of Munich,83.4,270,71.9,40,84.8,25,91.3,94,100.0,26,83.4,221,i-32272323,master_account,6,/world-university-rankings/technical-university-munich,552,Germany,"35,755",40.7,45%,37 : 63,Technical University of Munich,False,False,False,
280,28,Duke University,82.9,280,78.7,25,74.2,43,95.4,38,100.0,6,74.2,368,i-10310643,private,0,/world-university-rankings/duke-university,487,United States,"17,871",4.4,25%,55 : 45,Duke University,False,False,False,https://www.timeshighereducation.com/student/register-interest/shorelight?utm_medium=thewebsite&utm_campaign=cta-link&utm_source=rankings&iid=i-10310643
290,29,University of Edinburgh,82.5,290,75.7,30,74.7,42,94.8,42,71.0,484,96.2,25,i-61465682,master_account,0,/world-university-rankings/university-edinburgh,500,United Kingdom,"35,350",11.3,49%,62 : 38,University of Edinburgh,False,False,False,https://www.timeshighereducation.com/student/register-interest/siuk?utm_medium=thewebsite&utm_campaign=cta-link&utm_source=rankings&iid=i-61465682
300,30,Northwestern University,81.9,300,73.2,37,76.0,35,96.9,20,96.0,138,71.0,424,i-44947751,private,0,/world-university-rankings/northwestern-university,490,United States,"20,611",8.2,24%,54 : 46,Northwestern University,False,False,False,https://www.timeshighereducation.com/student/register-interest/shorelight?utm_medium=thewebsite&utm_campaign=cta-link&utm_source=rankings&iid=i-44947751
310,31,"Nanyang Technological University, Singapore",81.6,310,65.8,60,78.1,33,95.2,40,100.0,17,93.6,63,i-33514404,master_account,11,/world-university-rankings/nanyang-technological-university-singapore,634,Singapore,"25,859",17.3,31%,47 : 53,"Nanyang Technological University, Singapore NTU Nan yang",False,False,False,
320,32,New York University,81.6,320,74.6,33,78.5,31,94.3,47,74.8,411,74.1,371,i-53177321,private,0,/world-university-rankings/new-york-university,508,United States,"48,973",9.0,46%,59 : 41,New York University,False,False,False,https://www.timeshighereducation.com/student/register-interest/shorelight?utm_medium=thewebsite&utm_campaign=cta-link&utm_source=rankings&iid=i-53177321
330,33,University of Hong Kong,80.5,330,68.3,50,70.8,52,95.6,34,96.5,132,96.6,21,i-64169732,master_account,11,/world-university-rankings/university-hong-kong,498,Hong Kong,"17,668",17.8,48%,56 : 44,University of Hong Kong,False,False,False,
340,34,LMU Munich,79.7,340,68.4,48,75.4,39,92.4,70,100.0,14,78.7,293,i-40610262,master_account,6,/world-university-rankings/lmu-munich,509,Germany,"33,697",19.1,19%,61 : 39,LMU Munich Ludwig-Maximilians-Universität München,False,False,False,
350,35,École Polytechnique Fédérale de Lausanne,79.6,350,73.5,36,70.8,49,87.5,162,99.9,38,95.4,35,i-22579983,master_account,0,/world-university-rankings/ecole-polytechnique-federale-de-lausanne,510,Switzerland,"13,306",13.3,64%,31 : 69,École Polytechnique Fédérale de Lausanne,False,False,False,
360,36,Fudan University,79.3,360,79.5,24,77.1,34,84.8,215,99.8,53,53.8,785,i-20648992,master_account,0,/world-university-rankings/fudan-university,700,China,"38,601",12.4,10%,52 : 48,Fudan University,False,False,False,
370,37,University of Melbourne,79.0,370,67.7,54,75.5,38,87.8,154,99.3,87,91.6,105,i-84190491,master_account,0,/world-university-rankings/university-melbourne,501,Australia,"51,622",23.3,51%,58 : 42,University of Melbourne UniMelb Australia,False,False,False,https://www.timeshighereducation.com/student/register-interest/aecc?utm_medium=thewebsite&utm_campaign=cta-link&utm_source=rankings&iid=i-84190491
380,38,King’s College London,78.7,380,64.2,61,72.1,46,95.5,37,72.3,459,96.9,19,i-27192485,master_account,0,/world-university-rankings/kings-college-london,520,United Kingdom,"34,410",12.6,52%,64 : 36,King’s College London,False,False,False,
390,39,Zhejiang University,78.3,390,75.0,32,78.4,32,84.3,224,100.0,37,55.5,741,i-45799183,master_account,0,/world-university-rankings/zhejiang-university,815,China,"54,313",13.0,14%,,Zhejiang University ZJU Zhejiang University China research,False,False,False,
400,40,Shanghai Jiao Tong University,77.6,400,75.4,31,79.1,30,80.2,336,100.0,24,57.7,687,i-49455431,master_account,0,/world-university-rankings/shanghai-jiao-tong-university,801,China,"41,507",12.5,11%,36 : 64,Shanghai Jiao Tong University SJTU,False,False,False,
410,41,Georgia Institute of Technology,77.1,410,60.8,73,75.8,37,90.4,108,99.1,88,81.5,245,i-55860137,public,0,/world-university-rankings/georgia-institute-technology,488,United States,"33,325",28.3,32%,34 : 66,Georgia Institute of Technology,False,False,False,https://www.timeshighereducation.com/student/register-interest/shorelight?utm_medium=thewebsite&utm_campaign=cta-link&utm_source=rankings&iid=i-55860137
420,42,McGill University,77.1,420,71.0,42,70.8,50,86.2,190,77.5,364,89.2,140,i-09910272,master_account,11,/world-university-rankings/mcgill-university,492,Canada,"30,196",11.7,29%,61 : 39,McGill University,False,False,False,https://www.timeshighereducation.com/student/register-interest/applyboard?utm_medium=thewebsite&utm_campaign=cta-link&utm_source=rankings&iid=i-09910272
430,43,The Chinese University of Hong Kong,77.1,430,63.2,66,63.8,65,97.9,11,90.9,200,92.1,94,i-96045751,master_account,11,/world-university-rankings/chinese-university-hong-kong,662356,Hong Kong,"18,461",18.2,25%,,The Chinese University of Hong Kong CUHK Chinese University of Hong Kong Chinese U,False,False,False,
440,44,University of Illinois at Urbana-Champaign,77.1,440,67.9,52,80.7,28,85.3,209,84.4,273,62.3,574,i-24020534,public,0,/world-university-rankings/university-illinois-urbana-champaign,495,United States,"50,640",18.9,23%,47 : 53,University of Illinois at Urbana-Champaign,False,False,False,https://www.timeshighereducation.com/student/register-interest/shorelight?utm_medium=thewebsite&utm_campaign=cta-link&utm_source=rankings&iid=i-24020534
450,45,University of British Columbia,77.0,450,64.1,63,73.9,44,88.6,139,77.4,367,93.5,67,i-91511981,master_account,0,/world-university-rankings/university-british-columbia,486,Canada,"60,112",18.7,34%,55 : 45,University of British Columbia,False,False,False,https://www.timeshighereducation.com/student/register-interest/applyboard?utm_medium=thewebsite&utm_campaign=cta-link&utm_source=rankings&iid=i-91511981
460,46,KU Leuven,76.8,460,61.3,70,73.8,45,91.3,93,100.0,12,79.2,283,i-14499434,master_account,11,/world-university-rankings/ku-leuven,531,Belgium,"50,336",37.1,21%,52 : 48,KU Leuven,False,False,False,
470,47,"University of California, San Diego",76.6,470,66.4,58,63.7,66,97.1,18,100.0,33,71.3,418,i-62118223,public,0,/world-university-rankings/university-california-san-diego,497,United States,"40,586",9.8,23%,51 : 49,"University of California, San Diego",False,False,False,https://www.timeshighereducation.com/student/register-interest/shorelight?utm_medium=thewebsite&utm_campaign=cta-link&utm_source=rankings&iid=i-62118223
480,48,Paris Sciences et Lettres – PSL Research University Paris,76.5,480,74.2,34,71.8,47,79.8,350,99.7,68,77.9,303,i-09688364,master_account,0,/world-university-rankings/paris-sciences-et-lettres-psl-research-university-paris,615804,France,"15,646",14.5,20%,52 : 48,Paris Sciences et Lettres – PSL Research University Paris,False,False,False,
490,49,Universität Heidelberg,76.3,490,68.3,49,61.4,75,95.3,39,93.7,159,80.2,269,i-09424225,master_account,11,/world-university-rankings/universitat-heidelberg,537,Germany,"20,091",8.0,24%,56 : 44,Universität Heidelberg,False,False,False,
500,50,University of Texas at Austin,75.8,500,67.8,53,76.0,36,90.1,113,82.3,297,46.2,1067,i-33268802,public,0,/world-university-rankings/university-texas-austin,493,United States,"51,158",17.0,10%,56 : 44,University of Texas at Austin,False,False,False,https://www.timeshighereducation.com/student/register-interest/shorelight?utm_medium=thewebsite&utm_campaign=cta-link&utm_source=rankings&iid=i-33268802
510,51,University of Science and Technology of China,75.7,510,72.9,38,69.8,53,89.0,131,98.9,97,43.2,1171,i-67053143,master_account,11,/world-university-rankings/university-science-and-technology-china,656,China,"22,955",8.2,5%,,University of Science and Technology of China USTC China University of Science and Technology,False,False,False,
520,52,London School of Economics and Political Science,75.4,520,60.5,75,71.2,48,93.4,60,46.8,1008,94.2,55,i-89868061,master_account,0,/world-university-rankings/london-school-economics-and-political-science,511,United Kingdom,"12,625",12.3,72%,57 : 43,London School of Economics and Political Science,False,False,False,https://www.timeshighereducation.com/student/register-interest/siuk?utm_medium=thewebsite&utm_campaign=cta-link&utm_source=rankings&iid=i-89868061
530,53,Karolinska Institute,75.0,530,59.6,80,66.0,61,95.5,36,94.7,151,77.8,305,i-94134154,master_account,0,/world-university-rankings/karolinska-institute,496,Sweden,"8,123",9.8,23%,70 : 30,Karolinska Institute,False,False,False,
540,54,The University of Sydney,75.0,540,59.2,82,67.5,57,91.5,91,98.9,96,88.2,160,i-42598531,master_account,1,/world-university-rankings/university-sydney,522,Australia,"51,531",22.4,53%,,The University of Sydney UniSyd,False,False,False,
550,55,University of Wisconsin-Madison,75.0,550,70.3,44,68.8,55,88.0,149,82.6,294,62.0,586,i-96030823,public,0,/world-university-rankings/university-wisconsin-madison,491,United States,"45,254",10.7,15%,,University of Wisconsin-Madison,False,False,False,https://www.timeshighereducation.com/student/register-interest/shorelight?utm_medium=thewebsite&utm_campaign=cta-link&utm_source=rankings&iid=i-96030823
560,56,University of Manchester,74.9,560,61.2,72,65.9,62,92.4,71,74.0,426,94.5,49,i-29944014,master_account,11,/world-university-rankings/university-manchester,512,United Kingdom,"43,470",14.9,46%,57 : 43,University of Manchester,False,False,False,https://www.timeshighereducation.com/student/register-interest/siuk?utm_medium=thewebsite&utm_campaign=cta-link&utm_source=rankings&iid=i-29944014
570,57,Delft University of Technology,74.3,570,64.1,62,75.1,40,75.5,455,100.0,5,92.1,91,i-20797283,master_account,0,/world-university-rankings/delft-university-technology,568,Netherlands,"21,410",14.8,35%,32 : 68,Delft University of Technology,False,False,False,
580,58,Monash University,74.1,580,54.3,104,65.5,63,94.0,52,99.6,76,91.9,98,i-45738353,master_account,0,/world-university-rankings/monash-university,581,Australia,"56,287",30.6,36%,54 : 46,Monash University,False,False,False,https://www.timeshighereducation.com/student/register-interest/aecc?utm_medium=thewebsite&utm_campaign=cta-link&utm_source=rankings&iid=i-45738353
590,59,Seoul National University,74.1,590,74.1,35,74.8,41,77.6,399,100.0,23,43.5,1154,i-38882959,master_account,0,/world-university-rankings/seoul-national-university,588,South Korea,"26,783",15.3,16%,,Seoul National University,False,False,False,
600,60,The Hong Kong University of Science and Technology,74.1,600,56.2,97,60.6,80,95.6,32,100.0,27,97.2,17,i-11908561,master_account,11,/world-university-rankings/hong-kong-university-science-and-technology,526,Hong Kong,"8,912",14.3,48%,,The Hong Kong University of Science and Technology hkust,False,False,False,
610,61,Kyoto University,74.0,610,86.4,18,82.7,27,56.9,982,100.0,13,45.6,1080,i-78989141,master_account,0,/world-university-rankings/kyoto-university,516,Japan,"21,617",9.0,11%,25 : 75,Kyoto University,False,False,False,
620,62,Nanjing University,73.7,620,69.6,46,66.2,60,85.1,212,99.6,77,59.6,633,i-33282652,master_account,0,/world-university-rankings/nanjing-university,727,China,"34,217",14.1,10%,59 : 41,Nanjing University,False,False,False,
630,63,University of Amsterdam,73.7,630,55.4,99,63.6,67,96.6,23,76.0,387,92.5,87,i-89925363,master_account,1,/world-university-rankings/university-amsterdam,556,Netherlands,"31,035",12.6,39%,60 : 40,University of Amsterdam uva,False,False,False,
640,64,"University of California, Davis",72.8,640,63.9,64,66.4,58,84.9,213,86.5,249,77.1,314,i-62049829,public,0,/world-university-rankings/university-california-davis,503,United States,"38,565",13.6,22%,58 : 42,"University of California, Davis",False,False,False,https://www.timeshighereducation.com/student/register-interest/shorelight?utm_medium=thewebsite&utm_campaign=cta-link&utm_source=rankings&iid=i-62049829
650,65,Brown University,72.6,650,70.0,45,61.0,76,87.4,166,69.6,523,69.9,439,i-47263781,private,0,/world-university-rankings/brown-university,513,United States,"10,887",10.3,22%,,Brown University,False,False,False,https://www.timeshighereducation.com/student/register-interest/shorelight?utm_medium=thewebsite&utm_campaign=cta-link&utm_source=rankings&iid=i-47263781
660,66,Wageningen University & Research,72.2,660,58.6,85,58.4,88,90.4,109,99.5,82,91.6,106,i-77136163,master_account,11,/world-university-rankings/wageningen-university-research,540,Netherlands,"15,905",16.9,31%,54 : 46,Wageningen University & Research,False,False,False,
670,67,Washington University in St Louis,72.0,670,60.8,74,56.2,104,97.5,15,74.5,421,73.8,376,i-93859583,private,0,/world-university-rankings/washington-university-st-louis,505,United States,"15,165",8.2,28%,52 : 48,Washington University in St Louis,False,False,False,
680,68,Institut Polytechnique de Paris,71.6,680,71.8,41,62.4,72,70.9,592,99.1,89,95.1,38,i-37258437,master_account,0,/world-university-rankings/institut-polytechnique-de-paris,688843,France,"6,217",7.6,43%,23 : 77,Institut Polytechnique de Paris,False,False,False,
690,69,Université Paris-Saclay,71.6,690,67.9,51,62.2,73,80.6,324,92.4,180,76.0,333,i-14869134,master_account,0,/world-university-rankings/universite-paris-saclay,699920,France,"32,807",14.0,25%,50 : 50,Université Paris-Saclay,False,False,False,
700,70,Korea Advanced Institute of Science and Technology (KAIST),71.3,700,66.7,57,67.5,56,82.4,278,100.0,11,44.2,1133,i-77358701,master_account,0,/world-university-rankings/korea-advanced-institute-science-and-technology-kaist,558,South Korea,"10,728",11.9,11%,24 : 76,Korea Advanced Institute of Science and Technology (KAIST),False,False,False,
710,71,Leiden University,71.3,710,49.3,149,63.3,68,93.6,59,99.1,90,85.2,199,i-19118802,master_account,6,/world-university-rankings/leiden-university,543,Netherlands,"34,441",17.6,22%,58 : 42,Leiden University,False,False,False,
720,72,"University of California, Santa Barbara",71.2,720,50.3,135,63.2,69,94.5,45,92.7,175,80.2,270,i-69587594,public,0,/world-university-rankings/university-california-santa-barbara,499,United States,"25,735",22.9,18%,55 : 45,"University of California, Santa Barbara",False,False,False,https://www.timeshighereducation.com/student/register-interest/shorelight?utm_medium=thewebsite&utm_campaign=cta-link&utm_source=rankings&iid=i-69587594
730,73,Australian National University,71.1,730,56.7,93,62.6,71,85.7,198,86.3,252,94.2,54,i-78601931,master_account,11,/world-university-rankings/australian-national-university,502,Australia,"17,243",13.3,51%,54 : 46,Australian National University anu,False,False,False,https://www.timeshighereducation.com/student/register-interest/aecc?utm_medium=thewebsite&utm_campaign=cta-link&utm_source=rankings&iid=i-78601931
740,74,City University of Hong Kong,71.1,740,56.5,95,52.7,121,92.7,67,100.0,4,98.4,4,i-85768362,master_account,11,/world-university-rankings/city-university-hong-kong,657,Hong Kong,"8,219",12.4,76%,54 : 46,City University of Hong Kong CityU HK,False,False,False,
750,75,University of Southern California,71.1,750,59.8,78,59.6,83,92.7,68,74.9,408,71.5,415,i-74975443,private,0,/world-university-rankings/university-southern-california,519,United States,"42,840",13.3,27%,53 : 47,University of Southern California,False,False,False,https://www.timeshighereducation.com/student/register-interest/shorelight?utm_medium=thewebsite&utm_campaign=cta-link&utm_source=rankings&iid=i-74975443
760,76,Boston University,70.4,760,61.2,71,56.5,102,91.8,82,72.4,456,73.2,385,i-74571941,private,0,/world-university-rankings/boston-university,518,United States,"29,239",11.4,33%,58 : 42,Boston University,False,False,False,https://www.timeshighereducation.com/student/register-interest/shorelight?utm_medium=thewebsite&utm_campaign=cta-link&utm_source=rankings&iid=i-74571941
770,77,Sorbonne University,70.4,770,67.6,55,59.2,84,81.6,296,73.1,443,78.4,299,i-03109673,master_account,0,/world-university-rankings/sorbonne-university,644699,France,"38,923",13.6,23%,61 : 39,Sorbonne University,False,False,False,
780,78,University of North Carolina at Chapel Hill,70.3,780,63.8,65,59.6,82,91.3,96,75.9,388,49.9,920,i-95855921,public,0,/world-university-rankings/university-north-carolina-chapel-hill,507,United States,"34,813",8.0,10%,61 : 39,University of North Carolina at Chapel Hill,False,False,False,https://www.timeshighereducation.com/student/register-interest/shorelight?utm_medium=thewebsite&utm_campaign=cta-link&utm_source=rankings&iid=i-95855921
790,79,UNSW Sydney,70.0,790,50.2,139,57.7,92,91.9,81,96.7,127,93.7,62,i-95988771,master_account,6,/world-university-rankings/unsw-sydney,638,Australia,"47,144",32.5,44%,45 : 55,UNSW Sydney unsw australia unsw,False,False,False,
800,80,The Hong Kong Polytechnic University,69.7,800,51.9,118,55.4,109,91.8,84,86.5,247,97.3,14,i-99281461,master_account,11,/world-university-rankings/hong-kong-polytechnic-university,723,Hong Kong,"18,636",17.8,42%,50 : 50,The Hong Kong Polytechnic University PolyU Poly U HK PolyU,False,False,False,
810,81,The University of Queensland,69.7,810,50.9,129,60.9,77,87.6,159,97.6,118,91.2,112,i-41140762,master_account,11,/world-university-rankings/university-queensland,538,Australia,"41,295",23.6,43%,54 : 46,The University of Queensland UQ UOQ,False,False,False,
820,82,University of Bristol,69.7,820,51.4,123,56.5,103,94.4,46,74.6,418,91.8,100,i-18580012,master_account,0,/world-university-rankings/university-bristol,530,United Kingdom,"29,680",14.2,35%,56 : 44,University of Bristol,False,False,False,
830,83,University of Groningen,69.3,830,47.4,176,55.9,107,94.1,50,99.7,72,91.7,103,i-39837162,master_account,0,/world-university-rankings/university-groningen,598,Netherlands,"33,098",23.4,28%,54 : 46,University of Groningen,False,False,False,
840,84,University of Glasgow,68.9,840,50.6,130,52.2,126,95.9,29,73.2,441,95.5,34,i-12600602,master_account,11,/world-university-rankings/university-glasgow,566,United Kingdom,"34,075",13.4,45%,60 : 40,University of Glasgow,False,False,False,
850,85,Purdue University West Lafayette,68.8,850,62.1,67,66.3,59,73.8,497,86.3,254,75.2,352,i-32236813,public,0,/world-university-rankings/purdue-university-west-lafayette,562,United States,"43,555",18.5,20%,43 : 57,Purdue University West Lafayette,False,False,False,https://www.timeshighereducation.com/student/register-interest/shorelight?utm_medium=thewebsite&utm_campaign=cta-link&utm_source=rankings&iid=i-32236813
860,86,Yonsei University (Seoul campus),68.5,860,58.7,83,57.4,94,87.8,155,100.0,36,55.7,736,i-58190972,master_account,0,/world-university-rankings/yonsei-university-seoul-campus,622314,South Korea,"19,066",15.3,17%,51 : 49,Yonsei University (Seoul campus),False,False,False,
870,87,Sungkyunkwan University (SKKU),68.3,870,60.2,77,57.5,93,83.4,256,99.7,70,64.3,528,i-25081233,master_account,11,/world-university-rankings/sungkyunkwan-university-skku,805,South Korea,"19,012",15.8,22%,49 : 51,Sungkyunkwan University (SKKU),False,False,False,
880,88,University of Minnesota,67.5,880,60.3,76,59.0,85,84.1,231,99.9,49,44.7,1120,i-25162572,public,0,/world-university-rankings/university-minnesota,506,United States,"58,751",11.9,9%,55 : 45,University of Minnesota,False,False,False,https://www.timeshighereducation.com/student/register-interest/shorelight?utm_medium=thewebsite&utm_campaign=cta-link&utm_source=rankings&iid=i-25162572
890,89,Humboldt University of Berlin,67.2,890,52.6,113,60.6,79,85.5,204,65.9,620,77.6,307,i-97516374,master_account,0,/world-university-rankings/humboldt-university-berlin,573,Germany,"34,833",42.1,18%,,Humboldt University of Berlin,False,False,False,
900,90,University of Copenhagen,67.1,900,51.3,125,52.2,125,91.3,95,92.8,174,76.6,320,i-60133392,master_account,0,/world-university-rankings/university-copenhagen,599,Denmark,"31,425",4.2,14%,63 : 37,University of Copenhagen,False,False,False,
910,91,Charité - Universitätsmedizin Berlin,66.9,910,47.2,181,48.7,145,98.2,9,100.0,3,72.4,400,i-78024773,master_account,0,/world-university-rankings/charite-universitatsmedizin-berlin,131692,Germany,"9,520",18.1,21%,65 : 35,Charité - Universitätsmedizin Berlin,False,False,False,
920,92,RWTH Aachen University,66.7,920,54.9,102,63.0,70,76.7,421,100.0,22,70.3,432,i-29503513,master_account,0,/world-university-rankings/rwth-aachen-university,632,Germany,"27,662",35.1,33%,35 : 65,RWTH Aachen University,False,False,False,
930,93,University of Bonn,66.7,930,51.5,122,56.6,101,88.5,142,78.7,352,71.8,411,i-35335957,master_account,0,/world-university-rankings/university-bonn,868,Germany,"24,491",34.1,16%,58 : 42,University of Bonn,False,False,False,
940,94,Vanderbilt University,66.7,940,53.8,109,48.1,152,95.6,35,91.9,190,60.8,606,i-72359222,private,0,/world-university-rankings/vanderbilt-university,534,United States,"12,863",3.8,18%,55 : 45,Vanderbilt University,False,False,False,https://www.timeshighereducation.com/student/register-interest/shorelight?utm_medium=thewebsite&utm_campaign=cta-link&utm_source=rankings&iid=i-72359222
950,95,Lund University,66.6,950,49.1,153,56.7,99,85.7,200,99.7,66,79.2,284,i-00204694,master_account,0,/world-university-rankings/lund-university,544,Sweden,"23,748",10.2,22%,56 : 44,Lund University,False,False,False,
960,96,University of Vienna,66.6,960,50.0,142,60.9,78,79.8,351,80.0,330,94.0,59,i-08487611,master_account,0,/world-university-rankings/university-vienna,603,Austria,"30,228",36.6,34%,65 : 35,University of Vienna,False,False,False,
970,97,"University of California, Irvine",66.4,970,47.8,168,52.8,119,91.2,97,98.4,105,76.3,330,i-49530901,public,0,/world-university-rankings/university-california-irvine,550,United States,"35,079",15.3,24%,54 : 46,"University of California, Irvine",False,False,False,https://www.timeshighereducation.com/student/register-interest/shorelight?utm_medium=thewebsite&utm_campaign=cta-link&utm_source=rankings&iid=i-49530901
980,98,KTH Royal Institute of Technology,66.3,980,51.1,127,57.3,95,79.7,352,97.2,120,90.5,121,i-64030373,master_account,6,/world-university-rankings/kth-royal-institute-technology,651,Sweden,"15,263",18.2,28%,31 : 69,KTH Royal Institute of Technology,False,False,False,
990,99,University of Birmingham,66.3,990,47.7,172,48.4,148,93.7,58,74.2,425,94.3,53,i-24885315,master_account,0,/world-university-rankings/university-birmingham,612,United Kingdom,"34,145",14.6,35%,56 : 44,University of Birmingham,False,False,False,https://www.timeshighereducation.com/student/register-interest/siuk?utm_medium=thewebsite&utm_campaign=cta-link&utm_source=rankings&iid=i-24885315
1000,100,University of Tübingen,66.3,1000,49.1,155,53.8,114,89.0,132,98.6,100,74.6,365,i-81391611,master_account,0,/world-university-rankings/university-tubingen,652,Germany,"21,627",22.5,15%,59 : 41,University of Tübingen,False,False,False,
1010,101,Aarhus University,66.2,1010,48.6,159,58.8,86,83.9,238,99.8,52,75.3,347,i-06644763,master_account,0,/world-university-rankings/aarhus-university,589,Denmark,"25,370",12.8,12%,60 : 40,Aarhus University,False,False,False,
1020,102,Emory University,65.9,1020,53.8,108,46.2,176,94.6,43,82.8,288,66.4,482,i-20903556,private,0,/world-university-rankings/emory-university,539,United States,"13,652",4.0,20%,61 : 39,Emory University,False,False,False,https://www.timeshighereducation.com/student/register-interest/shorelight?utm_medium=thewebsite&utm_campaign=cta-link&utm_source=rankings&iid=i-20903556
1030,103,Rice University,65.8,1030,56.7,94,46.8,164,88.1,146,72.9,448,82.6,229,i-26979505,private,0,/world-university-rankings/rice-university,536,United States,"8,223",10.3,31%,43 : 57,Rice University,False,False,False,https://www.timeshighereducation.com/student/register-interest/shorelight?utm_medium=thewebsite&utm_campaign=cta-link&utm_source=rankings&iid=i-26979505
1040,104,Tohoku University,65.8,1040,70.9,43,70.8,51,52.8,1101,100.0,30,59.2,647,i-17479913,master_account,0,/world-university-rankings/tohoku-university,584,Japan,"17,349",12.6,13%,28 : 72,Tohoku University,False,False,False,
1050,105,Michigan State University,65.7,1050,57.1,91,55.9,106,82.7,274,69.9,519,67.3,474,i-58650993,public,0,/world-university-rankings/michigan-state-university,560,United States,"45,537",16.5,10%,53 : 47,Michigan State University,False,False,False,https://www.timeshighereducation.com/student/register-interest/shorelight?utm_medium=thewebsite&utm_campaign=cta-link&utm_source=rankings&iid=i-58650993
1060,106,University of Helsinki,65.7,1060,50.4,133,57.3,96,90.1,112,70.7,501,58.6,662,i-27008023,master_account,0,/world-university-rankings/university-helsinki,555,Finland,"22,974",15.8,7%,68 : 32,University of Helsinki,False,False,False,
1070,107,Erasmus University Rotterdam,65.6,1070,38.5,389,52.9,117,95.9,28,89.2,210,87.1,177,i-57082634,master_account,1,/world-university-rankings/erasmus-university-rotterdam,621,Netherlands,"31,507",21.1,26%,54 : 46,Erasmus University Rotterdam,False,False,False,
1080,108,Ohio State University (Main campus),65.4,1080,57.4,89,51.7,128,85.7,201,85.4,262,58.4,666,i-88908463,public,0,/world-university-rankings/ohio-state-university-main-campus,521,United States,"54,645",9.8,12%,52 : 48,Ohio State University (Main campus),False,False,False,https://www.timeshighereducation.com/student/register-interest/shorelight?utm_medium=thewebsite&utm_campaign=cta-link&utm_source=rankings&iid=i-88908463
1090,109,Penn State (Main campus),65.4,1090,54.8,103,61.9,74,80.4,329,70.8,493,57.8,682,i-63396649,public,0,/world-university-rankings/penn-state-main-campus,515,United States,"48,746",15.1,16%,47 : 53,Penn State (Main campus),False,False,False,https://www.timeshighereducation.com/student/register-interest/shorelight?utm_medium=thewebsite&utm_campaign=cta-link&utm_source=rankings&iid=i-63396649
1100,110,University of Bern,65.4,1100,46.6,192,47.0,162,92.0,78,99.4,84,86.3,186,i-17819014,master_account,0,/world-university-rankings/university-bern,576,Switzerland,"11,959",17.4,18%,59 : 41,University of Bern,False,False,False,
1110,111,University of Sheffield,65.4,1110,49.7,144,49.1,143,88.3,144,79.4,338,90.4,123,i-51616042,master_account,0,/world-university-rankings/university-sheffield,565,United Kingdom,"29,305",15.2,41%,53 : 47,University of Sheffield united kingdom UK Sheffield,False,False,False,https://www.timeshighereducation.com/student/register-interest/siuk?utm_medium=thewebsite&utm_campaign=cta-link&utm_source=rankings&iid=i-51616042
1120,112,University of Massachusetts,65.3,1120,55.0,101,46.6,169,87.9,152,88.6,220,75.0,357,i-88328014,master_account,0,/world-university-rankings/university-massachusetts,528,United States,"62,471",12.8,15%,51 : 49,University of Massachusetts,False,False,False,https://www.timeshighereducation.com/student/register-interest/shorelight?utm_medium=thewebsite&utm_campaign=cta-link&utm_source=rankings&iid=i-88328014
1130,113,Free University of Berlin,65.2,1130,50.2,136,58.3,89,82.2,282,72.4,457,79.5,280,i-95814621,master_account,0,/world-university-rankings/free-university-berlin,617,Germany,"24,851",43.9,24%,63 : 37,Free University of Berlin,False,False,False,
1140,114,University of Oslo,65.2,1140,47.8,170,52.5,124,90.3,110,75.2,401,76.5,325,i-58407012,master_account,0,/world-university-rankings/university-oslo,647,Norway,"20,102",11.7,18%,64 : 36,University of Oslo,False,False,False,
1150,115,Ghent University,65.1,1150,48.8,157,58.6,87,82.7,272,99.9,39,65.9,495,i-18869066,master_account,0,/world-university-rankings/ghent-university,570,Belgium,"42,572",37.8,14%,58 : 42,Ghent University,False,False,False,
1160,116,McMaster University,65.0,1160,42.2,282,49.3,141,93.1,64,100.0,16,84.6,204,i-01180873,master_account,11,/world-university-rankings/mcmaster-university,529,Canada,"28,647",28.8,23%,57 : 43,McMaster University,False,False,False,
1170,117,"University of Maryland, College Park",65.0,1170,50.4,134,58.3,90,89.1,128,69.5,527,48.9,975,i-76110123,public,0,/world-university-rankings/university-maryland-college-park,559,United States,"33,483",16.3,10%,50 : 50,"University of Maryland, College Park",False,False,False,https://www.timeshighereducation.com/student/register-interest/shorelight?utm_medium=thewebsite&utm_campaign=cta-link&utm_source=rankings&iid=i-76110123
1180,118,University of Leeds,64.9,1180,48.3,164,50.3,132,87.2,175,71.6,471,93.6,64,i-90575012,master_account,0,/world-university-rankings/university-leeds,597,United Kingdom,"35,600",14.4,39%,60 : 40,University of Leeds,False,False,False,https://www.timeshighereducation.com/student/register-interest/siuk?utm_medium=thewebsite&utm_campaign=cta-link&utm_source=rankings&iid=i-90575012
1190,119,University of Alberta,64.6,1190,49.1,154,55.4,110,78.1,386,100.0,32,88.4,153,i-20147712,master_account,11,/world-university-rankings/university-alberta,564,Canada,"33,938",21.6,28%,,University of Alberta,False,False,False,https://www.timeshighereducation.com/student/register-interest/applyboard?utm_medium=thewebsite&utm_campaign=cta-link&utm_source=rankings&iid=i-20147712
1200,120,University of Basel,64.5,1200,50.2,138,42.8,221,87.5,164,99.8,60,94.2,56,i-84512751,master_account,0,/world-university-rankings/university-basel,575,Switzerland,"8,655",11.1,32%,57 : 43,University of Basel,False,False,False,
1210,121,Technical University of Denmark,64.4,1210,51.2,126,46.5,172,82.6,276,99.9,45,93.0,77,i-88825848,master_account,0,/world-university-rankings/technical-university-denmark,643,Denmark,"11,254",8.8,37%,34 : 66,Technical University of Denmark,False,False,False,
1220,122,University of Göttingen,64.1,1220,49.4,146,52.7,122,87.2,174,71.0,485,70.1,437,i-21059263,master_account,0,/world-university-rankings/university-gottingen,533,Germany,"19,783",22.1,14%,54 : 46,University of Göttingen,False,False,False,
1230,123,University of Warwick,64.1,1230,48.1,166,49.3,142,85.6,203,69.4,529,95.6,32,i-26364423,master_account,0,/world-university-rankings/university-warwick,622,United Kingdom,"26,515",13.2,44%,50 : 50,University of Warwick,False,False,False,https://www.timeshighereducation.com/student/register-interest/siuk?utm_medium=thewebsite&utm_campaign=cta-link&utm_source=rankings&iid=i-26364423
1240,124,Wuhan University,64.1,1240,54.0,107,48.4,150,90.1,114,99.7,73,41.6,1223,i-43069742,master_account,0,/world-university-rankings/wuhan-university,863,China,"49,045",13.5,6%,,Wuhan University,False,False,False,
1250,125,University of Hamburg,63.7,1250,45.7,206,52.8,120,87.1,179,99.8,61,63.6,545,i-83007657,master_account,0,/world-university-rankings/university-hamburg,701,Germany,"28,389",55.3,13%,58 : 42,University of Hamburg,False,False,False,
1260,126,University of Lausanne,63.7,1260,44.3,236,46.1,179,89.0,130,99.4,85,88.4,154,i-51124313,master_account,0,/world-university-rankings/university-lausanne,580,Switzerland,"14,241",9.8,23%,,University of Lausanne,False,False,False,
1270,127,University of Rochester,63.6,1270,51.8,120,44.5,196,86.3,188,92.0,187,78.1,302,i-49369082,private,0,/world-university-rankings/university-rochester,545,United States,"10,505",8.1,36%,52 : 48,University of Rochester,False,False,False,https://www.timeshighereducation.com/student/register-interest/shorelight?utm_medium=thewebsite&utm_campaign=cta-link&utm_source=rankings&iid=i-49369082
1280,128,Uppsala University,63.5,1280,47.4,177,54.9,113,81.3,307,95.0,150,71.5,416,i-28661688,master_account,0,/world-university-rankings/uppsala-university,551,Sweden,"20,953",10.9,18%,59 : 41,Uppsala University,False,False,False,
1290,129,University of Southampton,63.4,1290,44.6,227,45.4,182,89.6,119,73.1,447,96.1,27,i-58225932,master_account,0,/world-university-rankings/university-southampton,593,United Kingdom,"24,355",14.3,46%,54 : 46,University of Southampton,False,False,False,https://www.timeshighereducation.com/student/register-interest/siuk?utm_medium=thewebsite&utm_campaign=cta-link&utm_source=rankings&iid=i-58225932
1300,130,University of Bologna,63.3,1300,54.2,106,50.1,134,83.3,261,82.5,296,59.7,628,i-44501351,master_account,11,/world-university-rankings/university-bologna,692,Italy,"75,831",22.4,16%,58 : 42,University of Bologna,False,False,False,
1310,131,Harbin Institute of Technology,63.2,1310,57.2,90,57.7,91,77.2,409,100.0,8,32.5,1625,i-50196571,master_account,11,/world-university-rankings/harbin-institute-technology,827,China,"32,375",11.0,4%,,Harbin Institute of Technology,False,False,False,
1320,132,Maastricht University,63.2,1320,41.4,300,46.1,177,88.3,143,98.3,106,96.7,20,i-73562473,master_account,6,/world-university-rankings/maastricht-university,663,Netherlands,"21,903",16.4,60%,60 : 40,Maastricht University,False,False,False,
1330,133,Adelaide University,63,1330,38.3,395,48.9,144,89.5,120,99.7,64,89.8,130,i-84655561,master_account,11,/world-university-rankings/adelaide-university,733927,Australia,"43,623",30.4,27%,55 : 45,Adelaide University,False,False,False,
1340,134,Lomonosov Moscow State University,63.0,1340,80.9,23,69.7,54,32.9,1614,93.4,163,71.6,414,i-45512141,master_account,0,/world-university-rankings/lomonosov-moscow-state-university,753,Russian Federation,"31,603",9.7,38%,51 : 49,Lomonosov Moscow State University,False,False,True,
1350,135,Beijing Normal University,62.9,1350,59.6,79,49.3,140,80.9,314,89.1,211,42.4,1192,i-43152461,master_account,0,/world-university-rankings/beijing-normal-university,623625,China,"29,655",15.5,7%,,Beijing Normal University,False,False,False,
1360,136,Queen Mary University of London,62.9,1360,38.7,384,42.6,225,95.7,31,76.5,381,97.5,11,i-75315437,master_account,0,/world-university-rankings/queen-mary-university-london,131678,United Kingdom,"25,135",14.3,46%,53 : 47,Queen Mary University of London,False,False,False,
1370,137,University of Florida,62.9,1370,55.3,100,56.7,100,76.2,431,90.9,201,48.9,974,i-25479123,public,0,/world-university-rankings/university-florida,590,United States,"47,815",15.5,10%,56 : 44,University of Florida,False,False,False,https://www.timeshighereducation.com/student/register-interest/shorelight?utm_medium=thewebsite&utm_campaign=cta-link&utm_source=rankings&iid=i-25479123
1380,138,Scuola Normale Superiore di Pisa,62.8,1380,58.6,84,46.9,163,86.4,186,37.7,1195,59.3,640,i-72958453,master_account,0,/world-university-rankings/scuola-normale-superiore-di-pisa,1019,Italy,700,8.8,11%,30 : 70,Scuola Normale Superiore di Pisa,False,False,False,
1390,139,University of Arizona,62.6,1390,48.3,163,52.5,123,86.1,192,80.6,322,53.7,793,i-84754683,public,0,/world-university-rankings/university-arizona,561,United States,"52,414",20.9,7%,57 : 43,University of Arizona,False,False,False,https://www.timeshighereducation.com/student/into-university-partnerships?utm_medium=thewebsite&utm_campaign=cta-link&utm_source=rankings&iid=i-84754683
1400,140,University of Freiburg,62.6,1400,46.7,187,47.4,157,84.5,220,99.7,71,77.1,315,i-33338764,master_account,0,/world-university-rankings/university-freiburg,653,Germany,"20,405",19.6,18%,55 : 45,University of Freiburg,False,False,False,
1410,141,National Taiwan University (NTU),62.5,1410,59.4,81,54.9,112,68.6,645,100.0,18,59.2,646,i-41404939,master_account,0,/world-university-rankings/national-taiwan-university-ntu,618,Taiwan,"18,743",9.7,24%,44 : 56,National Taiwan University (NTU),False,False,False,
1420,142,Pohang University of Science and Technology (POSTECH),62.3,1420,58.3,86,49.5,138,79.2,363,100.0,21,39.9,1286,i-57584321,master_account,0,/world-university-rankings/pohang-university-science-and-technology-postech,517,South Korea,"3,234",9.2,7%,,Pohang University of Science and Technology (POSTECH) postech,False,False,False,
1430,143,Tongji University,62.3,1430,53.2,111,53.6,115,74.3,489,99.9,46,63.5,548,i-00028182,master_account,0,/world-university-rankings/tongji-university,984,China,"33,414",11.9,16%,41 : 59,Tongji University,False,False,False,
1440,144,University of Liverpool,62.2,1440,43.5,250,42.0,235,91.2,98,68.0,566,95.0,41,i-48205864,master_account,11,/world-university-rankings/university-liverpool,646,United Kingdom,"26,770",13.9,33%,55 : 45,University of Liverpool,False,False,False,https://www.timeshighereducation.com/student/register-interest/siuk?utm_medium=thewebsite&utm_campaign=cta-link&utm_source=rankings&iid=i-48205864
1450,145,Newcastle University,62.1,1450,39.8,343,43.2,214,93.0,65,80.0,328,89.5,131,i-02421202,master_account,11,/world-university-rankings/newcastle-university,610,United Kingdom,"26,400",15.0,28%,54 : 46,Newcastle University,False,False,False,https://www.timeshighereducation.com/student/register-interest/siuk?utm_medium=thewebsite&utm_campaign=cta-link&utm_source=rankings&iid=i-02421202
1460,146,Case Western Reserve University,62.0,1460,51.8,119,42.2,232,88.7,135,74.9,406,64.6,519,i-36123924,private,0,/world-university-rankings/case-western-reserve-university,557,United States,"11,514",9.9,26%,51 : 49,Case Western Reserve University,False,False,False,https://www.timeshighereducation.com/student/register-interest/shorelight?utm_medium=thewebsite&utm_campaign=cta-link&utm_source=rankings&iid=i-36123924
1470,147,University of Barcelona,62.0,1470,44.0,241,47.8,154,88.5,141,92.4,181,64.6,522,i-64374693,master_account,11,/world-university-rankings/university-barcelona,667,Spain,"45,016",14.9,12%,64 : 36,University of Barcelona,False,False,False,
1480,148,University of Macau,62.0,1480,40.2,330,40.9,253,92.9,66,87.0,238,92.5,88,i-13438763,master_account,11,/world-university-rankings/university-macau,1027,Macao,"12,258",19.4,51%,53 : 47,University of Macau,False,False,False,
1490,149,University of Nottingham,62.0,1490,45.8,205,43.3,210,87.3,171,72.1,462,91.8,101,i-18193873,master_account,0,/world-university-rankings/university-nottingham,604,United Kingdom,"35,470",15.5,28%,55 : 45,University of Nottingham,False,False,False,https://www.timeshighereducation.com/student/register-interest/siuk?utm_medium=thewebsite&utm_campaign=cta-link&utm_source=rankings&iid=i-18193873
1500,150,University of Technology Sydney,62.0,1500,36.8,455,42.6,226,94.1,51,88.7,218,92.9,81,i-45696367,master_account,0,/world-university-rankings/university-technology-sydney,906,Australia,"29,729",37.7,26%,51 : 49,University of Technology Sydney UTS,False,False,False,
1510,151,Université de Montréal,61.9,1510,41.4,302,50.5,131,83.1,267,95.5,142,84.1,209,i-46191031,master_account,0,/world-university-rankings/universite-de-montreal,569,Canada,"39,749",15.5,23%,,Université de Montréal Université de Montréal Universite de Montreal,False,False,False,
1520,152,Texas A&M University,61.8,1520,52.5,114,57.2,97,73.4,511,73.5,436,63.2,557,i-14958193,public,0,/world-university-rankings/texas-am-university,629,United States,"68,486",22.6,8%,47 : 53,Texas A&M University,False,False,False,
1530,153,The University of Osaka,61.8,1530,65.9,59,64.9,64,53.3,1088,100.0,28,47.9,1003,i-41457091,master_account,0,/world-university-rankings/university-osaka,583,Japan,"22,367",10.4,12%,33 : 67,The University of Osaka Handai OU,False,False,False,
1540,154,The University of Western Australia,61.7,1540,38.7,386,45.1,185,87.6,160,98.4,104,93.4,69,i-74036713,master_account,0,/world-university-rankings/university-western-australia,654,Australia,"19,880",23.6,30%,51 : 49,The University of Western Australia,False,False,False,https://www.timeshighereducation.com/student/register-interest/aecc?utm_medium=thewebsite&utm_campaign=cta-link&utm_source=rankings&iid=i-74036713
1550,155,Radboud University Nijmegen,61.5,1550,38.5,390,49.7,136,89.3,123,82.1,301,75.9,335,i-62031652,master_account,11,/world-university-rankings/radboud-university-nijmegen,624,Netherlands,"23,615",16.1,13%,58 : 42,Radboud University Nijmegen,False,False,False,
1560,156,University of York,61.5,1560,44.1,239,43.9,205,87.5,165,67.6,580,90.6,120,i-82568163,master_account,0,/world-university-rankings/university-york,586,United Kingdom,"20,330",14.3,29%,57 : 43,University of York,False,False,False,https://www.timeshighereducation.com/student/register-interest/siuk?utm_medium=thewebsite&utm_campaign=cta-link&utm_source=rankings&iid=i-82568163
1570,157,Korea University,61.4,1570,52.4,115,51.3,130,73.3,516,99.9,41,67.8,468,i-57813432,master_account,11,/world-university-rankings/korea-university,702,South Korea,"21,728",17.5,38%,,Korea University,False,False,False,
1580,158,University of Auckland,61.4,1580,40.4,324,46.8,166,85.7,202,92.2,185,87.2,175,i-68813221,master_account,0,/world-university-rankings/university-auckland,637,New Zealand,"33,639",23.3,33%,55 : 45,University of Auckland UOA Auckland University,False,False,False,
1590,159,University of Pittsburgh-Pittsburgh campus,61.4,1590,49.2,152,43.3,211,92.0,79,76.8,375,49.4,949,i-73524078,public,0,/world-university-rankings/university-pittsburgh-pittsburgh-campus,524,United States,"27,492",5.4,11%,51 : 49,University of Pittsburgh-Pittsburgh campus,False,False,False,https://www.timeshighereducation.com/student/register-interest/shorelight?utm_medium=thewebsite&utm_campaign=cta-link&utm_source=rankings&iid=i-73524078
1600,160,University of Colorado Boulder,61.3,1600,47.5,174,51.6,129,84.1,230,77.3,370,53.6,797,i-73893083,public,0,/world-university-rankings/university-colorado-boulder,541,United States,"37,094",17.0,8%,46 : 54,University of Colorado Boulder,False,False,False,https://www.timeshighereducation.com/student/register-interest/shorelight?utm_medium=thewebsite&utm_campaign=cta-link&utm_source=rankings&iid=i-73893083
1610,161,Southern University of Science and Technology (SUSTech),61.0,1610,39.6,349,44.2,201,93.9,54,88.5,221,63.3,554,i-91956068,master_account,0,/world-university-rankings/southern-university-science-and-technology-sustech,622866,China,"8,193",9.6,1%,,Southern University of Science and Technology (SUSTech),False,False,False,
1620,162,Technical University of Berlin,61.0,1620,45.2,218,52.8,118,77.8,395,95.2,146,70.3,433,i-11129353,master_account,0,/world-university-rankings/technical-university-berlin,1022,Germany,"20,180",46.9,29%,36 : 64,Technical University of Berlin,False,False,False,
1630,163,University of St Andrews,60.9,1630,50.6,131,43.3,212,78.2,384,71.9,466,94.4,52,i-44428293,master_account,0,/world-university-rankings/university-st-andrews,549,United Kingdom,"11,265",12.9,49%,59 : 41,University of St Andrews,False,False,False,https://www.timeshighereducation.com/student/register-interest/siuk?utm_medium=thewebsite&utm_campaign=cta-link&utm_source=rankings&iid=i-44428293
1640,164,University of Waterloo,60.9,1640,42.7,270,47.6,156,83.4,258,77.0,374,85.5,193,i-02339161,master_account,0,/world-university-rankings/university-waterloo,689,Canada,"34,772",22.7,21%,47 : 53,University of Waterloo,False,False,False,
1650,165,University of Cape Town,60.8,1650,39.4,360,46.7,167,87.8,153,84.8,269,77.9,304,i-77957341,master_account,11,/world-university-rankings/university-cape-town,567,South Africa,"20,094",12.6,12%,56 : 44,University of Cape Town UCT,False,False,False,
1660,166,University of Cologne,60.8,1660,44.5,231,46.5,173,83.9,239,94.2,154,70.2,434,i-25702026,master_account,0,/world-university-rankings/university-cologne,961,Germany,"27,278",23.0,18%,,University of Cologne,False,False,False,
1670,167,Institute of Science Tokyo,60.7,1670,66.9,56,60.5,81,52.7,1103,92.1,186,52.2,834,i-26688372,master_account,0,/world-university-rankings/institute-science-tokyo,733829,Japan,"13,407",8.3,17%,23 : 77,Institute of Science Tokyo,False,False,False,
1680,168,Karlsruhe Institute of Technology,60.7,1680,49.3,148,54.9,111,69.3,632,100.0,10,73.1,388,i-38821594,master_account,0,/world-university-rankings/karlsruhe-institute-technology,660,Germany,"19,911",23.1,25%,30 : 70,Karlsruhe Institute of Technology,False,False,False,
1690,169,Macquarie University,60.7,1690,35.9,492,42.5,229,90.9,103,97.2,121,88.5,150,i-86045331,master_account,0,/world-university-rankings/macquarie-university,703,Australia,"29,826",50.2,25%,,Macquarie University,False,False,False,
1700,170,University of Geneva,60.7,1700,43.8,247,40.0,261,85.2,210,85.7,258,96.1,26,i-46922884,master_account,0,/world-university-rankings/university-geneva,594,Switzerland,"17,681",7.8,41%,63 : 37,University of Geneva,False,False,False,
1710,171,University of Virginia (Main campus),60.7,1710,51.1,128,41.7,246,86.6,184,79.0,343,58.3,672,i-21442282,public,0,/world-university-rankings/university-virginia-main-campus,601,United States,"25,795",8.8,13%,55 : 45,University of Virginia (Main campus),False,False,False,https://www.timeshighereducation.com/student/register-interest/shorelight?utm_medium=thewebsite&utm_campaign=cta-link&utm_source=rankings&iid=i-21442282
1720,172,Sapienza University of Rome,60.6,1720,55.9,98,53.5,116,73.4,510,85.2,264,42.9,1179,i-39468396,master_account,0,/world-university-rankings/sapienza-university-rome,800,Italy,"60,428",27.3,7%,61 : 39,Sapienza University of Rome,False,False,False,
1730,173,University of Antwerp,60.6,1730,38.9,374,44.3,199,89.6,118,98.5,102,73.4,383,i-67537741,master_account,0,/world-university-rankings/university-antwerp,742,Belgium,"16,836",32.6,17%,57 : 43,University of Antwerp,False,False,False,
1740,174,University of Exeter,60.6,1740,36.6,465,42.1,234,94.0,53,59.1,761,93.4,70,i-19978121,master_account,11,/world-university-rankings/university-exeter,620,United Kingdom,"29,280",15.7,29%,54 : 46,University of Exeter,False,False,False,
1750,175,Trinity College Dublin,60.5,1750,42.8,269,44.9,189,83.2,263,76.2,384,91.2,113,i-01938649,master_account,0,/world-university-rankings/trinity-college-dublin,582,Ireland,"20,188",19.4,40%,62 : 38,Trinity College Dublin,False,False,False,
1760,176,TU Dresden,60.4,1760,47.1,185,50.0,135,77.0,414,99.9,47,66.1,489,i-53302392,master_account,0,/world-university-rankings/tu-dresden,720,Germany,"20,631",21.0,15%,49 : 51,TU Dresden,False,False,False,
1770,177,Durham University,60.3,1770,45.2,217,44.9,188,81.0,311,62.8,694,94.6,46,i-56154151,master_account,0,/world-university-rankings/durham-university,547,United Kingdom,"21,470",13.2,34%,54 : 46,Durham University united kingdom UK  England,False,False,False,https://www.timeshighereducation.com/student/register-interest/siuk?utm_medium=thewebsite&utm_campaign=cta-link&utm_source=rankings&iid=i-56154151
1780,178,Huazhong University of Science and Technology,60.2,1780,46.6,188,48.4,146,87.1,177,99.9,40,30.9,1700,i-73987702,master_account,11,/world-university-rankings/huazhong-university-science-and-technology,956,China,"61,789",16.2,4%,,Huazhong University of Science and Technology Hua Zhong University HUST Tech,False,False,False,
1790,179,Vrije Universiteit Amsterdam,60.2,1790,37.7,420,41.8,240,91.8,86,77.5,366,84.3,207,i-53409817,master_account,0,/world-university-rankings/vrije-universiteit-amsterdam,625,Netherlands,"31,949",15.8,20%,57 : 43,Vrije Universiteit Amsterdam,False,False,False,
1800,180,University of Würzburg,60.1,1800,39.6,350,43.5,208,91.2,99,99.8,62,59.9,626,i-98656732,master_account,0,/world-university-rankings/university-wurzburg,691,Germany,"20,904",33.6,11%,60 : 40,University of Würzburg,False,False,False,
1810,181,Dartmouth College,60.0,1810,56.3,96,38.5,288,81.8,289,72.8,450,63.8,539,i-46262331,private,0,/world-university-rankings/dartmouth-college,554,United States,"6,627",7.4,19%,48 : 52,Dartmouth College,False,False,False,https://www.timeshighereducation.com/student/register-interest/shorelight?utm_medium=thewebsite&utm_campaign=cta-link&utm_source=rankings&iid=i-46262331
1820,182,Medical University of Vienna,59.9,1820,36.3,474,36.8,322,94.2,49,99.9,43,83.2,223,i-85363294,master_account,0,/world-university-rankings/medical-university-vienna,889,Austria,"7,531",17.9,30%,54 : 46,Medical University of Vienna,False,False,False,
1830,183,"University of California, Santa Cruz",59.9,1830,38.3,398,41.7,245,93.2,63,75.7,391,73.5,381,i-68567521,public,0,/world-university-rankings/university-california-santa-cruz,574,United States,"19,357",23.6,10%,47 : 53,"University of California, Santa Cruz",False,False,False,https://www.timeshighereducation.com/student/register-interest/shorelight?utm_medium=thewebsite&utm_campaign=cta-link&utm_source=rankings&iid=i-68567521
1840,184,Universitat Autònoma de Barcelona (UAB),59.8,1840,44.9,224,44.8,191,84.6,217,73.3,439,69.5,447,i-48029132,master_account,1,/world-university-rankings/universitat-autonoma-de-barcelona-uab,666,Spain,"33,006",13.5,16%,60 : 40,Universitat Autònoma de Barcelona (UAB) uab,False,False,False,
1850,185,King Fahd University of Petroleum and Minerals,59.7,1850,36.3,473,43.2,213,85.7,199,94.4,153,92.9,80,i-11017609,master_account,11,/world-university-rankings/king-fahd-university-petroleum-and-minerals,916,Saudi Arabia,"5,960",8.3,28%,26 : 74,King Fahd University of Petroleum and Minerals,False,False,False,
1860,186,Lancaster University,59.7,1860,40.9,314,40.8,254,86.7,181,67.2,586,95.1,39,i-49618222,master_account,0,/world-university-rankings/lancaster-university,595,United Kingdom,"16,935",14.9,34%,48 : 52,Lancaster University,False,False,False,https://www.timeshighereducation.com/student/register-interest/siuk?utm_medium=thewebsite&utm_campaign=cta-link&utm_source=rankings&iid=i-49618222
1870,187,Université Catholique de Louvain,59.7,1870,40.0,333,47.7,155,80.7,321,95.2,147,80.3,267,i-03075394,master_account,0,/world-university-rankings/universite-catholique-de-louvain,633,Belgium,"27,280",39.4,21%,55 : 45,Université Catholique de Louvain,False,False,False,
1880,188,Pompeu Fabra University,59.5,1880,36.6,464,45.3,183,87.5,163,81.6,308,80.1,272,i-64752503,master_account,0,/world-university-rankings/pompeu-fabra-university,650,Spain,"12,225",21.3,17%,62 : 38,Pompeu Fabra University,False,False,False,
1890,189,University of Ottawa,59.5,1890,38.2,402,44.5,195,85.4,207,81.7,306,86.2,189,i-65998905,master_account,0,/world-university-rankings/university-ottawa,649,Canada,"40,753",28.7,29%,58 : 42,University of Ottawa,False,False,False,https://www.timeshighereducation.com/student/register-interest/applyboard?utm_medium=thewebsite&utm_campaign=cta-link&utm_source=rankings&iid=i-65998905
1900,190,Tufts University,59.4,1900,51.3,124,34.7,376,88.2,145,76.6,380,61.9,587,i-14091951,private,0,/world-university-rankings/tufts-university,542,United States,"12,718",10.5,18%,59 : 41,Tufts University,False,False,False,https://www.timeshighereducation.com/student/register-interest/shorelight?utm_medium=thewebsite&utm_campaign=cta-link&utm_source=rankings&iid=i-14091951
1910,191,Université Paris Cité,59.3,1910,44.4,233,38.0,304,89.9,115,68.0,565,73.1,390,i-53969511,master_account,6,/world-university-rankings/universite-paris-cite,670575,France,"66,075",18.2,22%,64 : 36,Université Paris Cité france international student life,False,False,False,
1920,192,University of Twente,59.3,1920,45.7,209,45.0,186,73.0,527,98.9,98,92.4,89,i-79507531,master_account,0,/world-university-rankings/university-twente,664,Netherlands,"8,204",9.5,43%,37 : 63,University of Twente,False,False,False,
1930,193,Eindhoven University of Technology,59.2,1930,47.7,171,49.5,137,67.0,683,100.0,7,88.6,148,i-13983942,master_account,0,/world-university-rankings/eindhoven-university-technology,579,Netherlands,"10,823",19.1,36%,30 : 70,Eindhoven University of Technology,False,False,False,
1940,194,University of Leicester,59.2,1940,35.4,514,34.9,371,95.9,30,69.0,540,94.8,43,i-37055783,master_account,0,/world-university-rankings/university-leicester,662,United Kingdom,"16,435",14.5,37%,53 : 47,University of Leicester uk united kingdom leicester,False,False,False,https://www.timeshighereducation.com/student/register-interest/siuk?utm_medium=thewebsite&utm_campaign=cta-link&utm_source=rankings&iid=i-37055783
1950,195,University of Notre Dame,59.1,1950,52.8,112,45.8,181,73.5,508,72.5,455,69.9,441,i-46645881,private,0,/world-university-rankings/university-notre-dame,553,United States,"12,781",10.5,14%,47 : 53,University of Notre Dame,False,False,False,https://www.timeshighereducation.com/student/register-interest/shorelight?utm_medium=thewebsite&utm_campaign=cta-link&utm_source=rankings&iid=i-46645881
1960,196,Aalto University,59.0,1960,44.3,234,43.4,209,78.9,365,91.0,198,80.7,262,i-87151042,master_account,0,/world-university-rankings/aalto-university,767,Finland,"15,131",21.3,26%,39 : 61,Aalto University,False,False,False,
1970,197,The Education University of Hong Kong,59.0,1970,35.8,498,38.9,279,91.6,90,74.4,422,89.5,133,i-97899732,master_account,0,/world-university-rankings/education-university-hong-kong,636465,Hong Kong,"5,692",13.0,27%,63 : 37,The Education University of Hong Kong Education University EdUHK Hong Kong,False,False,False,
1980,198,University of Münster,59.0,1980,43.9,244,47.2,160,83.2,264,82.1,302,54.4,775,i-02515154,master_account,0,/world-university-rankings/university-munster,756,Germany,"26,499",23.7,7%,,University of Münster,False,False,False,
1990,199,Indiana University,58.8,1990,47.1,183,36.9,319,87.3,169,85.3,263,62.4,571,i-17534252,public,0,/world-university-rankings/indiana-university,587,United States,"67,529",11.5,13%,53 : 47,Indiana University,False,False,False,https://www.timeshighereducation.com/student/register-interest/shorelight?utm_medium=thewebsite&utm_campaign=cta-link&utm_source=rankings&iid=i-17534252
2000,200,Queen’s University Belfast,58.8,2000,34.7,547,38.4,292,90.8,105,70.0,516,98.3,5,i-87784421,master_account,11,/world-university-rankings/queens-university-belfast,730,United Kingdom,"21,900",17.0,49%,58 : 42,Queen’s University Belfast qub queen&#039;s,False,False,False,
2010,201,University of Calgary,58.7,2010,37.8,417,43.1,216,83.6,250,91.4,194,83.3,222,i-81953893,master_account,11,/world-university-rankings/university-calgary,693,Canada,"35,954",20.3,26%,53 : 47,University of Calgary,False,False,False,https://www.timeshighereducation.com/student/register-interest/applyboard?utm_medium=thewebsite&utm_campaign=cta-link&utm_source=rankings&iid=i-81953893
2020,202,Abu Dhabi University,56.4–58.6,2020,38.0,406,33.9,404,92.0,75,29.5,1424,98.0,9,i-49405239,master_account,11,/world-university-rankings/abu-dhabi-university,589115,United Arab Emirates,"2,344",10.7,60%,50 : 50,Abu Dhabi University,False,False,False,
2030,203,Arizona State University (Tempe),56.4–58.6,2030,39.6,348,44.5,193,84.1,228,70.7,497,70.6,428,i-81050451,public,11,/world-university-rankings/arizona-state-university-tempe,591,United States,"52,956",18.9,17%,45 : 55,Arizona State University (Tempe),False,False,False,
2040,204,Beijing Institute of Technology,56.4–58.6,2040,46.5,193,44.3,197,76.6,422,99.6,74,45.2,1095,i-91088091,master_account,11,/world-university-rankings/beijing-institute-technology,1038,China,"33,624",12.9,12%,,Beijing Institute of Technology,False,False,False,
2050,205,Cardiff University,56.4–58.6,2050,35.9,491,39.1,272,86.0,194,70.3,505,88.4,152,i-50330553,master_account,11,/world-university-rankings/cardiff-university,671,United Kingdom,"27,880",13.7,24%,59 : 41,Cardiff University,False,False,False,https://www.timeshighereducation.com/student/register-interest/siuk?utm_medium=thewebsite&utm_campaign=cta-link&utm_source=rankings&iid=i-50330553
2060,206,Chalmers University of Technology,56.4–58.6,2060,42.6,271,45.9,180,71.2,579,97.1,122,76.7,317,i-72473711,master_account,0,/world-university-rankings/chalmers-university-technology,695,Sweden,"10,245",11.9,18%,33 : 67,Chalmers University of Technology,False,False,False,
2070,207,Deakin University,56.4–58.6,2070,31.6,713,38.4,290,91.7,88,86.3,253,87.7,168,i-92679623,master_account,0,/world-university-rankings/deakin-university,822,Australia,"37,191",33.3,25%,58 : 42,Deakin University,False,False,False,https://www.timeshighereducation.com/student/register-interest/aecc?utm_medium=thewebsite&utm_campaign=cta-link&utm_source=rankings&iid=i-92679623
2080,208,Friedrich Schiller University Jena,56.4–58.6,2080,44.0,240,42.5,228,83.5,252,88.7,217,62.0,581,i-63462253,master_account,6,/world-university-rankings/friedrich-schiller-university-jena,623586,Germany,"14,754",16.0,14%,,Friedrich Schiller University Jena,False,False,False,
2090,209,Georgetown University,56.4–58.6,2090,52.2,116,35.3,356,82.1,283,93.0,167,53.5,798,i-26274852,private,0,/world-university-rankings/georgetown-university,602,United States,"17,348",9.5,19%,56 : 44,Georgetown University,False,False,False,https://www.timeshighereducation.com/student/register-interest/shorelight?utm_medium=thewebsite&utm_campaign=cta-link&utm_source=rankings&iid=i-26274852
2100,210,George Washington University,56.4–58.6,2100,48.5,160,34.3,391,84.4,222,67.8,568,67.5,471,i-83678132,private,0,/world-university-rankings/george-washington-university,600,United States,"21,756",12.4,19%,61 : 39,George Washington University,False,False,False,https://www.timeshighereducation.com/student/register-interest/shorelight?utm_medium=thewebsite&utm_campaign=cta-link&utm_source=rankings&iid=i-83678132
2110,211,Goethe University Frankfurt,56.4–58.6,2110,42.2,281,41.9,236,82.1,284,81.4,312,68.9,453,i-15104174,master_account,0,/world-university-rankings/goethe-university-frankfurt,645,Germany,"27,422",20.2,13%,60 : 40,Goethe University Frankfurt,False,False,False,
2120,212,Hong Kong Baptist University,56.4–58.6,2120,34.6,552,41.0,251,84.5,218,79.5,337,97.4,13,i-90778883,master_account,0,/world-university-rankings/hong-kong-baptist-university,748,Hong Kong,"7,628",13.4,60%,64 : 36,Hong Kong Baptist University hkbu,False,False,False,
2130,213,Indian Institute of Science,56.4–58.6,2130,61.8,68,56.9,98,51.2,1138,98.0,110,31.4,1677,i-40752461,master_account,0,/world-university-rankings/indian-institute-science,926,India,"5,020",10.5,1%,26 : 74,Indian Institute of Science,False,False,False,
2140,214,Khalifa University,56.4–58.6,2140,37.6,422,28.0,569,88.5,140,92.3,183,94.8,42,i-23449771,master_account,11,/world-university-rankings/khalifa-university,622542,United Arab Emirates,"4,299",7.1,29%,57 : 43,Khalifa University,False,False,False,
2150,215,Linköping University,56.4–58.6,2150,31.1,748,40.4,257,89.1,125,96.8,124,70.3,431,i-06995871,master_account,0,/world-university-rankings/linkoping-university,789,Sweden,"15,130",14.5,18%,54 : 46,Linköping University,False,False,False,
2160,216,Medical University of Graz,56.4–58.6,2160,29.7,838,35.1,363,92.0,77,97.9,113,81.3,251,i-42720812,master_account,0,/world-university-rankings/medical-university-graz,622851,Austria,"4,494",19.5,30%,56 : 44,Medical University of Graz,False,False,False,
2170,217,Medical University of Innsbruck,56.4–58.6,2170,33.8,596,30.1,514,90.9,104,99.4,83,88.3,157,i-52939254,master_account,0,/world-university-rankings/medical-university-innsbruck,624378,Austria,"3,619",14.0,45%,57 : 43,Medical University of Innsbruck,False,False,False,
2180,218,Nagoya University,56.4–58.6,2180,58.1,87,56.1,105,57.0,978,99.8,54,43.8,1143,i-17590221,master_account,0,/world-university-rankings/nagoya-university,679,Japan,"15,559",13.3,13%,31 : 69,Nagoya University,False,False,False,
2190,219,"Northeastern University, US",56.4–58.6,2190,38.4,393,32.4,440,90.5,106,69.2,532,79.6,279,i-63575831,private,0,/world-university-rankings/northeastern-university-us,681,United States,"29,623",15.8,40%,53 : 47,"Northeastern University, US",False,False,False,https://www.timeshighereducation.com/student/register-interest/shorelight?utm_medium=thewebsite&utm_campaign=cta-link&utm_source=rankings&iid=i-63575831
2200,220,Politecnico di Milano,56.4–58.6,2200,46.2,200,51.9,127,67.8,664,98.0,111,65.5,505,i-64875949,master_account,11,/world-university-rankings/politecnico-di-milano,797,Italy,"39,793",21.8,23%,36 : 64,Politecnico di Milano,False,False,False,
2210,221,Qatar University,56.4–58.6,2210,32.4,673,38.1,298,89.1,126,79.1,341,94.5,48,i-48192072,master_account,0,/world-university-rankings/qatar-university,131534,Qatar,"9,539",8.2,38%,,Qatar University,False,False,False,
2220,222,Queensland University of Technology,56.4–58.6,2220,33.0,645,40.4,258,89.6,116,88.1,225,81.9,241,i-94432262,master_account,6,/world-university-rankings/queensland-university-technology,758,Australia,"33,182",36.8,18%,53 : 47,Queensland University of Technology qut,False,False,False,
2230,223,Sant’Anna School of Advanced Studies – Pisa,56.4–58.6,2230,50.2,137,38.3,295,77.5,402,93.7,158,56.8,708,i-00246723,master_account,6,/world-university-rankings/santanna-school-advanced-studies-pisa,131267,Italy,807,6.4,20%,43 : 57,Sant’Anna School of Advanced Studies – Pisa,False,False,False,
2240,224,Sichuan University,56.4–58.6,2240,46.5,195,48.1,151,74.7,480,99.6,78,42.5,1190,i-11385751,master_account,0,/world-university-rankings/sichuan-university,1003,China,"49,146",15.9,5%,,Sichuan University,False,False,False,
2250,225,Stockholm University,56.4–58.6,2250,33.5,613,48.4,147,87.2,173,66.1,616,76.5,323,i-40552744,master_account,0,/world-university-rankings/stockholm-university,596,Sweden,"27,746",16.2,14%,,Stockholm University,False,False,False,
2260,226,Sun Yat-sen University,56.4–58.6,2260,47.2,182,40.6,256,84.0,235,97.6,117,34.1,1553,i-62072912,master_account,0,/world-university-rankings/sun-yat-sen-university,760,China,"66,020",15.5,4%,46 : 54,Sun Yat-sen University,False,False,False,
2270,227,Tel Aviv University,56.4–58.6,2270,41.8,286,50.1,133,79.9,347,75.0,405,53.4,801,i-69952244,master_account,0,/world-university-rankings/tel-aviv-university,630,Israel,"24,379",22.7,7%,57 : 43,Tel Aviv University,False,False,False,
2280,228,Tianjin University,56.4–58.6,2280,49.2,151,47.0,161,73.2,519,99.8,59,52.8,817,i-69776737,master_account,0,/world-university-rankings/tianjin-university,975,China,"27,866",8.7,15%,,Tianjin University,False,False,False,
2290,229,Ulsan National Institute of Science and Technology (UNIST),56.4–58.6,2290,47.4,175,39.5,266,81.3,304,98.1,108,39.5,1298,i-33888613,master_account,6,/world-university-rankings/ulsan-national-institute-science-and-technology-unist,623271,South Korea,"3,868",12.0,8%,29 : 71,Ulsan National Institute of Science and Technology (UNIST),False,False,False,
2300,230,United Arab Emirates University,56.4–58.6,2300,28.7,906,38.1,299,91.8,85,86.5,248,87.3,172,i-59193014,master_account,11,/world-university-rankings/united-arab-emirates-university,946,United Arab Emirates,"9,024",13.9,18%,73 : 27,United Arab Emirates University,False,False,False,
2310,231,Université Libre de Bruxelles,56.4–58.6,2310,36.7,459,44.8,192,81.3,305,68.3,557,86.9,178,i-40361063,master_account,0,/world-university-rankings/universite-libre-de-bruxelles,669,Belgium,"33,462",54.1,32%,58 : 42,Université Libre de Bruxelles,False,False,False,
2320,232,Universiti Teknologi Petronas,56.4–58.6,2320,41.6,296,40.3,260,82.4,279,94.5,152,78.9,290,i-50962984,master_account,0,/world-university-rankings/universiti-teknologi-petronas,589229,Malaysia,"4,262",13.0,13%,38 : 62,Universiti Teknologi Petronas UTP Petronas University of Technology University Technology Petronas,False,False,False,
2330,233,University College Dublin,56.4–58.6,2330,35.5,509,41.7,244,84.0,236,74.9,407,89.4,135,i-72536083,master_account,1,/world-university-rankings/university-college-dublin,623,Ireland,"25,252",19.1,35%,,University College Dublin,False,False,False,
2340,234,University of Aberdeen,56.4–58.6,2340,38.0,409,34.8,374,82.3,281,79.6,336,96.4,22,i-57429768,master_account,0,/world-university-rankings/university-aberdeen,615,United Kingdom,"11,875",12.9,36%,58 : 42,University of Aberdeen,False,False,False,https://www.timeshighereducation.com/student/register-interest/siuk?utm_medium=thewebsite&utm_campaign=cta-link&utm_source=rankings&iid=i-57429768
2350,235,University of Erlangen-Nuremberg,56.4–58.6,2350,41.7,291,46.5,174,78.6,376,100.0,34,64.2,531,i-99063573,master_account,6,/world-university-rankings/university-erlangen-nuremberg,870,Germany,"28,153",34.2,20%,51 : 49,University of Erlangen-Nuremberg,False,False,False,
2360,236,University of Gothenburg,56.4–58.6,2360,34.8,541,43.2,215,91.1,100,78.8,350,62.7,566,i-59335102,master_account,0,/world-university-rankings/university-gothenburg,676,Sweden,"20,756",10.9,13%,,University of Gothenburg,False,False,False,
2370,237,University of Illinois Chicago,56.4–58.6,2370,50.1,140,35.2,360,80.1,341,76.1,386,57.5,691,i-05828861,public,0,/world-university-rankings/university-illinois-chicago,631,United States,"28,912",11.2,20%,55 : 45,University of Illinois Chicago,False,False,False,https://www.timeshighereducation.com/student/register-interest/shorelight?utm_medium=thewebsite&utm_campaign=cta-link&utm_source=rankings&iid=i-05828861
2380,238,University of Malaya,56.4–58.6,2380,47.8,169,38.8,283,72.8,539,65.2,633,91.4,109,i-74374223,master_account,0,/world-university-rankings/university-malaya,606429,Malaysia,"18,899",9.7,32%,61 : 39,University of Malaya,False,False,False,
2390,239,University of Mannheim,56.4–58.6,2390,37.0,444,44.5,194,85.5,205,88.2,223,71.1,422,i-98300321,master_account,0,/world-university-rankings/university-mannheim,131813,Germany,"7,902",36.1,17%,,University of Mannheim,False,False,False,
2400,240,University of Miami,56.4–58.6,2400,47.3,180,35.5,351,83.8,242,83.3,283,61.6,593,i-02632503,private,0,/world-university-rankings/university-miami,636,United States,"18,574",10.9,12%,54 : 46,University of Miami,False,False,False,https://www.timeshighereducation.com/student/register-interest/shorelight?utm_medium=thewebsite&utm_campaign=cta-link&utm_source=rankings&iid=i-02632503
2410,241,University of Padua,56.4–58.6,2410,46.4,198,41.0,252,80.0,345,78.9,347,53.2,810,i-21112074,master_account,0,/world-university-rankings/university-padua,708,Italy,"49,946",30.1,11%,58 : 42,University of Padua,False,False,False,
2420,242,University of Potsdam,56.4–58.6,2420,37.9,415,44.3,200,81.7,294,92.4,182,66.4,483,i-75807983,master_account,0,/world-university-rankings/university-potsdam,615783,Germany,"12,690",32.7,15%,57 : 43,University of Potsdam,False,False,False,
2430,243,University of Reading,56.4–58.6,2430,41.7,292,38.1,300,85.2,211,66.9,596,94.2,57,i-33306644,master_account,0,/world-university-rankings/university-reading,628,United Kingdom,"15,970",15.8,31%,54 : 46,University of Reading,False,False,False,https://www.timeshighereducation.com/student/register-interest/siuk?utm_medium=thewebsite&utm_campaign=cta-link&utm_source=rankings&iid=i-33306644
2440,244,University of São Paulo,56.4–58.6,2440,61.6,69,55.6,108,53.9,1066,96.6,130,43.4,1159,i-99940531,master_account,0,/world-university-rankings/university-sao-paulo,642,Brazil,"82,212",13.9,3%,48 : 52,University of São Paulo,False,False,False,
2450,245,University of Surrey,56.4–58.6,2450,36.3,478,34.4,390,89.5,121,71.6,472,96.0,28,i-50574941,master_account,0,/world-university-rankings/university-surrey,806,United Kingdom,"14,440",14.4,33%,54 : 46,University of Surrey,False,False,False,
2460,246,University of Sussex,56.4–58.6,2460,34.3,567,36.0,342,88.9,134,64.8,646,94.8,44,i-64911343,master_account,0,/world-university-rankings/university-sussex,563,United Kingdom,"18,015",16.7,37%,55 : 45,University of Sussex,False,False,False,https://www.timeshighereducation.com/student/register-interest/siuk?utm_medium=thewebsite&utm_campaign=cta-link&utm_source=rankings&iid=i-64911343
2470,247,University of Utah,56.4–58.6,2470,43.4,253,39.2,271,86.5,185,91.4,195,41.7,1220,i-02638481,public,0,/world-university-rankings/university-utah,577,United States,"33,106",15.5,9%,50 : 50,University of Utah,False,False,False,https://www.timeshighereducation.com/student/register-interest/shorelight?utm_medium=thewebsite&utm_campaign=cta-link&utm_source=rankings&iid=i-02638481
2480,248,University of Wollongong,56.4–58.6,2480,34.3,570,36.6,329,85.4,208,89.8,208,93.4,71,i-96457173,master_account,0,/world-university-rankings/university-wollongong,740,Australia,"16,470",24.1,32%,54 : 46,University of Wollongong UOW University of Wollongong Australia,False,False,False,
2490,249,Vrije Universiteit Brussel,56.4–58.6,2490,37.8,419,42.5,230,80.4,330,93.6,161,76.6,321,i-53094032,master_account,0,/world-university-rankings/vrije-universiteit-brussel,811,Belgium,"16,387",37.1,24%,59 : 41,Vrije Universiteit Brussel,False,False,False,
2500,250,Western University,56.4–58.6,2500,39.9,340,42.6,227,77.5,404,99.8,63,86.9,180,i-91582771,master_account,6,/world-university-rankings/western-university,690,Canada,"31,831",32.7,25%,56 : 44,Western University,False,False,False,https://www.timeshighereducation.com/student/register-interest/applyboard?utm_medium=thewebsite&utm_campaign=cta-link&utm_source=rankings&iid=i-91582771
2510,251,Xi’an Jiaotong University,56.4–58.6,2510,45.1,220,49.4,139,75.9,445,100.0,35,38.2,1363,i-42576295,master_account,0,/world-university-rankings/xian-jiaotong-university,948,China,"54,986",15.9,6%,34 : 66,Xi’an Jiaotong University,False,False,False,
2520,252,Aalborg University,54.3–56.3,2520,33.6,604,44.9,187,80.6,322,88.0,226,72.4,399,i-04108372,master_account,1,/world-university-rankings/aalborg-university,766,Denmark,"16,050",13.9,13%,,Aalborg University,False,False,False,
2530,253,Beihang University,54.3–56.3,2530,47.8,167,46.5,170,73.8,495,100.0,1,34.7,1522,i-73423962,master_account,0,/world-university-rankings/beihang-university,606456,China,"35,223",13.4,4%,,Beihang University,False,False,False,
2540,254,Boston College,54.3–56.3,2540,45.8,204,33.1,423,84.0,233,60.0,743,59.4,637,i-48283681,private,0,/world-university-rankings/boston-college,659,United States,"12,989",14.6,13%,55 : 45,Boston College,False,False,False,https://www.timeshighereducation.com/student/register-interest/shorelight?utm_medium=thewebsite&utm_campaign=cta-link&utm_source=rankings&iid=i-48283681
2550,255,Central European University,54.3–56.3,2550,50.0,141,34.4,387,76.3,430,28.3,1460,92.6,83,i-64859572,master_account,11,/world-university-rankings/central-european-university,1035,Austria,"1,453",7.8,96%,58 : 42,Central European University,False,False,False,
2560,256,Central South University,54.3–56.3,2560,39.1,366,42.6,224,80.3,331,99.7,65,31.4,1676,i-34479651,master_account,11,/world-university-rankings/central-south-university,589367,China,"57,917",20.4,4%,,Central South University CSU Central South University,False,False,False,
2570,257,Curtin University,54.3–56.3,2570,28.5,921,34.2,396,87.5,161,80.4,323,95.1,36,i-11420492,master_account,6,/world-university-rankings/curtin-university,821,Australia,"29,539",19.9,35%,52 : 48,Curtin University Curtin,False,False,False,
2580,258,East China Normal University,54.3–56.3,2580,43.1,257,36.5,330,79.5,356,90.6,204,55.3,745,i-53175183,master_account,0,/world-university-rankings/east-china-normal-university,976,China,"30,163",15.0,7%,62 : 38,East China Normal University ecnu,False,False,False,
2590,259,Griffith University,54.3–56.3,2590,30.5,777,37.3,313,83.7,245,80.8,318,87.2,174,i-87185651,master_account,0,/world-university-rankings/griffith-university,825,Australia,"30,484",26.3,25%,60 : 40,Griffith University,False,False,False,
2600,260,Hanyang University,54.3–56.3,2600,45.9,202,41.5,247,65.5,726,99.6,75,69.2,450,i-38492675,master_account,6,/world-university-rankings/hanyang-university,936,South Korea,"19,402",13.6,27%,,Hanyang University,False,False,False,
2610,261,Hebrew University of Jerusalem,54.3–56.3,2610,48.1,165,47.2,158,72.6,545,77.3,368,43.1,1172,i-82070463,master_account,0,/world-university-rankings/hebrew-university-jerusalem,585,Israel,"17,488",16.2,3%,58 : 42,Hebrew University of Jerusalem,False,False,False,
2620,262,Heinrich Heine University Düsseldorf,54.3–56.3,2620,36.2,480,34.3,392,84.3,223,83.9,276,67.2,477,i-60329391,master_account,0,/world-university-rankings/heinrich-heine-university-dusseldorf,624000,Germany,"25,296",26.8,14%,58 : 42,Heinrich Heine University Düsseldorf,False,False,False,
2630,263,Humanitas University,54.3–56.3,2630,36.6,461,29.0,542,98.5,8,64.0,667,64.0,534,i-33490182,master_account,6,/world-university-rankings/humanitas-university,691303,Italy,"2,475",15.9,18%,58 : 42,Humanitas University,False,False,False,
2640,264,Hunan University,54.3–56.3,2640,36.6,462,34.6,381,90.9,102,96.5,131,31.7,1662,i-37146101,master_account,0,/world-university-rankings/hunan-university,981,China,"36,496",15.3,3%,44 : 56,Hunan University,False,False,False,
2650,265,King Khalid University,54.3–56.3,2650,41.2,306,31.6,458,80.0,344,58.4,773,88.2,159,i-81059686,master_account,0,/world-university-rankings/king-khalid-university,623529,Saudi Arabia,"29,832",7.1,15%,55 : 45,King Khalid University,False,False,False,
2660,266,King Saud University,54.3–56.3,2660,38.2,400,33.8,408,82.7,273,89.1,212,84.0,211,i-78502871,master_account,0,/world-university-rankings/king-saud-university,938,Saudi Arabia,"42,846",11.0,11%,46 : 54,King Saud University,False,False,False,
2670,267,Kyung Hee University,54.3–56.3,2670,41.2,307,40.3,259,76.5,426,99.9,42,72.5,397,i-60686321,master_account,6,/world-university-rankings/kyung-hee-university,834,South Korea,"20,363",17.4,30%,54 : 46,Kyung Hee University KyungHee KHU,False,False,False,
2680,268,La Trobe University,54.3–56.3,2680,29.5,850,36.8,321,88.9,133,79.0,342,88.7,146,i-05999552,master_account,0,/world-university-rankings/la-trobe-university,835,Australia,"21,509",31.2,37%,,La Trobe University,False,False,False,https://www.timeshighereducation.com/student/register-interest/aecc?utm_medium=thewebsite&utm_campaign=cta-link&utm_source=rankings&iid=i-05999552
2690,269,Lebanese American University,54.3–56.3,2690,36.8,453,32.5,437,93.7,57,32.0,1350,80.8,261,i-98879095,master_account,0,/world-university-rankings/lebanese-american-university,131819,Lebanon,"7,606",12.0,13%,52 : 48,Lebanese American University,False,False,False,
2700,270,LUT University,54.3–56.3,2700,31.6,715,35.3,357,87.9,151,75.4,393,71.0,423,i-14911573,master_account,0,/world-university-rankings/lut-university,1026,Finland,"6,341",33.6,25%,35 : 65,LUT University,False,False,False,
2710,271,Macau University of Science and Technology,54.3–56.3,2710,34.2,578,38.8,281,81.1,310,84.6,270,93.2,73,i-51329693,master_account,11,/world-university-rankings/macau-university-science-and-technology,624573,Macao,"18,264",44.6,94%,57 : 43,Macau University of Science and Technology MUST 澳門科技大學,False,False,False,
2720,272,Nankai University,54.3–56.3,2720,45.4,212,33.9,406,87.6,158,80.6,321,47.9,1002,i-89181632,master_account,0,/world-university-rankings/nankai-university,623277,China,"33,291",11.7,7%,,Nankai University Nan Kai University,False,False,False,
2730,273,Northwestern Polytechnical University,54.3–56.3,2730,41.0,312,42.4,231,78.6,375,99.7,67,47.6,1012,i-19875471,master_account,11,/world-university-rankings/northwestern-polytechnical-university,1008,China,"35,982",13.6,5%,29 : 71,Northwestern Polytechnical University,False,False,False,
2740,274,RCSI University of Medicine and Health Sciences,54.3–56.3,2740,32.2,683,37.0,316,82.1,285,78.5,354,91.4,108,i-94044364,master_account,11,/world-university-rankings/rcsi-university-medicine-and-health-sciences,1033,Ireland,"2,839",23.9,68%,,RCSI University of Medicine and Health Sciences rcsi,False,False,False,
2750,275,RMIT University,54.3–56.3,2750,35.2,516,36.2,337,82.5,277,78.2,357,93.1,75,i-01576523,master_account,0,/world-university-rankings/rmit-university,915,Australia,"32,309",23.8,38%,49 : 51,RMIT University RMIT Australia Melbourne,False,False,False,https://www.timeshighereducation.com/student/register-interest/aecc?utm_medium=thewebsite&utm_campaign=cta-link&utm_source=rankings&iid=i-01576523
2760,276,Ruhr University Bochum,54.3–56.3,2760,39.9,338,46.1,178,72.6,546,98.9,95,63.7,542,i-10835391,master_account,0,/world-university-rankings/ruhr-university-bochum,718,Germany,"30,732",39.4,20%,51 : 49,Ruhr University Bochum,False,False,False,
2770,277,Sejong University,54.3–56.3,2770,33.6,607,33.6,412,92.6,69,83.7,278,65.8,497,i-64401603,master_account,0,/world-university-rankings/sejong-university,131620,South Korea,"13,684",20.9,16%,46 : 54,Sejong University,False,False,False,
2780,278,Semmelweis University,54.3–56.3,2780,45.4,213,28.8,550,83.5,253,75.1,403,76.5,322,i-89291722,master_account,11,/world-university-rankings/semmelweis-university,988,Hungary,"9,774",12.5,45%,69 : 31,Semmelweis University,False,False,False,
2790,279,Shandong University,54.3–56.3,2790,46.4,197,44.0,203,72.7,542,99.3,86,43.5,1155,i-47558684,master_account,0,/world-university-rankings/shandong-university,623091,China,"37,862",12.7,9%,,Shandong University,False,False,False,
2800,280,South China University of Technology,54.3–56.3,2800,39.0,370,39.1,274,84.0,234,99.7,69,43.0,1178,i-33663293,master_account,0,/world-university-rankings/south-china-university-technology,128785,China,"41,221",12.0,7%,39 : 61,South China University of Technology,False,False,False,
2810,281,Southeast University,54.3–56.3,2810,39.3,362,46.3,175,73.7,502,99.8,57,47.6,1013,i-06121642,master_account,0,/world-university-rankings/southeast-university,589112,China,"43,942",13.4,4%,35 : 65,Southeast University,False,False,False,
2820,282,Southern Medical University,54.3–56.3,2820,45.9,203,38.9,278,84.2,226,76.4,382,31.3,1685,i-20252961,master_account,0,/world-university-rankings/southern-medical-university,645647,China,"18,620",10.7,7%,,Southern Medical University,False,False,False,
2830,283,Swinburne University of Technology,54.3–56.3,2830,33.0,647,33.6,413,91.4,92,78.1,358,81.8,243,i-90741515,master_account,11,/world-university-rankings/swinburne-university-technology,858,Australia,"15,725",28.4,41%,43 : 57,Swinburne University of Technology Swinburne University of Technology Swinburne SUT,False,False,False,https://www.timeshighereducation.com/student/register-interest/aecc?utm_medium=thewebsite&utm_campaign=cta-link&utm_source=rankings&iid=i-90741515
2840,284,Technical University of Darmstadt,54.3–56.3,2840,43.1,258,46.8,165,65.7,721,99.8,58,73.1,389,i-19071002,master_account,0,/world-university-rankings/technical-university-darmstadt,745,Germany,"13,864",28.3,27%,34 : 66,Technical University of Darmstadt Technical University of Darmstadt,False,False,False,
2850,285,Ulm University,54.3–56.3,2850,42.3,279,31.6,459,83.1,266,91.2,197,64.8,517,i-14244953,master_account,0,/world-university-rankings/ulm-university,687,Germany,"10,101",16.2,14%,53 : 47,Ulm University,False,False,False,
2860,286,Università Cattolica del Sacro Cuore,54.3–56.3,2860,37.4,429,32.9,428,89.6,117,81.9,305,47.8,1005,i-15032703,master_account,0,/world-university-rankings/universita-cattolica-del-sacro-cuore,131360,Italy,"23,548",32.3,6%,66 : 34,Università Cattolica del Sacro Cuore,False,False,False,
2870,287,Università della Svizzera italiana,54.3–56.3,2870,41.1,308,29.7,524,80.3,334,92.9,170,98.2,7,i-75364281,master_account,1,/world-university-rankings/universita-della-svizzera-italiana,623415,Switzerland,"4,029",12.1,70%,46 : 54,Università della Svizzera italiana,False,False,False,
2880,288,University of Bath,54.3–56.3,2880,39.8,344,35.1,365,81.0,312,67.1,590,93.2,74,i-70346313,master_account,11,/world-university-rankings/university-bath,716,United Kingdom,"17,650",17.7,29%,46 : 54,University of Bath,False,False,False,https://www.timeshighereducation.com/student/register-interest/siuk?utm_medium=thewebsite&utm_campaign=cta-link&utm_source=rankings&iid=i-70346313
2890,289,University of Bergen,54.3–56.3,2890,35.3,515,36.4,332,84.1,229,75.4,395,75.8,338,i-25524803,master_account,0,/world-university-rankings/university-bergen,655,Norway,"15,304",13.0,13%,62 : 38,University of Bergen,False,False,False,
2900,290,University of East Anglia,54.3–56.3,2900,34.7,548,30.2,509,89.1,127,62.0,711,87.3,173,i-02080581,master_account,11,/world-university-rankings/university-east-anglia,609,United Kingdom,"16,240",13.2,26%,57 : 43,University of East Anglia,False,False,False,
2910,291,University of Hawai’i at Mānoa,54.3–56.3,2910,38.9,375,43.0,218,73.7,503,67.6,577,74.0,374,i-78451672,public,0,/world-university-rankings/university-hawaii-manoa,722,United States,"15,780",12.5,10%,59 : 41,University of Hawai’i at Mānoa,False,False,False,https://www.timeshighereducation.com/student/register-interest/shorelight?utm_medium=thewebsite&utm_campaign=cta-link&utm_source=rankings&iid=i-78451672
2920,292,University of Konstanz,54.3–56.3,2920,38.5,391,42.8,222,72.9,530,95.7,141,75.8,339,i-04288613,master_account,0,/world-university-rankings/university-konstanz,658,Germany,"6,767",30.3,14%,58 : 42,University of Konstanz,False,False,False,
2930,293,University of Luxembourg,54.3–56.3,2930,39.9,339,39.3,269,75.1,472,79.8,333,92.1,96,i-78833193,master_account,0,/world-university-rankings/university-luxembourg,131698,Luxembourg,"5,718",20.0,52%,53 : 47,University of Luxembourg,False,False,False,
2940,294,University of Navarra,54.3–56.3,2940,37.2,437,34.1,400,81.9,287,90.7,203,74.4,366,i-54142471,master_account,0,/world-university-rankings/university-navarra,967,Spain,"12,748",15.3,30%,56 : 44,University of Navarra,False,False,False,
2950,295,University of Newcastle,54.3–56.3,2950,30.0,822,36.8,324,84.9,214,86.5,250,84.2,208,i-35453247,master_account,0,/world-university-rankings/university-newcastle,757,Australia,"22,320",29.2,20%,58 : 42,University of Newcastle Australia Newcastle,False,False,False,https://www.timeshighereducation.com/student/register-interest/aecc?utm_medium=thewebsite&utm_campaign=cta-link&utm_source=rankings&iid=i-35453247
2960,296,University of Oulu,54.3–56.3,2960,36.7,460,39.5,267,85.8,196,70.9,492,63.6,546,i-89332514,master_account,0,/world-university-rankings/university-oulu,131756,Finland,"11,334",22.0,10%,56 : 44,University of Oulu,False,False,False,
2970,297,University of Southern Denmark,54.3–56.3,2970,30.4,789,36.0,341,87.3,172,98.1,109,75.8,340,i-16058231,master_account,0,/world-university-rankings/university-southern-denmark,731,Denmark,"17,548",9.5,15%,54 : 46,University of Southern Denmark,False,False,False,
2980,298,University of Stuttgart,54.3–56.3,2980,44.5,232,48.4,149,63.4,802,99.9,51,58.5,664,i-56441501,master_account,0,/world-university-rankings/university-stuttgart,1031,Germany,"14,277",22.2,22%,35 : 65,University of Stuttgart,False,False,False,
2990,299,University of Tasmania,54.3–56.3,2990,34.3,568,36.9,320,84.5,221,82.8,291,89.3,138,i-41097594,master_account,0,/world-university-rankings/university-tasmania,808,Australia,"13,316",17.1,31%,58 : 42,University of Tasmania,False,False,False,https://www.timeshighereducation.com/student/register-interest/aecc?utm_medium=thewebsite&utm_campaign=cta-link&utm_source=rankings&iid=i-41097594
3000,300,Virginia Polytechnic Institute and State University,54.3–56.3,3000,41.9,284,41.2,250,77.5,403,76.7,378,63.1,559,i-30342712,public,11,/world-university-rankings/virginia-polytechnic-institute-and-state-university,737,United States,"38,157",18.4,13%,44 : 56,Virginia Polytechnic Institute and State University virginia tech virginia,False,False,False,
3010,301,Vita-Salute San Raffaele University,54.3–56.3,3010,34.3,571,34.0,403,98.8,7,66.3,613,51.3,865,i-08240854,master_account,0,/world-university-rankings/vita-salute-san-raffaele-university,622947,Italy,"4,573",27.6,6%,64 : 36,Vita-Salute San Raffaele University,False,False,False,
3020,302,Xiamen University,54.3–56.3,3020,43.3,254,37.6,310,84.2,227,95.1,148,36.6,1431,i-57469681,master_account,0,/world-university-rankings/xiamen-university,131582,China,"42,518",14.2,3%,,Xiamen University,False,False,False,
3030,303,Bauman Moscow State Technical University,51.6–54.2,3030,68.4,47,42.8,220,43.0,1344,54.4,859,59.6,631,i-65359863,master_account,0,/world-university-rankings/bauman-moscow-state-technical-university,1037,Russian Federation,"15,623",6.9,20%,45 : 55,Bauman Moscow State Technical University,False,False,True,
3040,304,"Birkbeck, University of London",51.6–54.2,3040,34.2,573,32.2,443,76.0,439,65.5,627,91.6,104,i-55980062,master_account,0,/world-university-rankings/birkbeck-university-london,613,United Kingdom,"7,420",17.3,43%,57 : 43,"Birkbeck, University of London",False,False,False,https://www.timeshighereducation.com/student/register-interest/siuk?utm_medium=thewebsite&utm_campaign=cta-link&utm_source=rankings&iid=i-55980062
3050,305,"China Medical University, Taiwan",51.6–54.2,3050,28.2,939,32.5,436,91.7,87,95.4,143,51.3,861,i-03917818,master_account,0,/world-university-rankings/china-medical-university-taiwan,933,Taiwan,"7,217",15.5,7%,57 : 43,"China Medical University, Taiwan",False,False,False,
3060,306,"City St George's, University of London",51.6–54.2,3060,27.4,988,30.1,513,91.8,83,65.0,637,95.6,31,i-78879952,master_account,0,/world-university-rankings/city-st-georgesuniversity-oflondon,733856,United Kingdom,"20,905",17.1,41%,59 : 41,"City St George's, University of London",False,False,False,
3070,307,Dublin City University,51.6–54.2,3070,28.5,922,36.6,328,88.6,138,69.0,538,71.1,421,i-01246131,master_account,0,/world-university-rankings/dublin-city-university,910,Ireland,"14,712",27.3,13%,58 : 42,Dublin City University,False,False,False,
3080,308,École Normale Supérieure de Lyon,51.6–54.2,3080,56.8,92,44.0,202,51.9,1119,90.2,205,64.4,526,i-45519961,master_account,0,/world-university-rankings/ecole-normale-superieure-de-lyon,605,France,"1,934",7.1,11%,45 : 55,École Normale Supérieure de Lyon,False,False,False,
3090,309,Flinders University,51.6–54.2,3090,27.9,956,36.9,318,82.9,269,68.7,545,88.3,155,i-40193143,master_account,0,/world-university-rankings/flinders-university,823,Australia,"16,021",29.9,40%,63 : 37,Flinders University,False,False,False,
3100,310,Florida State University,51.6–54.2,3100,39.0,369,39.5,265,73.8,496,67.3,583,57.2,696,i-92186279,public,0,/world-university-rankings/florida-state-university,131777,United States,"40,660",24.6,7%,58 : 42,Florida State University,False,False,False,https://www.timeshighereducation.com/student/register-interest/shorelight?utm_medium=thewebsite&utm_campaign=cta-link&utm_source=rankings&iid=i-92186279
3110,311,Hasselt University,51.6–54.2,3110,35.0,525,37.8,307,72.8,534,87.8,228,71.2,419,i-90731213,master_account,0,/world-university-rankings/hasselt-university,587910,Belgium,"6,128",28.4,16%,50 : 50,Hasselt University,False,False,False,
3120,312,Illinois Institute of Technology,51.6–54.2,3120,41.0,310,26.9,602,77.3,407,92.4,179,73.5,380,i-78514152,private,0,/world-university-rankings/illinois-institute-technology,1028,United States,"6,734",13.6,45%,38 : 62,Illinois Institute of Technology,False,False,False,https://www.timeshighereducation.com/student/register-interest/shorelight?utm_medium=thewebsite&utm_campaign=cta-link&utm_source=rankings&iid=i-78514152
3130,313,Johannes Gutenberg University of Mainz,51.6–54.2,3130,38.9,371,27.1,597,83.0,268,72.3,458,66.0,491,i-50020953,master_account,0,/world-university-rankings/johannes-gutenberg-university-mainz,871,Germany,"29,586",11.4,11%,59 : 41,Johannes Gutenberg University of Mainz,False,False,False,
3140,314,Koç University,51.6–54.2,3140,34.6,553,41.9,237,70.6,601,91.2,196,59.2,644,i-55285673,master_account,0,/world-university-rankings/koc-university,875,Turkey,"7,111",21.0,12%,49 : 51,Koç University koc,False,False,False,
3150,315,Kyushu University,51.6–54.2,3150,54.2,105,46.5,171,53.5,1084,98.8,99,49.5,943,i-82008222,master_account,0,/world-university-rankings/kyushu-university,131724,Japan,"18,679",7.7,14%,29 : 71,Kyushu University,False,False,False,
3160,316,Lingnan University Hong Kong,51.6–54.2,3160,29.5,851,38.4,291,83.7,246,40.7,1130,94.5,47,i-26359202,master_account,11,/world-university-rankings/lingnan-university-hong-kong,131420,Hong Kong,"3,210",19.4,45%,62 : 38,Lingnan University Hong Kong,False,False,False,
3170,317,Loughborough University,51.6–54.2,3170,34.8,538,32.9,427,76.1,434,70.2,511,89.4,134,i-89667825,master_account,0,/world-university-rankings/loughborough-university,837,United Kingdom,"18,345",15.4,25%,40 : 60,Loughborough University,False,False,False,https://www.timeshighereducation.com/student/register-interest/siuk?utm_medium=thewebsite&utm_campaign=cta-link&utm_source=rankings&iid=i-89667825
3180,318,North Carolina State University,51.6–54.2,3180,45.1,219,43.9,204,67.6,667,81.5,311,61.5,594,i-09500961,public,0,/world-university-rankings/north-carolina-state-university,891,United States,"32,549",16.5,13%,49 : 51,North Carolina State University,False,False,False,https://www.timeshighereducation.com/student/register-interest/shorelight?utm_medium=thewebsite&utm_campaign=cta-link&utm_source=rankings&iid=i-09500961
3190,319,Norwegian University of Science and Technology,51.6–54.2,3190,36.7,458,39.1,273,75.9,443,71.4,475,64.6,520,i-19002601,master_account,0,/world-university-rankings/norwegian-university-science-and-technology,729,Norway,"38,384",15.0,9%,51 : 49,Norwegian University of Science and Technology,False,False,False,
3200,320,Prince Mohammad Bin Fahd University,51.6–54.2,3200,32.0,691,33.3,419,78.5,378,56.4,822,89.5,132,i-93564301,master_account,11,/world-university-rankings/prince-mohammad-bin-fahd-university,648692,Saudi Arabia,"2,470",10.8,17%,47 : 53,Prince Mohammad Bin Fahd University,False,False,False,
3210,321,Queen’s University,51.6–54.2,3210,37.9,412,37.6,308,77.4,405,84.8,268,72.9,392,i-38060122,master_account,11,/world-university-rankings/queens-university,639,Canada,"28,400",26.3,16%,58 : 42,Queen’s University Canadian University Research Student Experience,False,False,False,https://www.timeshighereducation.com/student/register-interest/applyboard?utm_medium=thewebsite&utm_campaign=cta-link&utm_source=rankings&iid=i-38060122
3220,322,Rutgers University–New Brunswick,51.6–54.2,3220,45.3,215,31.4,468,78.4,380,69.1,534,58.6,660,i-70313321,public,0,/world-university-rankings/rutgers-university-new-brunswick-0,546,United States,"46,825",11.3,16%,53 : 47,Rutgers University–New Brunswick,False,False,False,https://www.timeshighereducation.com/student/register-interest/shorelight?utm_medium=thewebsite&utm_campaign=cta-link&utm_source=rankings&iid=i-70313321
3230,323,Simon Fraser University,51.6–54.2,3230,26.9,1025,35.6,346,79.7,353,83.5,281,90.7,119,i-23214142,master_account,11,/world-university-rankings/simon-fraser-university,709,Canada,"26,776",24.9,31%,54 : 46,Simon Fraser University,False,False,False,
3240,324,Stellenbosch University,51.6–54.2,3240,34.8,539,40.8,255,75.5,457,91.8,191,58.6,661,i-25669912,master_account,0,/world-university-rankings/stellenbosch-university,732,South Africa,"25,956",26.8,7%,58 : 42,Stellenbosch University SU South Africa,False,False,False,
3250,325,Stony Brook University,51.6–54.2,3250,43.4,252,30.8,493,78.9,367,68.3,556,72.3,401,i-10396992,public,0,/world-university-rankings/stony-brook-university,578,United States,"24,947",9.8,17%,54 : 46,Stony Brook University,False,False,False,https://www.timeshighereducation.com/student/register-interest/shorelight?utm_medium=thewebsite&utm_campaign=cta-link&utm_source=rankings&iid=i-10396992
3260,326,Sunway University,51.6–54.2,3260,27.2,1002,34.2,398,90.1,111,58.4,774,89.3,136,i-15978092,master_account,11,/world-university-rankings/sunway-university,625947,Malaysia,"5,046",8.4,27%,53 : 47,Sunway University,False,False,False,
3270,327,Swansea University,51.6–54.2,3270,30.8,769,30.6,501,87.4,167,58.3,777,88.6,149,i-33335862,master_account,0,/world-university-rankings/swansea-university,857,United Kingdom,"18,650",15.9,25%,49 : 51,Swansea University,False,False,False,https://www.timeshighereducation.com/student/register-interest/siuk?utm_medium=thewebsite&utm_campaign=cta-link&utm_source=rankings&iid=i-33335862
3280,328,Tampere University,51.6–54.2,3280,31.2,744,38.7,285,80.2,338,85.2,265,53.8,788,i-05193902,master_account,0,/world-university-rankings/tampere-university,670629,Finland,"17,284",19.2,10%,53 : 47,Tampere University,False,False,False,
3290,329,Technion Israel Institute of Technology,51.6–54.2,3290,43.9,243,41.7,243,62.9,817,73.1,445,69.6,446,i-44668751,master_account,0,/world-university-rankings/technion-israel-institute-technology,685,Israel,"15,310",21.6,14%,41 : 59,Technion Israel Institute of Technology,False,False,False,
3300,330,Tilburg University,51.6–54.2,3300,29.1,879,42.9,219,73.8,498,78.9,345,85.2,200,i-23564953,master_account,0,/world-university-rankings/tilburg-university,734,Netherlands,"12,796",19.9,24%,53 : 47,Tilburg University,False,False,False,
3310,331,TU Wien,51.6–54.2,3310,44.2,238,47.2,159,55.5,1025,99.9,48,85.3,198,i-23754462,master_account,0,/world-university-rankings/tu-wien,810,Austria,"11,068",19.8,35%,31 : 69,TU Wien,False,False,False,
3320,332,Universiti Kebangsaan Malaysia,51.6–54.2,3320,47.5,173,32.4,441,65.7,723,61.8,714,82.6,230,i-14147581,master_account,0,/world-university-rankings/universiti-kebangsaan-malaysia,920,Malaysia,"20,341",11.4,31%,56 : 44,Universiti Kebangsaan Malaysia,False,False,False,
3330,333,University at Buffalo,51.6–54.2,3330,42.3,280,34.5,386,75.4,463,73.4,438,71.7,413,i-57536803,public,0,/world-university-rankings/university-buffalo,670,United States,"27,152",16.4,16%,47 : 53,University at Buffalo,False,False,False,https://www.timeshighereducation.com/student/register-interest/shorelight?utm_medium=thewebsite&utm_campaign=cta-link&utm_source=rankings&iid=i-57536803
3340,334,University of Bayreuth,51.6–54.2,3340,39.8,345,41.3,249,68.6,646,84.5,271,68.0,466,i-42504453,master_account,0,/world-university-rankings/university-bayreuth,881,Germany,"7,476",19.5,17%,47 : 53,University of Bayreuth,False,False,False,
3350,335,University of Bremen,51.6–54.2,3350,39.7,347,39.6,264,72.3,558,78.9,346,63.0,561,i-02498341,master_account,0,/world-university-rankings/university-bremen,1023,Germany,"11,398",20.5,15%,56 : 44,University of Bremen,False,False,False,
3360,336,"University of California, Riverside",51.6–54.2,3360,37.4,430,32.6,433,79.5,358,69.8,520,75.1,354,i-48621253,public,0,/world-university-rankings/university-california-riverside,607,United States,"25,233",19.6,16%,51 : 49,"University of California, Riverside",False,False,False,https://www.timeshighereducation.com/student/register-interest/shorelight?utm_medium=thewebsite&utm_campaign=cta-link&utm_source=rankings&iid=i-48621253
3370,337,University of Duisburg-Essen,51.6–54.2,3370,35.4,513,34.6,383,82.7,275,87.4,233,64.3,529,i-67888892,master_account,0,/world-university-rankings/university-duisburg-essen,898,Germany,"37,867",33.1,20%,50 : 50,University of Duisburg-Essen,False,False,False,
3380,338,University of Dundee,51.6–54.2,3380,28.5,924,32.6,434,82.1,286,87.0,237,91.7,102,i-48775818,master_account,0,/world-university-rankings/university-dundee,640,United Kingdom,"15,420",19.4,36%,65 : 35,University of Dundee,False,False,False,
3390,339,University of Electronic Science and Technology of China,51.6–54.2,3390,37.6,424,37.5,311,80.2,340,99.1,91,33.6,1577,i-89647692,master_account,0,/world-university-rankings/university-electronic-science-and-technology-china,131759,China,"39,817",16.7,2%,28 : 72,University of Electronic Science and Technology of China,False,False,False,
3400,340,University of Essex,51.6–54.2,3400,30.1,816,30.2,510,81.0,313,61.2,720,97.3,15,i-74984323,master_account,0,/world-university-rankings/university-essex,674,United Kingdom,"16,005",14.8,48%,55 : 45,University of Essex,False,False,False,https://www.timeshighereducation.com/student/register-interest/siuk?utm_medium=thewebsite&utm_campaign=cta-link&utm_source=rankings&iid=i-74984323
3410,341,University of Hohenheim,51.6–54.2,3410,36.0,488,36.4,333,78.4,381,76.7,377,61.3,598,i-46593931,master_account,0,/world-university-rankings/university-hohenheim,131525,Germany,"8,480",39.1,15%,57 : 43,University of Hohenheim,False,False,False,
3420,342,University of Innsbruck,51.6–54.2,3420,35.7,501,36.8,323,69.6,626,87.8,230,93.7,61,i-77083426,master_account,0,/world-university-rankings/university-innsbruck,677,Austria,"13,992",21.5,52%,54 : 46,University of Innsbruck,False,False,False,
3430,343,University of Iowa,51.6–54.2,3430,46.8,186,34.3,394,74.9,477,89.9,207,52.3,833,i-88616472,public,0,/world-university-rankings/university-iowa,606,United States,"28,383",11.0,5%,55 : 45,University of Iowa,False,False,False,https://www.timeshighereducation.com/student/register-interest/shorelight?utm_medium=thewebsite&utm_campaign=cta-link&utm_source=rankings&iid=i-88616472
3440,344,University of Liège,51.6–54.2,3440,34.8,543,41.8,238,72.7,543,97.5,119,72.5,398,i-22201903,master_account,0,/world-university-rankings/university-liege,788,Belgium,"22,785",29.7,21%,59 : 41,University of Liège,False,False,False,
3450,345,University of Milan,51.6–54.2,3450,38.9,376,32.5,439,86.1,193,71.2,479,47.2,1029,i-42160611,master_account,0,/world-university-rankings/university-milan,704,Italy,"44,429",17.4,7%,60 : 40,University of Milan,False,False,False,
3460,346,University of Naples Federico II,51.6–54.2,3460,40.0,334,31.8,455,83.9,240,72.5,454,35.2,1504,i-97585263,master_account,0,/world-university-rankings/university-naples-federico-ii,131807,Italy,"53,650",17.5,3%,57 : 43,University of Naples Federico II,False,False,False,
3470,347,University of Rome II – Tor Vergata,51.6–54.2,3470,40.4,325,36.1,339,71.7,573,86.0,257,65.7,501,i-47029631,master_account,0,/world-university-rankings/university-rome-ii-tor-vergata,131526,Italy,"17,464",23.7,21%,62 : 38,University of Rome II – Tor Vergata,False,False,False,
3480,348,University of Sharjah,51.6–54.2,3480,23.5,1298,27.0,600,94.3,48,44.7,1062,98.7,3,i-74637921,master_account,11,/world-university-rankings/university-sharjah,131672,United Arab Emirates,"12,327",17.7,51%,67 : 33,University of Sharjah,False,False,False,
3490,349,University of Tartu,51.6–54.2,3490,34.5,559,31.4,471,84.0,237,65.1,636,59.7,630,i-23019803,master_account,6,/world-university-rankings/university-tartu,859,Estonia,"9,766",8.9,13%,68 : 32,University of Tartu,False,False,False,
3500,350,University of the Witwatersrand,51.6–54.2,3500,34.9,533,43.1,217,70.8,596,91.6,193,74.3,367,i-83835191,master_account,0,/world-university-rankings/university-witwatersrand,739,South Africa,"26,928",22.4,6%,60 : 40,University of the Witwatersrand Wits,False,False,False,
3510,351,University of Turku,51.6–54.2,3510,34.2,583,35.6,348,83.4,257,66.0,618,52.6,822,i-46121681,master_account,6,/world-university-rankings/university-turku,861,Finland,"13,966",15.4,7%,64 : 36,University of Turku,False,False,False,
3520,352,University of Victoria,51.6–54.2,3520,30.2,806,37.1,315,82.9,270,66.8,599,83.6,218,i-84469642,master_account,0,/world-university-rankings/university-victoria,641,Canada,"17,663",26.3,17%,58 : 42,University of Victoria,False,False,False,https://www.timeshighereducation.com/student/register-interest/applyboard?utm_medium=thewebsite&utm_campaign=cta-link&utm_source=rankings&iid=i-84469642
3530,353,Western Sydney University,51.6–54.2,3530,30.6,776,31.8,456,88.0,150,68.3,559,88.5,151,i-41370472,master_account,0,/world-university-rankings/western-sydney-university,1014,Australia,"32,737",36.4,26%,59 : 41,Western Sydney University University of Western Sydney WSU UWS,False,False,False,
3540,354,Amirkabir University of Technology,49.9–51.5,3540,37.1,438,33.0,426,75.3,464,91.9,188,46.6,1047,i-41493185,master_account,0,/world-university-rankings/amirkabir-university-technology,131497,Iran,"8,344",17.8,4%,34 : 66,Amirkabir University of Technology,False,False,False,
3550,355,Autonomous University of Madrid,49.9–51.5,3550,41.8,285,31.3,473,73.4,509,66.5,604,56.2,716,i-36914621,master_account,0,/world-university-rankings/autonomous-university-madrid,743,Spain,"29,772",13.0,14%,62 : 38,Autonomous University of Madrid,False,False,False,
3560,356,Chongqing University,49.9–51.5,3560,30.2,800,36.0,340,78.1,385,98.1,107,46.6,1048,i-29383963,master_account,0,/world-university-rankings/chongqing-university,131440,China,"45,609",17.7,3%,,Chongqing University,False,False,False,
3570,357,Daegu Gyeongbuk Institute of Science and Technology (DGIST),49.9–51.5,3570,49.4,145,38.7,284,64.0,770,89.6,209,32.4,1627,i-72503947,master_account,0,/world-university-rankings/daegu-gyeongbuk-institute-science-and-technology-dgist,638042,South Korea,942,6.7,4%,35 : 65,Daegu Gyeongbuk Institute of Science and Technology (DGIST),False,False,False,
3580,358,Dalhousie University,49.9–51.5,3580,33.1,636,33.2,420,75.4,459,74.3,423,86.6,184,i-91697003,master_account,11,/world-university-rankings/dalhousie-university,698,Canada,"17,682",13.4,27%,53 : 47,Dalhousie University,False,False,False,https://www.timeshighereducation.com/student/register-interest/applyboard?utm_medium=thewebsite&utm_campaign=cta-link&utm_source=rankings&iid=i-91697003
3590,359,Edith Cowan University,49.9–51.5,3590,22.5,1380,25.8,643,89.2,124,69.6,524,89.0,143,i-86765204,master_account,11,/world-university-rankings/edith-cowan-university,922,Australia,"18,928",27.9,35%,62 : 38,Edith Cowan University ecu edith cowan,False,False,False,
3600,360,Hokkaido University,49.9–51.5,3600,53.5,110,45.1,184,47.9,1235,96.8,123,47.0,1031,i-80294743,master_account,0,/world-university-rankings/hokkaido-university,747,Japan,"17,693",8.3,11%,30 : 70,Hokkaido University,False,False,False,
3610,361,James Cook University,49.9–51.5,3610,28.8,896,31.9,451,82.3,280,67.8,569,81.5,246,i-45641594,master_account,0,/world-university-rankings/james-cook-university,131521,Australia,"9,165",15.3,14%,66 : 34,James Cook University,False,False,False,https://www.timeshighereducation.com/student/register-interest/aecc?utm_medium=thewebsite&utm_campaign=cta-link&utm_source=rankings&iid=i-45641594
3620,362,Justus Liebig University Giessen,49.9–51.5,3620,35.0,526,39.2,270,72.5,548,71.3,477,62.7,565,i-05871001,master_account,0,/world-university-rankings/justus-liebig-university-giessen,131300,Germany,"25,359",37.8,12%,63 : 37,Justus Liebig University Giessen,False,False,False,
3630,363,Kermanshah University of Medical Sciences,49.9–51.5,3630,48.8,158,23.5,743,73.1,522,57.0,803,63.8,540,i-48304948,master_account,0,/world-university-rankings/kermanshah-university-medical-sciences,622266,Iran,"7,118",7.0,24%,50 : 50,Kermanshah University of Medical Sciences,False,False,False,
3640,364,King Abdulaziz University,49.9–51.5,3640,29.8,832,22.9,769,87.1,178,67.6,573,74.8,360,i-95387823,master_account,11,/world-university-rankings/king-abdulaziz-university,888,Saudi Arabia,"56,251",12.5,5%,57 : 43,King Abdulaziz University,False,False,False,
3650,365,Leibniz University Hannover,49.9–51.5,3650,38.8,380,41.7,242,64.3,761,84.3,274,56.9,706,i-88075321,master_account,0,/world-university-rankings/leibniz-university-hannover,826,Germany,"17,855",33.3,16%,45 : 55,Leibniz University Hannover,False,False,False,
3660,366,Middle East Technical University,49.9–51.5,3660,46.4,196,44.8,190,52.2,1114,90.2,206,57.7,686,i-42229762,master_account,0,/world-university-rankings/middle-east-technical-university,754,Turkey,"15,224",21.6,13%,49 : 51,Middle East Technical University,False,False,False,
3670,367,University Mohammed VI Polytechnic,49.9–51.5,3670,34.7,545,34.9,370,72.7,541,56.2,827,72.8,393,i-43344474,master_account,0,/world-university-rankings/university-mohammed-vi-polytechnic,725120,Morocco,"2,092",6.8,3%,54 : 46,University Mohammed VI Polytechnic,False,False,False,
3680,368,Moscow Institute of Physics and Technology (MIPT),49.9–51.5,3680,57.8,88,44.3,198,42.5,1364,80.8,319,66.2,488,i-53299821,master_account,0,/world-university-rankings/moscow-institute-physics-and-technology-mipt,973,Russian Federation,"6,567",11.5,20%,,Moscow Institute of Physics and Technology (MIPT),False,False,True,
3690,369,Oregon Health and Science University,49.9–51.5,3690,38.8,381,20.9,883,91.6,89,87.9,227,34.2,1546,i-32306612,master_account,0,/world-university-rankings/oregon-health-and-science-university,131454,United States,"2,877",0.8,3%,69 : 31,Oregon Health and Science University,False,False,False,https://www.timeshighereducation.com/student/register-interest/shorelight?utm_medium=thewebsite&utm_campaign=cta-link&utm_source=rankings&iid=i-32306612
3700,370,Prince Sultan University (PSU),49.9–51.5,3700,19.2,1667,29.6,529,92.2,73,51.8,905,82.1,236,i-70640341,master_account,11,/world-university-rankings/prince-sultan-university-psu,587946,Saudi Arabia,"5,837",18.0,8%,54 : 46,Prince Sultan University (PSU),False,False,False,
3710,371,Sabancı University,49.9–51.5,3710,33.0,646,38.8,282,67.5,669,99.0,94,65.6,502,i-38309892,master_account,0,/world-university-rankings/sabanci-university,1021,Turkey,"3,752",19.5,12%,36 : 64,Sabancı University,False,False,False,
3720,372,Saveetha Institute of Medical and Technical Sciences,49.9–51.5,3720,37.9,413,18.4,1022,93.4,61,20.4,1842,71.8,410,i-04895442,master_account,6,/world-university-rankings/saveetha-institute-medical-and-technical-sciences,624855,India,"15,494",9.7,6%,52 : 48,Saveetha Institute of Medical and Technical Sciences,False,False,False,
3730,373,Sharif University of Technology,49.9–51.5,3730,35.2,518,38.0,303,78.0,389,96.7,126,33.2,1597,i-58236014,master_account,0,/world-university-rankings/sharif-university-technology,802,Iran,"10,163",21.9,1%,25 : 75,Sharif University of Technology,False,False,False,
3740,374,Shenzhen University,49.9–51.5,3740,26.5,1057,35.9,345,86.4,187,82.8,290,38.2,1361,i-87530033,master_account,0,/world-university-rankings/shenzhen-university,623262,China,"35,012",13.8,1%,49 : 51,Shenzhen University SZU,False,False,False,
3750,375,Swedish University of Agricultural Sciences,49.9–51.5,3750,35.5,507,34.8,373,76.0,440,87.8,229,53.8,787,i-24582382,master_account,0,/world-university-rankings/swedish-university-agricultural-sciences,711,Sweden,"4,207",4.3,8%,71 : 29,Swedish University of Agricultural Sciences,False,False,False,
3760,376,Université Grenoble Alpes,49.9–51.5,3760,42.6,273,36.7,325,62.7,823,70.0,517,69.4,449,i-56321907,master_account,0,/world-university-rankings/universite-grenoble-alpes,715321,France,"48,893",17.9,19%,52 : 48,Université Grenoble Alpes,False,False,False,
3770,377,Universiti Brunei Darussalam,49.9–51.5,3770,33.1,641,34.7,377,80.5,327,31.4,1365,72.1,405,i-66855929,master_account,0,/world-university-rankings/universiti-brunei-darussalam,625257,Brunei Darussalam,"3,464",11.8,11%,64 : 36,Universiti Brunei Darussalam,False,False,False,
3780,378,University College Cork,49.9–51.5,3780,29.3,868,33.2,421,78.7,370,77.6,363,79.0,287,i-51393662,master_account,0,/world-university-rankings/university-college-cork,775,Ireland,"19,075",20.2,23%,59 : 41,University College Cork ucc,False,False,False,
3790,379,University of Brescia,49.9–51.5,3790,35.4,512,24.7,693,88.0,148,72.0,464,43.2,1168,i-66530582,master_account,0,/world-university-rankings/university-brescia,131631,Italy,"10,190",24.3,5%,52 : 48,University of Brescia,False,False,False,
3800,380,University of Campinas,49.9–51.5,3800,51.7,121,48.0,153,50.2,1177,78.1,359,41.5,1227,i-58170814,master_account,0,/world-university-rankings/university-campinas,759,Brazil,"32,551",19.0,3%,47 : 53,University of Campinas,False,False,False,
3810,381,University of Colorado Denver/Anschutz Medical Campus,49.9–51.5,3810,33.7,602,25.1,677,93.3,62,73.5,437,36.2,1447,i-53338722,public,0,/world-university-rankings/university-colorado-denver-anschutz-medical-campus,592058,United States,"20,208",4.0,7%,58 : 42,University of Colorado Denver/Anschutz Medical Campus,False,False,False,https://www.timeshighereducation.com/student/register-interest/shorelight?utm_medium=thewebsite&utm_campaign=cta-link&utm_source=rankings&iid=i-53338722
3820,382,University of Connecticut,49.9–51.5,3820,40.6,322,28.6,555,73.4,512,69.1,536,66.3,486,i-04748462,public,0,/world-university-rankings/university-connecticut,879,United States,"29,850",11.6,14%,53 : 47,University of Connecticut,False,False,False,https://www.timeshighereducation.com/student/register-interest/shorelight?utm_medium=thewebsite&utm_campaign=cta-link&utm_source=rankings&iid=i-04748462
3830,383,University of Florence,49.9–51.5,3830,37.6,425,37.9,305,75.9,444,76.7,376,46.7,1043,i-30928363,master_account,0,/world-university-rankings/university-florence,964,Italy,"42,558",22.9,9%,60 : 40,University of Florence,False,False,False,
3840,384,University of Galway,49.9–51.5,3840,30.2,805,34.7,378,76.9,419,86.7,245,77.6,309,i-97880031,master_account,0,/world-university-rankings/university-galway,842,Ireland,"15,340",24.1,20%,60 : 40,University of Galway nui nui galway,False,False,False,
3850,385,University of Georgia (USA),49.9–51.5,3850,41.5,299,38.3,297,67.4,672,66.6,602,51.9,847,i-14747593,public,0,/world-university-rankings/university-georgia-usa,675,United States,"38,946",15.4,7%,59 : 41,University of Georgia (USA),False,False,False,https://www.timeshighereducation.com/student/register-interest/shorelight?utm_medium=thewebsite&utm_campaign=cta-link&utm_source=rankings&iid=i-14747593
3860,386,University of Johannesburg,49.9–51.5,3860,29.5,852,38.4,293,69.9,620,81.1,316,82.0,239,i-09743053,master_account,0,/world-university-rankings/university-johannesburg,1036,South Africa,"32,659",26.5,14%,56 : 44,University of Johannesburg Johannesburg University UJ UOJ,False,False,False,
3870,387,University of Kansas,49.9–51.5,3870,45.4,214,29.8,522,70.7,599,79.3,339,56.2,719,i-11245372,public,0,/world-university-rankings/university-kansas,751,United States,"23,777",9.0,7%,54 : 46,University of Kansas,False,False,False,https://www.timeshighereducation.com/student/register-interest/shorelight?utm_medium=thewebsite&utm_campaign=cta-link&utm_source=rankings&iid=i-11245372
3880,388,University of Kiel,49.9–51.5,3880,32.5,671,33.4,418,81.8,291,64.4,664,62.2,576,i-24989273,master_account,0,/world-university-rankings/university-kiel,724,Germany,"28,860",23.5,9%,54 : 46,University of Kiel,False,False,False,
3890,389,University of Otago,49.9–51.5,3890,34.1,587,34.3,395,72.4,553,69.3,531,81.1,258,i-52297592,master_account,0,/world-university-rankings/university-otago,682,New Zealand,"18,703",19.9,18%,60 : 40,University of Otago,False,False,False,
3900,390,University of Pavia,49.9–51.5,3900,38.9,377,31.9,452,77.0,415,78.9,348,52.2,839,i-35763173,master_account,0,/world-university-rankings/university-pavia,892,Italy,"17,543",30.2,12%,59 : 41,University of Pavia,False,False,False,
3910,391,University of Pisa,49.9–51.5,3910,36.3,476,34.7,379,77.7,397,67.7,572,43.2,1170,i-84278534,master_account,0,/world-university-rankings/university-pisa,795,Italy,"29,834",17.2,7%,52 : 48,University of Pisa,False,False,False,
3920,392,University of Saskatchewan,49.9–51.5,3920,39.5,356,34.0,402,63.0,814,96.1,137,76.0,334,i-56275942,master_account,11,/world-university-rankings/university-saskatchewan,131576,Canada,"18,283",19.2,22%,55 : 45,University of Saskatchewan,False,False,False,https://www.timeshighereducation.com/student/register-interest/applyboard?utm_medium=thewebsite&utm_campaign=cta-link&utm_source=rankings&iid=i-56275942
3930,393,University of Siena,49.9–51.5,3930,39.3,363,35.1,366,75.0,475,75.5,392,46.7,1044,i-18514833,master_account,0,/world-university-rankings/university-siena,131379,Italy,"10,480",16.8,9%,63 : 37,University of Siena,False,False,False,
3940,394,University of Southern Queensland,49.9–51.5,3940,29.3,869,26.8,610,87.1,180,51.3,919,81.5,248,i-06818911,master_account,1,/world-university-rankings/university-southern-queensland,131305,Australia,"10,582",21.5,19%,63 : 37,University of Southern Queensland usq,False,False,False,
3950,395,University of South Florida,49.9–51.5,3950,33.6,609,35.5,352,71.0,590,99.5,81,64.5,525,i-26130674,master_account,0,/world-university-rankings/university-south-florida,714898,United States,"40,449",18.0,16%,,University of South Florida,False,False,False,
3960,396,University of St Gallen,49.9–51.5,3960,33.3,624,23.0,764,80.8,320,66.6,603,93.6,65,i-10572732,master_account,0,/world-university-rankings/university-st-gallen,131326,Switzerland,"8,835",12.7,37%,36 : 64,University of St Gallen,False,False,False,
3970,397,University of Strathclyde,49.9–51.5,3970,37.0,445,35.2,361,66.4,704,79.7,335,90.5,122,i-30420621,master_account,0,/world-university-rankings/university-strathclyde,856,United Kingdom,"19,085",14.3,28%,52 : 48,University of Strathclyde,False,False,False,https://www.timeshighereducation.com/student/register-interest/siuk?utm_medium=thewebsite&utm_campaign=cta-link&utm_source=rankings&iid=i-30420621
3980,398,University of Trento,49.9–51.5,3980,34.6,555,35.2,362,77.4,406,70.3,509,61.5,597,i-88595292,master_account,0,/world-university-rankings/university-trento,763,Italy,"14,183",16.6,9%,53 : 47,University of Trento,False,False,False,
3990,399,University of Tsukuba,49.9–51.5,3990,52.0,117,46.7,168,50.8,1155,77.1,373,49.8,928,i-87928844,master_account,0,/world-university-rankings/university-tsukuba,735,Japan,"15,491",12.4,17%,38 : 62,University of Tsukuba,False,False,False,
4000,400,Verona University,49.9–51.5,4000,34.6,556,31.1,486,81.6,299,71.1,482,45.0,1113,i-51010863,master_account,0,/world-university-rankings/verona-university,131550,Italy,"21,809",25.6,5%,64 : 36,Verona University,False,False,False,
4010,401,Ajman University,46.2–49.8,4010,25.8,1099,28.7,551,84.0,232,22.8,1689,99.5,1,i-39680393,master_account,11,/world-university-rankings/ajman-university,587847,United Arab Emirates,"4,626",15.2,81%,57 : 43,Ajman University,False,False,False,
4020,402,Ajou University,46.2–49.8,4020,34.3,562,38.6,286,58.4,943,95.8,139,59.4,636,i-48052667,master_account,0,/world-university-rankings/ajou-university,131532,South Korea,"7,348",15.0,26%,39 : 61,Ajou University,False,False,False,
4030,403,Al-Ahliyya Amman University,46.2–49.8,4030,18.6,1715,24.7,691,88.0,147,56.9,811,93.8,60,i-11159453,master_account,11,/world-university-rankings/al-ahliyya-amman-university,626079,Jordan,"4,510",14.8,64%,52 : 48,Al-Ahliyya Amman University,False,False,False,
4040,404,Al Ain University,46.2–49.8,4040,28.0,949,30.2,506,78.7,368,18.6,1975,99.1,2,i-78599952,master_account,0,/world-university-rankings/al-ain-university,700574,United Arab Emirates,"2,588",11.0,61%,51 : 49,Al Ain University,False,False,False,
4050,405,Applied Science Private University,46.2–49.8,4050,21.7,1435,22.7,781,87.1,176,21.5,1764,85.4,194,i-90871382,master_account,11,/world-university-rankings/applied-science-private-university,673350,Jordan,"4,766",12.6,26%,52 : 48,Applied Science Private University,False,False,False,
4060,406,Arabian Gulf University,46.2–49.8,4060,45.2,216,13.8,1396,73.0,525,29.2,1431,93.4,68,i-95513852,master_account,0,/world-university-rankings/arabian-gulf-university,131792,Bahrain,"1,458",6.5,73%,71 : 29,Arabian Gulf University,False,False,False,
4070,407,"Asia University, Taiwan",46.2–49.8,4070,16.6,1896,34.9,368,82.8,271,75.3,396,49.5,941,i-55599929,master_account,0,/world-university-rankings/asia-university-taiwan,982,Taiwan,"10,858",29.9,3%,63 : 37,"Asia University, Taiwan",False,False,False,
4080,408,Aston University,46.2–49.8,4080,21.7,1436,26.2,627,83.6,248,64.6,647,95.7,30,i-95141863,master_account,0,/world-university-rankings/aston-university,816,United Kingdom,"15,710",20.9,35%,47 : 53,Aston University,False,False,False,https://www.timeshighereducation.com/student/register-interest/siuk?utm_medium=thewebsite&utm_campaign=cta-link&utm_source=rankings&iid=i-95141863
4090,409,Australian Catholic University,46.2–49.8,4090,17.7,1806,24.7,692,97.1,17,28.0,1469,83.9,213,i-49154853,master_account,0,/world-university-rankings/australian-catholic-university,587658,Australia,"22,604",31.7,20%,76 : 24,Australian Catholic University ACU,False,False,False,https://www.timeshighereducation.com/student/register-interest/aecc?utm_medium=thewebsite&utm_campaign=cta-link&utm_source=rankings&iid=i-49154853
4100,410,Beijing University of Chemical Technology,46.2–49.8,4100,26.4,1058,31.8,454,84.2,225,96.6,128,25.0,1983,i-55658251,master_account,11,/world-university-rankings/beijing-university-chemical-technology,623931,China,"26,260",18.5,1%,40 : 60,Beijing University of Chemical Technology,False,False,False,
4110,411,Boğaziçi University,46.2–49.8,4110,32.9,648,36.1,338,60.9,869,94.0,156,61.6,591,i-22223592,master_account,0,/world-university-rankings/bogazici-university,772,Turkey,"11,998",28.5,5%,46 : 54,Boğaziçi University,False,False,False,
4120,412,Bond University,46.2–49.8,4120,26.8,1028,21.9,823,87.3,168,25.8,1543,80.4,264,i-62901393,master_account,0,/world-university-rankings/bond-university,131609,Australia,"3,588",10.2,32%,56 : 44,Bond University,False,False,False,https://www.timeshighereducation.com/student/register-interest/aecc?utm_medium=thewebsite&utm_campaign=cta-link&utm_source=rankings&iid=i-62901393
4130,413,Bournemouth University,46.2–49.8,4130,18.8,1699,21.7,836,89.3,122,46.4,1017,89.2,139,i-22247194,master_account,0,/world-university-rankings/bournemouth-university,131397,United Kingdom,"15,605",19.9,24%,54 : 46,Bournemouth University,False,False,False,https://www.timeshighereducation.com/student/register-interest/siuk?utm_medium=thewebsite&utm_campaign=cta-link&utm_source=rankings&iid=i-22247194
4140,414,Brandeis University,46.2–49.8,4140,37.3,431,26.1,631,70.0,618,64.5,654,79.7,276,i-49167174,private,0,/world-university-rankings/brandeis-university,614,United States,"4,949",10.8,34%,56 : 44,Brandeis University,False,False,False,https://www.timeshighereducation.com/student/register-interest/shorelight?utm_medium=thewebsite&utm_campaign=cta-link&utm_source=rankings&iid=i-49167174
4150,415,Brunel University of London,46.2–49.8,4150,24.0,1239,26.6,614,81.8,288,64.9,642,98.1,8,i-26981023,master_account,0,/world-university-rankings/brunel-university-london,719,United Kingdom,"15,410",18.0,53%,44 : 56,Brunel University of London,False,False,False,https://www.timeshighereducation.com/student/register-interest/siuk?utm_medium=thewebsite&utm_campaign=cta-link&utm_source=rankings&iid=i-26981023
4160,416,Central Queensland University,46.2–49.8,4160,18.0,1770,26.9,601,86.6,183,50.2,941,80.4,265,i-53034181,master_account,11,/world-university-rankings/central-queensland-university,131564,Australia,"13,193",25.5,27%,61 : 39,Central Queensland University CQUni CQUniversity  Australia CQU,False,False,False,
4170,417,Charles Darwin University,46.2–49.8,4170,22.7,1359,29.9,517,78.9,366,50.4,937,82.4,233,i-76387108,master_account,0,/world-university-rankings/charles-darwin-university,774,Australia,"7,195",23.9,38%,65 : 35,Charles Darwin University,False,False,False,https://www.timeshighereducation.com/student/register-interest/aecc?utm_medium=thewebsite&utm_campaign=cta-link&utm_source=rankings&iid=i-76387108
4180,418,Charles University,46.2–49.8,4180,37.9,411,32.2,444,64.8,749,63.4,683,64.7,518,i-85906882,master_account,0,/world-university-rankings/charles-university,799,Czechia,"53,904",13.5,24%,62 : 38,Charles University,False,False,False,
4190,419,Chung-Ang University,46.2–49.8,4190,38.8,379,38.9,277,55.7,1023,93.3,164,63.4,550,i-23219112,master_account,11,/world-university-rankings/chung-ang-university,952,South Korea,"18,394",21.9,26%,,Chung-Ang University CAU Chung Ang Korea,False,False,False,
4200,420,Colorado School of Mines,46.2–49.8,4200,40.9,313,32.6,430,63.7,779,86.7,240,41.5,1225,i-08832472,public,0,/world-university-rankings/colorado-school-mines,673,United States,"7,022",17.2,7%,32 : 68,Colorado School of Mines,False,False,False,https://www.timeshighereducation.com/student/register-interest/shorelight?utm_medium=thewebsite&utm_campaign=cta-link&utm_source=rankings&iid=i-08832472
4210,421,Dalian University of Technology,46.2–49.8,4210,34.6,551,39.3,268,71.6,574,99.0,92,35.6,1477,i-12798361,master_account,0,/world-university-rankings/dalian-university-technology,941,China,"42,273",16.6,5%,32 : 68,Dalian University of Technology,False,False,False,
4220,422,Donghua University,46.2–49.8,4220,32.9,649,25.2,670,77.8,393,93.2,166,37.9,1374,i-78404937,master_account,0,/world-university-rankings/donghua-university,622755,China,"23,520",12.2,7%,48 : 52,Donghua University,False,False,False,
4230,423,Drexel University,46.2–49.8,4230,42.4,275,25.5,654,72.1,563,74.7,414,60.6,610,i-39843311,private,0,/world-university-rankings/drexel-university,699,United States,"18,893",12.2,15%,52 : 48,Drexel University,False,False,False,https://www.timeshighereducation.com/student/register-interest/shorelight?utm_medium=thewebsite&utm_campaign=cta-link&utm_source=rankings&iid=i-39843311
4240,424,Florida International University,46.2–49.8,4240,33.2,627,32.6,431,70.7,598,65.5,628,49.1,963,i-97483601,public,0,/world-university-rankings/florida-international-university,909,United States,"35,509",22.2,9%,56 : 44,Florida International University,False,False,False,
4250,425,Free University of Bozen-Bolzano,46.2–49.8,4250,31.4,730,21.9,824,83.7,244,51.3,917,78.2,301,i-91482304,master_account,6,/world-university-rankings/free-university-bozen-bolzano,589127,Italy,"4,032",10.4,17%,65 : 35,Free University of Bozen-Bolzano,False,False,False,
4260,426,George Mason University,46.2–49.8,4260,31.0,754,28.3,559,79.8,349,63.9,668,60.4,615,i-27260358,public,0,/world-university-rankings/george-mason-university,778,United States,"32,918",17.1,13%,52 : 48,George Mason University,False,False,False,https://www.timeshighereducation.com/student/into-university-partnerships?utm_medium=thewebsite&utm_campaign=cta-link&utm_source=rankings&iid=i-27260358
4270,427,Gwangju Institute of Science and Technology (GIST),46.2–49.8,4270,49.3,147,39.8,262,53.4,1085,94.0,157,52.3,829,i-97334751,master_account,0,/world-university-rankings/gwangju-institute-science-and-technology-gist,1034,South Korea,"1,773",9.3,9%,30 : 70,Gwangju Institute of Science and Technology (GIST),False,False,False,
4280,428,Heriot-Watt University,46.2–49.8,4280,33.4,614,30.3,503,58.8,933,70.3,508,95.5,33,i-23564362,master_account,0,/world-university-rankings/heriot-watt-university,828,United Kingdom,"9,705",15.4,44%,39 : 61,Heriot-Watt University,False,False,False,https://www.timeshighereducation.com/student/register-interest/siuk?utm_medium=thewebsite&utm_campaign=cta-link&utm_source=rankings&iid=i-23564362
4290,429,IMT Atlantique,46.2–49.8,4290,47.3,179,35.5,350,48.3,1224,97.8,115,81.2,254,i-11249433,master_account,0,/world-university-rankings/imt-atlantique,622476,France,"1,295",7.5,37%,26 : 74,IMT Atlantique,False,False,False,
4300,430,Institut Agro,46.2–49.8,4300,48.4,161,34.9,369,58.2,948,78.7,351,64.2,530,i-47349769,master_account,0,/world-university-rankings/institut-agro,690022,France,"2,565",8.8,17%,61 : 39,Institut Agro,False,False,False,
4310,431,Iowa State University,46.2–49.8,4310,41.6,294,36.2,336,64.7,758,87.0,236,44.0,1139,i-66451983,public,0,/world-university-rankings/iowa-state-university,648,United States,"27,116",17.2,8%,46 : 54,Iowa State University,False,False,False,https://www.timeshighereducation.com/student/register-interest/shorelight?utm_medium=thewebsite&utm_campaign=cta-link&utm_source=rankings&iid=i-66451983
4320,432,Iran University of Science and Technology,46.2–49.8,4320,32.0,689,33.9,405,79.5,357,88.6,219,34.0,1556,i-25499183,master_account,0,/world-university-rankings/iran-university-science-and-technology,128784,Iran,"12,556",29.0,7%,36 : 64,Iran University of Science and Technology,False,False,False,
4330,433,Jamia Millia Islamia,46.2–49.8,4330,43.0,261,18.2,1033,79.6,354,43.8,1072,42.5,1188,i-19765293,master_account,0,/world-university-rankings/jamia-millia-islamia,621534,India,"10,370",12.1,5%,52 : 48,Jamia Millia Islamia,False,False,False,
4340,434,Johannes Kepler University of Linz,46.2–49.8,4340,36.7,456,35.4,353,61.4,855,98.5,101,75.6,343,i-97966291,master_account,0,/world-university-rankings/johannes-kepler-university-linz,726,Austria,"6,857",20.5,23%,49 : 51,Johannes Kepler University of Linz,False,False,False,
4350,435,Leuphana University of Lüneburg,46.2–49.8,4350,23.5,1293,28.1,564,83.2,262,33.6,1306,66.0,492,i-57510629,master_account,0,/world-university-rankings/leuphana-university-luneburg,638525,Germany,"7,488",24.9,11%,63 : 37,Leuphana University of Lüneburg,False,False,False,
4360,436,Marche Polytechnic University,46.2–49.8,4360,35.8,495,26.4,621,75.9,442,72.6,453,33.9,1562,i-57754141,master_account,0,/world-university-rankings/marche-polytechnic-university,131584,Italy,"9,267",23.2,3%,50 : 50,Marche Polytechnic University,False,False,False,
4370,437,Montpellier University,46.2–49.8,4370,39.5,354,33.5,415,68.7,643,68.7,546,66.8,480,i-46503751,master_account,0,/world-university-rankings/montpellier-university,755,France,"39,869",19.9,15%,56 : 44,Montpellier University,False,False,False,
4380,438,Murdoch University,46.2–49.8,4380,25.9,1094,27.4,588,80.2,335,72.7,452,94.7,45,i-55542253,master_account,0,/world-university-rankings/murdoch-university,890,Australia,"15,815",29.1,53%,,Murdoch University Murdoch,False,False,False,
4390,439,National and Kapodistrian University of Athens,46.2–49.8,4390,24.4,1212,26.8,607,78.0,387,92.5,176,55.7,735,i-71690156,master_account,0,/world-university-rankings/national-and-kapodistrian-university-athens,131656,Greece,"66,736",34.1,12%,60 : 40,National and Kapodistrian University of Athens,False,False,False,
4400,440,National Taiwan University of Science and Technology (Taiwan Tech),46.2–49.8,4400,33.2,632,38.3,294,62.9,816,97.8,116,50.0,909,i-84697782,master_account,0,/world-university-rankings/national-taiwan-university-science-and-technology-taiwan-tech,793,Taiwan,"9,244",19.0,16%,30 : 70,National Taiwan University of Science and Technology (Taiwan Tech),False,False,False,
4410,441,National Tsing Hua University,46.2–49.8,4410,37.5,427,43.5,207,61.4,857,99.8,56,46.3,1058,i-86657261,master_account,11,/world-university-rankings/national-tsing-hua-university,680,Taiwan,"14,807",22.9,14%,42 : 58,National Tsing Hua University,False,False,False,
4420,442,National Yang Ming Chiao Tung University (NYCU Taiwan),46.2–49.8,4420,42.3,277,42.7,223,55.3,1028,100.0,19,39.9,1285,i-78370033,master_account,11,/world-university-rankings/national-yang-ming-chiao-tung-university-nycu-taiwan,709466,Taiwan,"18,360",15.9,9%,37 : 63,National Yang Ming Chiao Tung University (NYCU Taiwan),False,False,False,
4430,443,Nazarbayev University,46.2–49.8,4430,26.5,1053,30.3,504,76.8,420,44.4,1063,72.2,403,i-61289394,master_account,11,/world-university-rankings/nazarbayev-university,623373,Kazakhstan,"6,020",13.3,3%,53 : 47,Nazarbayev University,False,False,False,
4440,444,Near East University,46.2–49.8,4440,27.4,989,21.7,839,78.5,377,54.4,860,90.0,128,i-68846113,master_account,0,/world-university-rankings/near-east-university,624027,Northern Cyprus,"17,228",26.6,88%,49 : 51,Near East University,False,False,False,
4450,445,Northumbria University,46.2–49.8,4450,23.6,1285,25.5,655,80.5,326,47.8,988,91.4,107,i-76477402,master_account,0,/world-university-rankings/northumbria-university,131684,United Kingdom,"25,815",17.1,30%,54 : 46,Northumbria University,False,False,False,https://www.timeshighereducation.com/student/register-interest/siuk?utm_medium=thewebsite&utm_campaign=cta-link&utm_source=rankings&iid=i-76477402
4460,446,Polytechnic University of Turin,46.2–49.8,4460,31.6,716,30.0,515,71.0,589,86.7,243,56.6,711,i-82771383,master_account,0,/world-university-rankings/polytechnic-university-turin,850,Italy,"30,286",25.8,20%,32 : 68,Polytechnic University of Turin,False,False,False,
4470,447,Pontificia Universidad Católica de Chile,46.2–49.8,4470,33.5,612,38.6,287,61.9,842,80.2,325,58.1,674,i-76081935,master_account,0,/world-university-rankings/pontificia-universidad-catolica-de-chile,852,Chile,"28,373",13.8,6%,,Pontificia Universidad Católica de Chile,False,False,False,
4480,448,Prince Sattam Bin Abdulaziz University,46.2–49.8,4480,25.4,1136,28.8,549,80.8,318,57.7,788,79.7,277,i-37157337,master_account,0,/world-university-rankings/prince-sattam-bin-abdulaziz-university,625194,Saudi Arabia,"24,820",10.8,6%,67 : 33,Prince Sattam Bin Abdulaziz University,False,False,False,
4490,449,Princess Nourah bint Abdulrahman University,46.2–49.8,4490,29.3,865,21.8,833,78.5,379,33.1,1320,85.0,201,i-86633083,master_account,0,/world-university-rankings/princess-nourah-bint-abdulrahman-university,131745,Saudi Arabia,"20,015",11.0,12%,100 : 0,Princess Nourah bint Abdulrahman University,False,False,False,
4500,450,Quaid-i-Azam University,46.2–49.8,4500,28.8,898,24.5,702,84.7,216,40.6,1134,56.1,724,i-07734502,master_account,0,/world-university-rankings/quaid-i-azam-university,131310,Pakistan,"12,431",20.9,2%,46 : 54,Quaid-i-Azam University,False,False,False,
4510,451,Roskilde University,46.2–49.8,4510,25.9,1096,34.1,399,74.6,481,73.9,429,54.7,763,i-64544813,master_account,1,/world-university-rankings/roskilde-university,587943,Denmark,"5,248",14.0,17%,66 : 34,Roskilde University,False,False,False,
4520,452,"Royal Holloway, University of London",46.2–49.8,4520,32.3,678,28.9,548,72.2,560,65.1,635,92.5,86,i-17688201,master_account,0,/world-university-rankings/royal-holloway-university-london,571,United Kingdom,"12,155",15.9,33%,57 : 43,"Royal Holloway, University of London",False,False,False,https://www.timeshighereducation.com/student/register-interest/siuk?utm_medium=thewebsite&utm_campaign=cta-link&utm_source=rankings&iid=i-17688201
4530,453,Rush University,46.2–49.8,4530,44.5,228,16.4,1176,80.6,323,63.5,678,30.4,1723,i-57914611,master_account,0,/world-university-rankings/rush-university,131585,United States,"2,902",2.6,2%,76 : 24,Rush University,False,False,False,https://www.timeshighereducation.com/student/register-interest/shorelight?utm_medium=thewebsite&utm_campaign=cta-link&utm_source=rankings&iid=i-57914611
4540,454,Saint Louis University,46.2–49.8,4540,43.8,246,17.7,1073,73.5,507,64.4,659,47.5,1018,i-63649632,private,0,/world-university-rankings/saint-louis-university,131616,United States,"11,556",7.5,11%,60 : 40,Saint Louis University,False,False,False,https://www.timeshighereducation.com/student/into-university-partnerships?utm_medium=thewebsite&utm_campaign=cta-link&utm_source=rankings&iid=i-63649632
4550,455,Shoolini University of Biotechnology and Management Sciences,46.2–49.8,4550,27.8,964,24.1,715,88.7,136,25.8,1546,68.7,455,i-63193883,master_account,0,/world-university-rankings/shoolini-university-biotechnology-and-management-sciences,589259,India,"3,676",16.4,1%,50 : 50,Shoolini University of Biotechnology and Management Sciences Shoolini,False,False,False,
4560,456,SOAS University of London,46.2–49.8,4560,38.7,385,34.7,375,59.9,899,38.9,1172,79.9,275,i-17905912,master_account,0,/world-university-rankings/soas-university-london,970,United Kingdom,"5,395",15.0,41%,63 : 37,SOAS University of London,False,False,False,
4570,457,Southern Cross University,46.2–49.8,4570,24.4,1215,29.9,519,72.8,537,66.9,595,79.1,286,i-88772691,master_account,0,/world-university-rankings/southern-cross-university,131754,Australia,"8,883",43.0,22%,69 : 31,Southern Cross University,False,False,False,https://www.timeshighereducation.com/student/register-interest/aecc?utm_medium=thewebsite&utm_campaign=cta-link&utm_source=rankings&iid=i-88772691
4580,458,Syracuse University,46.2–49.8,4580,35.5,508,27.9,574,71.1,586,64.4,660,68.7,456,i-05986189,private,0,/world-university-rankings/syracuse-university,1020,United States,"21,104",15.4,21%,54 : 46,Syracuse University,False,False,False,https://www.timeshighereducation.com/student/register-interest/shorelight?utm_medium=thewebsite&utm_campaign=cta-link&utm_source=rankings&iid=i-05986189
4590,459,Taipei Medical University,46.2–49.8,4590,46.3,199,32.2,446,63.6,790,86.6,246,48.6,985,i-10355813,master_account,11,/world-university-rankings/taipei-medical-university,991,Taiwan,"6,154",8.8,11%,59 : 41,Taipei Medical University TMU Taiwan medicine,False,False,False,
4600,460,Temple University,46.2–49.8,4600,43.2,256,22.6,789,79.9,348,70.8,494,41.2,1241,i-39481752,public,0,/world-university-rankings/temple-university,907,United States,"30,684",11.3,6%,57 : 43,Temple University,False,False,False,https://www.timeshighereducation.com/student/register-interest/shorelight?utm_medium=thewebsite&utm_campaign=cta-link&utm_source=rankings&iid=i-39481752
4610,461,The University of Tennessee-Knoxville,46.2–49.8,4610,35.4,510,31.3,476,72.4,552,70.8,495,52.8,816,i-80840401,public,0,/world-university-rankings/university-tennessee-knoxville,131711,United States,"31,306",17.8,4%,,The University of Tennessee-Knoxville,False,False,False,https://www.timeshighereducation.com/student/register-interest/shorelight?utm_medium=thewebsite&utm_campaign=cta-link&utm_source=rankings&iid=i-80840401
4620,462,Tulane University,46.2–49.8,4620,43.0,264,23.4,745,75.8,447,63.8,670,50.2,900,i-04338708,private,0,/world-university-rankings/tulane-university,686,United States,"13,113",7.4,10%,61 : 39,Tulane University,False,False,False,https://www.timeshighereducation.com/student/register-interest/shorelight?utm_medium=thewebsite&utm_campaign=cta-link&utm_source=rankings&iid=i-04338708
4630,463,Umeå University,46.2–49.8,4630,30.0,821,33.1,424,80.2,339,63.2,689,62.1,580,i-05937621,master_account,0,/world-university-rankings/umea-university,688,Sweden,"13,447",9.4,8%,62 : 38,Umeå University,False,False,False,
4640,464,Umm Al-Qura University,46.2–49.8,4640,35.4,511,25.3,668,75.7,450,34.5,1286,63.2,558,i-02519094,master_account,11,/world-university-rankings/umm-al-qura-university,623343,Saudi Arabia,"34,462",13.3,6%,47 : 53,Umm Al-Qura University,False,False,False,
4650,465,Université Laval,46.2–49.8,4650,31.8,703,34.6,382,69.4,630,91.7,192,72.3,402,i-25084382,master_account,0,/world-university-rankings/universite-laval,876,Canada,"30,127",13.4,18%,59 : 41,Université Laval,False,False,False,
4660,466,Universiti Sains Malaysia,46.2–49.8,4660,42.9,266,30.3,505,65.8,720,64.5,656,76.5,324,i-38775701,master_account,0,/world-university-rankings/universiti-sains-malaysia,131486,Malaysia,"26,522",12.7,39%,63 : 37,Universiti Sains Malaysia,False,False,False,
4670,467,Universiti Teknologi Malaysia,46.2–49.8,4670,44.5,230,29.5,533,62.0,837,71.1,480,70.7,426,i-73795822,master_account,0,/world-university-rankings/universiti-teknologi-malaysia,1042,Malaysia,"16,724",10.1,28%,48 : 52,Universiti Teknologi Malaysia,False,False,False,
4680,468,Universiti Utara Malaysia,46.2–49.8,4680,41.1,309,30.2,508,66.2,710,30.1,1405,82.1,237,i-44464323,master_account,0,/world-university-rankings/universiti-utara-malaysia,131511,Malaysia,"11,413",11.1,33%,65 : 35,Universiti Utara Malaysia,False,False,False,
4690,469,University of Bordeaux,46.2–49.8,4690,36.8,454,28.0,570,68.6,647,68.3,558,64.6,523,i-67211391,master_account,6,/world-university-rankings/university-bordeaux,131635,France,"51,535",21.0,15%,60 : 40,University of Bordeaux,False,False,False,
4700,470,"University of California, Merced",46.2–49.8,4700,31.6,721,29.0,543,86.7,182,58.0,784,47.7,1009,i-80496051,master_account,0,/world-university-rankings/university-california-merced,622527,United States,"9,070",21.2,7%,46 : 54,"University of California, Merced",False,False,False,https://www.timeshighereducation.com/student/register-interest/shorelight?utm_medium=thewebsite&utm_campaign=cta-link&utm_source=rankings&iid=i-80496051
4710,471,University of Canberra,46.2–49.8,4710,25.7,1114,31.0,488,76.0,441,57.0,807,89.1,142,i-22407321,master_account,0,/world-university-rankings/university-canberra,131399,Australia,"10,723",27.2,44%,57 : 43,University of Canberra,False,False,False,
4720,472,University of Central Florida,46.2–49.8,4720,29.1,880,32.8,429,77.2,410,74.3,424,36.8,1420,i-70644356,public,0,/world-university-rankings/university-central-florida,595858,United States,"61,009",30.8,5%,57 : 43,University of Central Florida,False,False,False,https://www.timeshighereducation.com/student/register-interest/shorelight?utm_medium=thewebsite&utm_campaign=cta-link&utm_source=rankings&iid=i-70644356
4730,473,University of Coimbra,46.2–49.8,4730,33.8,600,42.1,233,61.5,853,81.4,313,54.7,764,i-44238802,master_account,0,/world-university-rankings/university-coimbra,820,Portugal,"23,217",20.4,19%,58 : 42,University of Coimbra,False,False,False,
4740,474,University of Cyprus,46.2–49.8,4740,28.9,895,30.7,499,69.2,636,70.2,512,74.1,372,i-43033131,master_account,11,/world-university-rankings/university-cyprus,131501,Cyprus,"6,983",19.9,14%,62 : 38,University of Cyprus,False,False,False,
4750,475,University of Delaware,46.2–49.8,4750,36.1,483,32.0,450,68.5,652,80.4,324,58.1,675,i-60250683,public,0,/world-university-rankings/university-delaware,644,United States,"21,608",14.6,11%,58 : 42,University of Delaware,False,False,False,https://www.timeshighereducation.com/student/register-interest/shorelight?utm_medium=thewebsite&utm_campaign=cta-link&utm_source=rankings&iid=i-60250683
4760,476,University of Eastern Finland,46.2–49.8,4760,28.6,917,31.1,484,76.6,424,67.6,576,49.7,933,i-29597692,master_account,0,/world-university-rankings/university-eastern-finland,776,Finland,"12,849",17.1,7%,68 : 32,University of Eastern Finland,False,False,False,
4770,477,University of Fribourg,46.2–49.8,4770,39.1,368,33.8,410,62.4,830,71.9,465,81.3,252,i-63366931,master_account,0,/world-university-rankings/university-fribourg,887,Switzerland,"6,817",14.8,17%,65 : 35,University of Fribourg,False,False,False,
4780,478,University of Genoa,46.2–49.8,4780,39.4,361,30.9,491,74.6,482,76.2,385,46.9,1035,i-67631612,master_account,0,/world-university-rankings/university-genoa,131638,Italy,"20,218",16.4,9%,58 : 42,University of Genoa,False,False,False,
4790,479,University of Greifswald,46.2–49.8,4790,35.1,522,31.3,477,69.5,628,58.3,778,51.4,860,i-02097899,master_account,0,/world-university-rankings/university-greifswald,131277,Germany,"10,298",18.8,9%,61 : 39,University of Greifswald,False,False,False,
4800,480,University of Guelph,46.2–49.8,4800,34.8,542,36.7,326,64.1,768,80.0,329,63.6,544,i-02302013,master_account,0,/world-university-rankings/university-guelph,746,Canada,"23,314",28.3,11%,59 : 41,University of Guelph,False,False,False,https://www.timeshighereducation.com/student/register-interest/applyboard?utm_medium=thewebsite&utm_campaign=cta-link&utm_source=rankings&iid=i-02302013
4810,481,University of Houston,46.2–49.8,4810,33.2,635,26.2,630,73.0,526,68.8,544,75.3,349,i-22783831,public,0,/world-university-rankings/university-houston,780,United States,"46,269",24.0,16%,53 : 47,University of Houston,False,False,False,https://www.timeshighereducation.com/student/register-interest/shorelight?utm_medium=thewebsite&utm_campaign=cta-link&utm_source=rankings&iid=i-22783831
4820,482,University of Jyväskylä,46.2–49.8,4820,31.9,700,34.4,389,77.2,411,49.1,960,48.6,987,i-29234878,master_account,0,/world-university-rankings/university-jyvaskyla,900,Finland,"11,150",13.1,4%,64 : 36,University of Jyväskylä,False,False,False,
4830,483,University of Kent,46.2–49.8,4830,29.5,853,28.4,558,73.2,520,64.4,663,92.6,84,i-50178241,master_account,0,/world-university-rankings/university-kent,832,United Kingdom,"15,680",17.0,28%,54 : 46,University of Kent,False,False,False,
4840,484,University of Kentucky,46.2–49.8,4840,44.0,242,29.6,530,68.8,639,71.1,481,43.6,1152,i-63697822,public,0,/world-university-rankings/university-kentucky,752,United States,"28,680",11.4,3%,60 : 40,University of Kentucky,False,False,False,https://www.timeshighereducation.com/student/register-interest/shorelight?utm_medium=thewebsite&utm_campaign=cta-link&utm_source=rankings&iid=i-63697822
4850,485,University of Lisbon,46.2–49.8,4850,31.1,751,41.8,239,66.8,692,75.3,398,60.3,618,i-06630368,master_account,0,/world-university-rankings/university-lisbon,1032,Portugal,"50,344",18.1,23%,54 : 46,University of Lisbon,False,False,False,
4860,486,University of Marburg,46.2–49.8,4860,37.8,418,32.1,448,72.0,566,70.8,496,61.9,588,i-87469591,master_account,0,/world-university-rankings/university-marburg,589325,Germany,"22,883",29.8,17%,58 : 42,University of Marburg,False,False,False,
4870,487,University of Milan-Bicocca,46.2–49.8,4870,25.1,1161,27.1,598,87.7,156,68.1,562,46.3,1061,i-98497281,master_account,0,/world-university-rankings/university-milan-bicocca,705,Italy,"28,650",24.9,5%,61 : 39,University of Milan-Bicocca,False,False,False,
4880,488,University of Nizwa,46.2–49.8,4880,28.1,948,26.0,637,76.2,432,34.0,1298,83.0,227,i-63127442,master_account,0,/world-university-rankings/university-nizwa,709472,Oman,"3,498",8.9,11%,77 : 23,University of Nizwa,False,False,False,
4890,489,University of Oregon,46.2–49.8,4890,34.7,550,30.0,516,75.7,451,73.8,430,41.4,1235,i-76164771,public,0,/world-university-rankings/university-oregon,880,United States,"22,659",13.7,5%,59 : 41,University of Oregon,False,False,False,https://www.timeshighereducation.com/student/register-interest/shorelight?utm_medium=thewebsite&utm_campaign=cta-link&utm_source=rankings&iid=i-76164771
4900,490,University of Porto,46.2–49.8,4900,33.7,603,39.1,275,70.2,611,67.8,571,56.0,727,i-79608902,master_account,0,/world-university-rankings/university-porto,798,Portugal,"38,127",17.5,19%,55 : 45,University of Porto,False,False,False,
4910,491,University of Portsmouth,46.2–49.8,4910,22.0,1419,20.1,924,88.7,137,51.1,926,94.5,50,i-40952633,master_account,0,/world-university-rankings/university-portsmouth,893,United Kingdom,"22,370",15.9,36%,48 : 52,University of Portsmouth,False,False,False,https://www.timeshighereducation.com/student/register-interest/siuk?utm_medium=thewebsite&utm_campaign=cta-link&utm_source=rankings&iid=i-40952633
4920,492,University of Regensburg,46.2–49.8,4920,36.3,477,30.8,494,70.9,593,67.6,579,58.4,669,i-68345721,master_account,0,/world-university-rankings/university-regensburg,621369,Germany,"18,210",19.4,7%,61 : 39,University of Regensburg,False,False,False,
4930,493,University of South Carolina-Columbia,46.2–49.8,4930,35.9,494,24.0,722,74.8,479,64.6,653,56.0,728,i-43280749,public,0,/world-university-rankings/university-south-carolina-columbia,683,United States,"33,819",16.7,4%,59 : 41,University of South Carolina-Columbia,False,False,False,https://www.timeshighereducation.com/student/register-interest/shorelight?utm_medium=thewebsite&utm_campaign=cta-link&utm_source=rankings&iid=i-43280749
4940,494,University of Tehran,46.2–49.8,4940,38.3,399,31.1,485,70.1,615,65.0,639,36.1,1457,i-51114922,master_account,0,/world-university-rankings/university-tehran,131551,Iran,"55,821",26.1,2%,46 : 54,University of Tehran,False,False,False,
4950,495,University of Texas at Dallas,46.2–49.8,4950,29.2,875,26.6,618,76.6,425,73.8,431,63.4,552,i-45300162,public,0,/world-university-rankings/university-texas-dallas,733,United States,"26,710",24.5,22%,44 : 56,University of Texas at Dallas utd,False,False,False,
4960,496,University of Turin,46.2–49.8,4960,24.3,1223,31.9,453,81.7,295,74.0,427,44.3,1129,i-51137501,master_account,0,/world-university-rankings/university-turin,884,Italy,"60,028",25.4,6%,62 : 38,University of Turin,False,False,False,
4970,497,University of Vaasa,46.2–49.8,4970,23.7,1276,28.1,566,90.5,107,35.6,1251,67.4,473,i-48177673,master_account,0,/world-university-rankings/university-vaasa,660806,Finland,"4,302",18.3,6%,50 : 50,University of Vaasa,False,False,False,
4980,498,University of Waikato,46.2–49.8,4980,24.1,1236,31.5,464,72.3,559,74.6,419,88.1,163,i-22862122,master_account,0,/world-university-rankings/university-waikato,812,New Zealand,"10,521",20.7,31%,61 : 39,University of Waikato UoW,False,False,False,https://www.timeshighereducation.com/student/register-interest/aecc?utm_medium=thewebsite&utm_campaign=cta-link&utm_source=rankings&iid=i-22862122
4990,499,Victoria University of Wellington,46.2–49.8,4990,29.0,889,33.5,417,73.7,504,62.9,693,75.0,358,i-06549291,master_account,0,/world-university-rankings/victoria-university-wellington,736,New Zealand,"15,728",17.4,12%,59 : 41,Victoria University of Wellington,False,False,False,https://www.timeshighereducation.com/student/register-interest/aecc?utm_medium=thewebsite&utm_campaign=cta-link&utm_source=rankings&iid=i-06549291
5000,500,Virginia Commonwealth University,46.2–49.8,5000,38.1,405,23.0,766,81.3,308,75.3,399,35.4,1494,i-58151541,public,0,/world-university-rankings/virginia-commonwealth-university,594842,United States,"25,120",10.1,4%,65 : 35,Virginia Commonwealth University,False,False,False,https://www.timeshighereducation.com/student/register-interest/shorelight?utm_medium=thewebsite&utm_campaign=cta-link&utm_source=rankings&iid=i-58151541
5010,501,Wake Forest University,46.2–49.8,5010,38.0,410,23.2,751,80.5,328,92.3,184,38.7,1342,i-03430941,private,0,/world-university-rankings/wake-forest-university,627,United States,"8,289",3.4,10%,56 : 44,Wake Forest University,False,False,False,https://www.timeshighereducation.com/student/register-interest/shorelight?utm_medium=thewebsite&utm_campaign=cta-link&utm_source=rankings&iid=i-03430941
5020,502,Washington State University,46.2–49.8,5020,37.3,434,33.1,425,67.8,665,82.8,292,56.2,722,i-18966292,public,0,/world-university-rankings/washington-state-university,814,United States,"25,504",16.9,6%,54 : 46,Washington State University,False,False,False,https://www.timeshighereducation.com/student/register-interest/shorelight?utm_medium=thewebsite&utm_campaign=cta-link&utm_source=rankings&iid=i-18966292
5030,503,York University,46.2–49.8,5030,29.3,871,33.2,422,71.5,575,72.3,460,86.0,191,i-93526964,master_account,11,/world-university-rankings/york-university,765,Canada,"41,456",27.4,28%,54 : 46,York University,False,False,False,
5040,504,Zayed University,46.2–49.8,5040,21.8,1434,21.7,842,85.8,197,59.5,756,73.7,379,i-03209233,master_account,0,/world-university-rankings/zayed-university,131282,United Arab Emirates,"7,520",13.7,2%,83 : 17,Zayed University,False,False,False,
5050,505,Alfaisal University,43.6–46.1,5050,24.2,1224,19.5,950,73.7,499,50.4,936,97.2,16,i-39293841,master_account,11,/world-university-rankings/alfaisal-university,131490,Saudi Arabia,"3,443",11.3,37%,58 : 42,Alfaisal University,False,False,False,
5060,506,American University of Sharjah,43.6–46.1,5060,20.9,1504,28.7,552,73.0,524,49.7,951,87.5,169,i-46399922,master_account,1,/world-university-rankings/american-university-sharjah,995,United Arab Emirates,"5,432",17.7,72%,53 : 47,American University of Sharjah,False,False,False,
5070,507,Auckland University of Technology,43.6–46.1,5070,22.6,1370,22.8,774,73.6,505,49.8,949,91.3,110,i-28837184,master_account,6,/world-university-rankings/auckland-university-technology,131438,New Zealand,"17,420",17.0,49%,59 : 41,Auckland University of Technology AUT,False,False,False,
5080,508,Banaras Hindu University,43.6–46.1,5080,49.9,143,18.0,1047,67.8,663,31.0,1373,27.6,1849,i-06074679,master_account,0,/world-university-rankings/banaras-hindu-university,623298,India,"12,447",7.9,4%,49 : 51,Banaras Hindu University,False,False,False,
5090,509,Bangor University,43.6–46.1,5090,28.3,933,26.0,632,70.3,606,63.2,687,87.1,176,i-57489761,master_account,0,/world-university-rankings/bangor-university,715,United Kingdom,"9,035",15.7,31%,59 : 41,Bangor University,False,False,False,https://www.timeshighereducation.com/student/register-interest/siuk?utm_medium=thewebsite&utm_campaign=cta-link&utm_source=rankings&iid=i-57489761
5100,510,Ca’ Foscari University of Venice,43.6–46.1,5100,38.0,407,38.0,301,53.2,1091,61.3,718,65.9,494,i-70255622,master_account,0,/world-university-rankings/ca-foscari-university-venice,131648,Italy,"11,178",20.3,13%,64 : 36,Ca’ Foscari University of Venice,False,False,False,
5110,511,Campus Bio-Medico University of Rome,43.6–46.1,5110,36.9,446,27.2,593,73.3,515,54.1,867,33.6,1570,i-20259983,master_account,0,/world-university-rankings/campus-bio-medico-university-rome,715387,Italy,"2,820",16.1,2%,62 : 38,Campus Bio-Medico University of Rome,False,False,False,
5120,512,Carleton University,43.6–46.1,5120,23.4,1304,31.5,462,64.9,745,79.2,340,75.4,346,i-70245253,master_account,11,/world-university-rankings/carleton-university,694,Canada,"27,612",27.0,22%,49 : 51,Carleton University,False,False,False,https://www.timeshighereducation.com/student/register-interest/applyboard?utm_medium=thewebsite&utm_campaign=cta-link&utm_source=rankings&iid=i-70245253
5130,513,"China University of Petroleum, Beijing",43.6–46.1,5130,34.2,574,38.0,302,56.8,984,96.7,125,26.1,1928,i-86615903,master_account,0,/world-university-rankings/china-university-petroleum-beijing,131744,China,"18,745",18.1,5%,,"China University of Petroleum, Beijing",False,False,False,
5140,514,Chulalongkorn University,43.6–46.1,5140,39.5,352,31.3,474,56.1,1010,82.0,303,46.8,1037,i-88947184,master_account,6,/world-university-rankings/chulalongkorn-university,942,Thailand,"34,173",12.0,4%,55 : 45,Chulalongkorn University Chula Chulalongkorn thailand,False,False,False,
5150,515,"Colorado State University, Fort Collins",43.6–46.1,5150,35.0,523,30.2,507,68.7,641,70.7,498,46.2,1063,i-29201174,public,0,/world-university-rankings/colorado-state-university-fort-collins-0,696,United States,"28,466",15.4,4%,57 : 43,"Colorado State University, Fort Collins",False,False,False,https://www.timeshighereducation.com/student/into-university-partnerships?utm_medium=thewebsite&utm_campaign=cta-link&utm_source=rankings&iid=i-29201174
5160,516,Complutense University of Madrid,43.6–46.1,5160,43.7,248,34.5,385,57.6,958,56.6,816,49.1,961,i-35214501,master_account,0,/world-university-rankings/complutense-university-madrid,971,Spain,"57,684",10.0,16%,63 : 37,Complutense University of Madrid,False,False,False,
5170,517,Constructor University,43.6–46.1,5170,34.9,530,32.2,445,51.4,1132,92.4,178,94.0,58,i-41318451,master_account,0,/world-university-rankings/constructor-university,622455,Germany,"1,750",22.6,90%,42 : 58,Constructor University,False,False,False,
5180,518,Cyprus University of Technology,43.6–46.1,5180,28.9,890,25.6,648,75.1,471,36.3,1236,68.5,458,i-64386312,master_account,0,/world-university-rankings/cyprus-university-technology,131619,Cyprus,"3,377",15.8,15%,58 : 42,Cyprus University of Technology,False,False,False,
5190,519,Ewha Womans University,43.6–46.1,5190,36.9,448,37.3,312,50.3,1173,90.9,199,50.9,877,i-30317772,master_account,0,/world-university-rankings/ewha-womans-university,1018,South Korea,"14,226",16.6,16%,100 : 0,Ewha Womans University,False,False,False,
5200,520,Federation University Australia,43.6–46.1,5200,20.9,1506,18.2,1031,81.5,301,70.5,502,87.5,170,i-32965331,master_account,0,/world-university-rankings/federation-university-australia,648719,Australia,"8,886",15.1,41%,60 : 40,Federation University Australia federation university federation australia,False,False,False,
5210,521,Gachon University,43.6–46.1,5210,34.9,531,24.1,714,63.8,775,70.0,514,62.5,570,i-94434432,master_account,0,/world-university-rankings/gachon-university,624927,South Korea,"23,826",24.4,18%,50 : 50,Gachon University,False,False,False,
5220,522,Georgia State University,43.6–46.1,5220,32.9,650,26.7,611,67.1,677,62.5,702,53.3,805,i-29042203,public,0,/world-university-rankings/georgia-state-university,824,United States,"32,292",16.6,9%,60 : 40,Georgia State University,False,False,False,https://www.timeshighereducation.com/student/register-interest/shorelight?utm_medium=thewebsite&utm_campaign=cta-link&utm_source=rankings&iid=i-29042203
5230,523,"Goldsmiths, University of London",43.6–46.1,5230,28.2,940,23.5,742,71.2,580,48.8,965,80.8,260,i-30966193,master_account,0,/world-university-rankings/goldsmiths-university-london,131449,United Kingdom,"8,195",13.8,48%,69 : 31,"Goldsmiths, University of London",False,False,False,https://www.timeshighereducation.com/student/register-interest/siuk?utm_medium=thewebsite&utm_campaign=cta-link&utm_source=rankings&iid=i-30966193
5240,524,Hamburg University of Technology,43.6–46.1,5240,38.1,403,26.0,633,56.9,981,86.0,256,61.8,589,i-21494333,master_account,0,/world-university-rankings/hamburg-university-technology,625974,Germany,"4,396",21.3,28%,30 : 70,Hamburg University of Technology,False,False,False,
5250,525,HSE University,43.6–46.1,5250,31.7,707,43.7,206,54.6,1047,90.7,202,49.2,957,i-40311342,master_account,0,/world-university-rankings/hse-university,131492,Russian Federation,"36,414",18.8,13%,62 : 38,HSE University,False,False,True,
5260,526,Imam Abdulrahman Bin Faisal University,43.6–46.1,5260,33.4,615,19.5,953,75.4,460,26.6,1525,75.7,341,i-90753202,master_account,0,/world-university-rankings/imam-abdulrahman-bin-faisal-university,131766,Saudi Arabia,"25,111",11.0,5%,89 : 11,Imam Abdulrahman Bin Faisal University,False,False,False,
5270,527,Indian Institute of Technology Indore,43.6–46.1,5270,42.9,265,28.9,544,63.9,772,40.9,1125,36.0,1461,i-91923301,master_account,0,/world-university-rankings/indian-institute-technology-indore,131774,India,"2,332",12.5,0%,24 : 76,Indian Institute of Technology Indore IIT Indore,False,False,False,
5280,528,Istanbul Technical University,43.6–46.1,5280,39.7,346,41.7,241,50.4,1167,93.0,168,44.1,1137,i-09547593,master_account,0,/world-university-rankings/istanbul-technical-university,750,Turkey,"18,037",18.8,15%,42 : 58,Istanbul Technical University,False,False,False,
5290,529,Jagiellonian University,43.6–46.1,5290,43.8,245,33.6,411,51.1,1140,54.2,865,45.7,1077,i-93008242,master_account,0,/world-university-rankings/jagiellonian-university,783,Poland,"32,022",8.8,13%,67 : 33,Jagiellonian University,False,False,False,
5300,530,Jiangsu University,43.6–46.1,5300,28.0,951,18.0,1050,83.6,249,75.1,402,54.9,757,i-57273593,master_account,0,/world-university-rankings/jiangsu-university,131581,China,"35,531",9.4,6%,43 : 57,Jiangsu University,False,False,False,
5310,531,Jinan University (China),43.6–46.1,5310,26.7,1038,25.9,640,77.8,394,65.9,621,57.1,701,i-82163203,master_account,0,/world-university-rankings/jinan-university-china,404757,China,"38,488",15.0,28%,56 : 44,Jinan University (China),False,False,False,
5320,532,Juntendo University,43.6–46.1,5320,37.3,432,17.2,1107,74.5,486,83.1,285,26.3,1914,i-90809003,master_account,0,/world-university-rankings/juntendo-university,930,Japan,"7,371",5.3,3%,54 : 46,Juntendo University,False,False,False,
5330,533,Keele University,43.6–46.1,5330,23.5,1292,22.6,786,75.5,456,63.8,669,82.3,234,i-54705553,master_account,0,/world-university-rankings/keele-university,784,United Kingdom,"10,370",15.4,20%,62 : 38,Keele University,False,False,False,https://www.timeshighereducation.com/student/register-interest/siuk?utm_medium=thewebsite&utm_campaign=cta-link&utm_source=rankings&iid=i-54705553
5340,534,KIIT University,43.6–46.1,5340,43.0,262,20.9,882,63.5,796,60.6,733,45.6,1079,i-12339695,master_account,11,/world-university-rankings/kiit-university,622215,India,"19,682",10.3,14%,56 : 44,KIIT University KIIT,False,False,False,
5350,535,Konkuk University,43.6–46.1,5350,34.2,577,38.8,280,50.2,1175,96.4,133,63.7,541,i-51548481,master_account,0,/world-university-rankings/konkuk-university,950,South Korea,"11,274",25.4,22%,,Konkuk University,False,False,False,
5360,536,Kyungpook National University (KNU),43.6–46.1,5360,34.8,536,38.5,289,51.0,1145,96.1,136,52.3,830,i-61246677,master_account,11,/world-university-rankings/kyungpook-national-university-knu,944,South Korea,"17,162",15.8,17%,47 : 53,Kyungpook National University (KNU),False,False,False,
5370,537,Lincoln University (New Zealand),43.6–46.1,5370,29.1,878,25.6,652,62.2,834,53.5,878,91.0,116,i-80877533,master_account,0,/world-university-rankings/lincoln-university-new-zealand,589199,New Zealand,"3,123",15.0,42%,55 : 45,Lincoln University (New Zealand),False,False,False,https://www.timeshighereducation.com/student/register-interest/aecc?utm_medium=thewebsite&utm_campaign=cta-link&utm_source=rankings&iid=i-80877533
5380,538,Liverpool John Moores University,43.6–46.1,5380,19.7,1621,19.7,941,83.8,241,51.2,920,79.9,274,i-61631603,master_account,0,/world-university-rankings/liverpool-john-moores-university,836,United Kingdom,"24,415",18.1,16%,57 : 43,Liverpool John Moores University,False,False,False,https://www.timeshighereducation.com/student/register-interest/siuk?utm_medium=thewebsite&utm_campaign=cta-link&utm_source=rankings&iid=i-61631603
5390,539,Lovely Professional University,43.6–46.1,5390,24.6,1196,17.6,1081,87.6,157,31.5,1360,53.9,782,i-51786141,master_account,0,/world-university-rankings/lovely-professional-university,622896,India,"36,891",14.9,8%,28 : 72,Lovely Professional University,False,False,False,
5400,540,Mahatma Gandhi University,43.6–46.1,5400,46.5,194,28.5,556,63.6,787,36.4,1229,30.0,1737,i-71140111,master_account,0,/world-university-rankings/mahatma-gandhi-university,624870,India,"2,470",9.8,2%,65 : 35,Mahatma Gandhi University,False,False,False,
5410,541,Massey University,43.6–46.1,5410,30.1,812,29.2,537,62.3,831,81.6,307,86.2,187,i-92906672,master_account,0,/world-university-rankings/massey-university,839,New Zealand,"15,413",16.5,30%,64 : 36,Massey University,False,False,False,https://www.timeshighereducation.com/student/register-interest/aecc?utm_medium=thewebsite&utm_campaign=cta-link&utm_source=rankings&iid=i-92906672
5420,542,Maynooth University,43.6–46.1,5420,23.5,1294,34.4,388,68.7,642,50.5,932,75.0,355,i-29482283,master_account,0,/world-university-rankings/maynooth-university,843,Ireland,"12,263",25.7,15%,57 : 43,Maynooth University,False,False,False,
5430,543,Memorial University of Newfoundland,43.6–46.1,5430,30.3,793,25.7,646,65.2,738,82.1,300,86.2,188,i-27640844,master_account,0,/world-university-rankings/memorial-university-newfoundland,131430,Canada,"16,376",15.3,29%,54 : 46,Memorial University of Newfoundland,False,False,False,
5440,544,Middlesex University,43.6–46.1,5440,22.4,1388,18.7,992,76.1,435,45.3,1048,92.5,85,i-25111084,master_account,0,/world-university-rankings/middlesex-university,131410,United Kingdom,"14,860",19.8,49%,59 : 41,Middlesex University,False,False,False,https://www.timeshighereducation.com/student/register-interest/siuk?utm_medium=thewebsite&utm_campaign=cta-link&utm_source=rankings&iid=i-25111084
5450,545,Missouri University of Science and Technology,43.6–46.1,5450,27.9,959,29.5,531,64.1,767,89.0,215,75.2,351,i-79806122,public,0,/world-university-rankings/missouri-university-science-and-technology,131700,United States,"7,306",21.8,13%,24 : 76,Missouri University of Science and Technology,False,False,False,https://www.timeshighereducation.com/student/register-interest/shorelight?utm_medium=thewebsite&utm_campaign=cta-link&utm_source=rankings&iid=i-79806122
5460,546,Mizzou - University of Missouri,43.6–46.1,5460,39.8,342,26.2,628,63.6,788,69.3,530,52.0,843,i-11279063,public,0,/world-university-rankings/mizzou-university-missouri,706,United States,"26,560",12.2,3%,56 : 44,Mizzou - University of Missouri,False,False,False,https://www.timeshighereducation.com/student/register-interest/shorelight?utm_medium=thewebsite&utm_campaign=cta-link&utm_source=rankings&iid=i-11279063
5470,547,National Cheng Kung University (NCKU),43.6–46.1,5470,36.9,449,41.3,248,52.0,1118,99.8,55,42.3,1195,i-04110314,master_account,0,/world-university-rankings/national-cheng-kung-university-ncku,885,Taiwan,"21,726",19.9,11%,38 : 62,National Cheng Kung University (NCKU),False,False,False,
5480,548,National Taiwan Normal University,43.6–46.1,5480,36.7,457,32.3,442,56.2,1007,86.4,251,54.4,772,i-64619781,master_account,0,/world-university-rankings/national-taiwan-normal-university,932,Taiwan,"11,067",12.4,17%,,National Taiwan Normal University ntnu,False,False,False,
5490,549,National Yunlin University of Science and Technology,43.6–46.1,5490,21.1,1491,28.9,547,81.8,290,79.9,331,48.2,995,i-40872353,master_account,0,/world-university-rankings/national-yunlin-university-science-and-technology,624552,Taiwan,"9,057",21.3,5%,39 : 61,National Yunlin University of Science and Technology,False,False,False,
5500,550,New Jersey Institute of Technology,43.6–46.1,5500,27.5,981,23.3,748,65.2,740,68.5,550,91.9,99,i-67078664,public,0,/world-university-rankings/new-jersey-institute-technology,845,United States,"10,459",14.9,29%,29 : 71,New Jersey Institute of Technology,False,False,False,https://www.timeshighereducation.com/student/register-interest/shorelight?utm_medium=thewebsite&utm_campaign=cta-link&utm_source=rankings&iid=i-67078664
5510,551,"Northeastern University, China",43.6–46.1,5510,31.7,709,31.4,467,63.9,773,96.2,134,35.4,1491,i-25106381,master_account,0,/world-university-rankings/northeastern-university-china,589202,China,"41,594",13.7,2%,,"Northeastern University, China",False,False,False,
5520,552,NOVA University of Lisbon,43.6–46.1,5520,30.2,802,36.4,331,59.7,908,75.8,389,62.0,582,i-50649661,master_account,0,/world-university-rankings/nova-university-lisbon,846,Portugal,"25,284",18.6,26%,51 : 49,NOVA University of Lisbon,False,False,False,
5530,553,Polytechnic University of Bari,43.6–46.1,5530,27.0,1017,31.1,483,72.8,536,73.9,428,36.7,1425,i-17434972,master_account,0,/world-university-rankings/polytechnic-university-bari,632826,Italy,"10,542",43.2,2%,31 : 69,Polytechnic University of Bari,False,False,False,
5540,554,Pusan National University,43.6–46.1,5540,41.6,295,39.6,263,49.1,1203,95.3,145,45.1,1100,i-32822914,master_account,0,/world-university-rankings/pusan-national-university,940,South Korea,"15,331",15.5,14%,53 : 47,Pusan National University Busan,False,False,False,
5550,555,Rensselaer Polytechnic Institute,43.6–46.1,5550,38.9,372,27.9,572,58.1,950,85.1,266,72.6,396,i-85269072,private,0,/world-university-rankings/rensselaer-polytechnic-institute,608,United States,"6,873",14.6,16%,31 : 69,Rensselaer Polytechnic Institute,False,False,False,https://www.timeshighereducation.com/student/register-interest/shorelight?utm_medium=thewebsite&utm_campaign=cta-link&utm_source=rankings&iid=i-85269072
5560,556,Royal Veterinary College,43.6–46.1,5560,31.9,698,21.5,849,66.2,709,64.4,658,93.0,76,i-87553751,master_account,0,/world-university-rankings/royal-veterinary-college,131747,United Kingdom,"2,305",11.0,40%,81 : 19,Royal Veterinary College,False,False,False,https://www.timeshighereducation.com/student/register-interest/siuk?utm_medium=thewebsite&utm_campaign=cta-link&utm_source=rankings&iid=i-87553751
5570,557,RPTU University Kaiserslautern-Landau,43.6–46.1,5570,36.1,482,30.9,490,56.3,1002,83.2,284,51.1,870,i-12990611,master_account,0,/world-university-rankings/rptu-university-kaiserslautern-landau,131341,Germany,"10,796",22.4,14%,49 : 51,RPTU University Kaiserslautern-Landau,False,False,False,
5580,558,Saarland University,43.6–46.1,5580,32.5,668,19.2,976,73.1,523,68.7,547,78.8,291,i-23559533,master_account,0,/world-university-rankings/saarland-university,623346,Germany,"16,434",9.6,21%,52 : 48,Saarland University,False,False,False,
5590,559,Shanghai University,43.6–46.1,5590,31.5,726,37.6,309,64.3,762,93.6,160,37.3,1396,i-84120862,master_account,0,/world-university-rankings/shanghai-university,1001,China,"39,590",13.4,6%,50 : 50,Shanghai University,False,False,False,
5600,560,Shiraz University of Technology,43.6–46.1,5600,34.2,580,22.4,799,77.6,400,45.6,1033,38.4,1350,i-40022653,master_account,0,/world-university-rankings/shiraz-university-technology,624747,Iran,"1,747",14.9,0%,38 : 62,Shiraz University of Technology,False,False,False,
5610,561,"Soochow University, China",43.6–46.1,5610,29.3,866,26.4,622,77.6,401,92.8,173,27.1,1882,i-45104563,master_account,11,/world-university-rankings/soochow-university-china,131518,China,"48,737",15.8,2%,50 : 50,"Soochow University, China",False,False,False,
5620,562,Stevens Institute of Technology,43.6–46.1,5620,27.6,977,25.2,672,72.2,561,67.8,570,79.2,285,i-42653531,private,0,/world-university-rankings/stevens-institute-technology,589226,United States,"7,887",20.8,40%,29 : 71,Stevens Institute of Technology,False,False,False,https://www.timeshighereducation.com/student/register-interest/shorelight?utm_medium=thewebsite&utm_campaign=cta-link&utm_source=rankings&iid=i-42653531
5630,563,Sultan Qaboos University,43.6–46.1,5630,30.9,762,24.6,697,70.1,612,40.7,1132,73.9,375,i-55106726,master_account,0,/world-university-rankings/sultan-qaboos-university,131572,Oman,"7,375",8.3,4%,50 : 50,Sultan Qaboos University,False,False,False,
5640,564,Tashkent Institute of Irrigation and Agricultural Mechanisation,43.6–46.1,5640,35.9,493,13.6,1422,79.9,346,49.4,958,51.2,868,i-57863393,master_account,0,/world-university-rankings/tashkent-institute-irrigation-and-agricultural-mechanisation,670533,Uzbekistan,"5,244",6.5,11%,44 : 56,Tashkent Institute of Irrigation and Agricultural Mechanisation,False,False,False,
5650,565,Tehran University of Medical Sciences,43.6–46.1,5650,49.0,156,27.7,577,56.8,985,84.2,275,42.7,1182,i-74715901,master_account,0,/world-university-rankings/tehran-university-medical-sciences,931,Iran,"12,476",6.6,16%,55 : 45,Tehran University of Medical Sciences,False,False,False,
5660,566,The University of Tulsa,43.6–46.1,5660,41.4,301,17.5,1088,70.6,602,58.8,763,60.7,608,i-38579964,private,0,/world-university-rankings/university-tulsa,131482,United States,"3,771",9.9,14%,49 : 51,The University of Tulsa,False,False,False,https://www.timeshighereducation.com/student/register-interest/shorelight?utm_medium=thewebsite&utm_campaign=cta-link&utm_source=rankings&iid=i-38579964
5670,567,TU Dortmund University,43.6–46.1,5670,36.0,486,35.3,358,57.0,979,71.5,474,56.5,712,i-09025009,master_account,0,/world-university-rankings/tu-dortmund-university,131317,Germany,"16,305",44.7,15%,50 : 50,TU Dortmund University,False,False,False,
5680,568,UEH University,43.6–46.1,5680,13.0,2127,21.8,834,92.1,74,50.1,945,53.6,796,i-87466491,master_account,0,/world-university-rankings/ueh-university,672282,Vietnam,"34,586",33.8,0%,70 : 30,UEH University,False,False,False,
5690,569,Université du Québec,43.6–46.1,5690,33.4,618,33.5,416,57.1,973,73.2,440,76.7,318,i-70194892,master_account,0,/world-university-rankings/universite-du-quebec,623094,Canada,"50,342",17.1,17%,58 : 42,Université du Québec,False,False,False,https://www.timeshighereducation.com/student/register-interest/applyboard?utm_medium=thewebsite&utm_campaign=cta-link&utm_source=rankings&iid=i-70194892
5700,570,Universiti Putra Malaysia,43.6–46.1,5700,40.7,319,31.6,460,51.7,1128,57.1,802,82.5,232,i-84577173,master_account,0,/world-university-rankings/universiti-putra-malaysia,1007,Malaysia,"20,358",12.8,40%,64 : 36,Universiti Putra Malaysia,False,False,False,
5710,571,University of Bradford,43.6–46.1,5710,21.4,1470,21.4,854,76.1,437,58.5,768,93.3,72,i-60961891,master_account,0,/world-university-rankings/university-bradford,914,United Kingdom,"11,775",22.0,47%,56 : 44,University of Bradford,False,False,False,https://www.timeshighereducation.com/student/register-interest/siuk?utm_medium=thewebsite&utm_campaign=cta-link&utm_source=rankings&iid=i-60961891
5720,572,University of Catania,43.6–46.1,5720,31.4,736,22.0,819,78.7,371,59.0,762,47.2,1027,i-34236685,master_account,0,/world-university-rankings/university-catania,131466,Italy,"30,470",20.0,5%,56 : 44,University of Catania,False,False,False,
5730,573,University of Denver,43.6–46.1,5730,40.2,328,25.5,659,63.5,797,57.2,800,39.4,1304,i-63935632,private,0,/world-university-rankings/university-denver,589304,United States,"10,234",13.3,5%,62 : 38,University of Denver,False,False,False,https://www.timeshighereducation.com/student/register-interest/shorelight?utm_medium=thewebsite&utm_campaign=cta-link&utm_source=rankings&iid=i-63935632
5740,574,University of Ferrara,43.6–46.1,5740,31.9,699,26.8,609,70.3,609,68.5,551,44.0,1140,i-00688231,master_account,0,/world-university-rankings/university-ferrara,777,Italy,"23,862",33.5,5%,63 : 37,University of Ferrara,False,False,False,
5750,575,University of Graz,43.6–46.1,5750,32.3,679,24.1,718,65.3,736,51.0,928,81.2,255,i-76416366,master_account,0,/world-university-rankings/university-graz,721,Austria,"10,958",10.8,19%,65 : 35,University of Graz,False,False,False,
5760,576,University of Haifa,43.6–46.1,5760,29.6,844,31.2,481,68.6,648,65.0,638,34.6,1533,i-02238857,master_account,0,/world-university-rankings/university-haifa,131280,Israel,"16,297",17.5,3%,66 : 34,University of Haifa,False,False,False,
5770,577,University of Huddersfield,43.6–46.1,5770,25.6,1123,23.9,726,73.9,494,51.3,918,89.3,137,i-54896541,master_account,0,/world-university-rankings/university-huddersfield,131570,United Kingdom,"14,200",19.9,31%,58 : 42,University of Huddersfield,False,False,False,https://www.timeshighereducation.com/student/register-interest/siuk?utm_medium=thewebsite&utm_campaign=cta-link&utm_source=rankings&iid=i-54896541
5780,578,University of Hull,43.6–46.1,5780,27.3,999,23.8,731,72.9,529,57.5,794,87.8,167,i-22394063,master_account,11,/world-university-rankings/university-hull,781,United Kingdom,"13,250",18.4,35%,55 : 45,University of Hull,False,False,False,https://www.timeshighereducation.com/student/register-interest/siuk?utm_medium=thewebsite&utm_campaign=cta-link&utm_source=rankings&iid=i-22394063
5790,579,University of Iceland,43.6–46.1,5790,24.6,1198,35.3,359,69.3,633,83.1,286,55.2,749,i-23398962,master_account,0,/world-university-rankings/university-iceland,749,Iceland,"9,343",16.0,13%,69 : 31,University of Iceland,False,False,False,
5800,580,University of International Business and Economics,43.6–46.1,5800,29.2,874,19.0,984,87.3,170,31.5,1361,54.0,781,i-68341431,master_account,0,/world-university-rankings/university-international-business-and-economics,623187,China,"15,343",14.2,12%,73 : 27,University of International Business and Economics,False,False,False,
5810,581,University of KwaZulu-Natal,43.6–46.1,5810,31.4,737,37.9,306,61.5,854,49.1,961,54.9,760,i-18258421,master_account,0,/world-university-rankings/university-kwazulu-natal,902,South Africa,"33,675",30.7,2%,62 : 38,University of KwaZulu-Natal UKZN Kwazulu Natal Kwa zulu,False,False,False,
5820,582,University of Limerick,43.6–46.1,5820,28.6,918,34.6,384,61.7,848,73.1,446,75.0,356,i-98255531,master_account,11,/world-university-rankings/university-limerick,919,Ireland,"14,691",27.1,18%,52 : 48,University of Limerick,False,False,False,
5830,583,University of Manitoba,43.6–46.1,5830,29.5,855,25.1,678,72.9,531,61.4,717,60.4,616,i-35304783,master_account,0,/world-university-rankings/university-manitoba,790,Canada,"26,170",13.7,24%,54 : 46,University of Manitoba,False,False,False,https://www.timeshighereducation.com/student/register-interest/applyboard?utm_medium=thewebsite&utm_campaign=cta-link&utm_source=rankings&iid=i-35304783
5840,584,University of Messina,43.6–46.1,5840,35.6,503,28.1,565,71.8,570,64.3,665,36.6,1429,i-45874221,master_account,0,/world-university-rankings/university-messina,623967,Italy,"14,308",22.7,6%,63 : 37,University of Messina,False,False,False,
5850,585,University of Missouri-Kansas City,43.6–46.1,5850,30.3,797,24.4,708,75.2,470,64.3,666,45.5,1088,i-19029625,public,0,/world-university-rankings/university-missouri-kansas-city,593252,United States,"9,605",12.3,13%,58 : 42,University of Missouri-Kansas City,False,False,False,https://www.timeshighereducation.com/student/register-interest/shorelight?utm_medium=thewebsite&utm_campaign=cta-link&utm_source=rankings&iid=i-19029625
5860,586,University of Modena and Reggio Emilia,43.6–46.1,5860,34.7,549,25.7,647,72.9,532,77.9,361,38.9,1335,i-85531701,master_account,0,/world-university-rankings/university-modena-and-reggio-emilia,792,Italy,"18,479",18.9,4%,54 : 46,University of Modena and Reggio Emilia,False,False,False,
5870,587,University of Nebraska-Lincoln,43.6–46.1,5870,33.1,642,31.4,470,63.9,774,68.6,548,59.7,629,i-67477822,public,0,/world-university-rankings/university-nebraska-lincoln,962,United States,"23,880",16.7,7%,50 : 50,University of Nebraska-Lincoln,False,False,False,
5880,588,University of Nebraska Medical Center,43.6–46.1,5880,38.5,392,17.3,1104,79.4,359,67.3,584,40.8,1256,i-57877133,master_account,0,/world-university-rankings/university-nebraska-medical-center,1029,United States,"3,390",1.9,8%,71 : 29,University of Nebraska Medical Center,False,False,False,https://www.timeshighereducation.com/student/register-interest/shorelight?utm_medium=thewebsite&utm_campaign=cta-link&utm_source=rankings&iid=i-57877133
5890,589,University of Nicosia,43.6–46.1,5890,19.3,1659,24.1,719,81.3,306,51.7,907,90.2,125,i-28057103,master_account,11,/world-university-rankings/university-nicosia,626007,Cyprus,"6,398",17.2,65%,56 : 44,University of Nicosia,False,False,False,
5900,590,University of Palermo,43.6–46.1,5900,33.3,623,30.5,502,66.7,696,54.7,855,37.0,1411,i-00465333,master_account,0,/world-university-rankings/university-palermo,131270,Italy,"28,637",32.9,2%,58 : 42,University of Palermo,False,False,False,
5910,591,University of Plymouth,43.6–46.1,5910,23.0,1340,21.2,867,77.9,392,65.8,624,82.2,235,i-23101933,master_account,0,/world-university-rankings/university-plymouth,796,United Kingdom,"16,895",17.8,22%,61 : 39,University of Plymouth,False,False,False,https://www.timeshighereducation.com/student/register-interest/siuk?utm_medium=thewebsite&utm_campaign=cta-link&utm_source=rankings&iid=i-23101933
5920,592,University of Pretoria,43.6–46.1,5920,32.3,680,34.7,380,57.5,960,61.1,724,65.2,513,i-52507491,master_account,0,/world-university-rankings/university-pretoria,994,South Africa,"34,827",18.4,7%,61 : 39,University of Pretoria UP,False,False,False,
5930,593,University of Salerno,43.6–46.1,5930,30.6,774,30.2,511,72.7,544,63.1,691,36.9,1415,i-21523253,master_account,0,/world-university-rankings/university-salerno,589196,Italy,"20,506",25.6,4%,57 : 43,University of Salerno,False,False,False,
5940,594,University of Siegen,43.6–46.1,5940,30.4,788,36.7,327,63.6,793,63.6,676,60.0,625,i-88610141,master_account,0,/world-university-rankings/university-siegen,589187,Germany,"9,590",26.1,14%,57 : 43,University of Siegen,False,False,False,
5950,595,University of Stirling,43.6–46.1,5950,24.4,1219,26.3,626,74.6,483,45.6,1034,91.1,114,i-98853183,master_account,0,/world-university-rankings/university-stirling,804,United Kingdom,"11,725",18.9,34%,59 : 41,University of Stirling,False,False,False,
5960,596,University of the Sunshine Coast,43.6–46.1,5960,21.9,1426,29.5,534,72.2,562,64.5,657,68.0,467,i-21622742,master_account,0,/world-university-rankings/university-sunshine-coast,131394,Australia,"11,020",27.0,15%,70 : 30,University of the Sunshine Coast USC UniSC University of the Sunshine Coast,False,False,False,
5970,597,University of Toulouse,43.6–46.1,5970,32.5,672,30.7,500,62.9,820,71.0,486,67.7,469,i-69957622,master_account,0,/world-university-rankings/university-toulouse,587913,France,"110,552",22.0,16%,57 : 43,University of Toulouse,False,False,False,
5980,598,University of Trieste,43.6–46.1,5980,34.3,569,27.7,578,72.4,554,57.6,791,50.9,880,i-47083973,master_account,0,/world-university-rankings/university-trieste,713,Italy,"18,016",24.3,8%,58 : 42,University of Trieste,False,False,False,
5990,599,University of Ulsan,43.6–46.1,5990,30.6,775,27.6,584,75.8,448,92.9,171,24.0,2034,i-93436942,master_account,0,/world-university-rankings/university-ulsan,128781,South Korea,"11,778",10.7,2%,45 : 55,University of Ulsan,False,False,False,
6000,600,University of Valencia,43.6–46.1,6000,31.8,706,27.7,579,70.9,594,68.5,552,52.6,823,i-46876146,master_account,0,/world-university-rankings/university-valencia,809,Spain,"48,963",13.1,14%,64 : 36,University of Valencia,False,False,False,
6010,601,University of Windsor,43.6–46.1,6010,30.4,790,31.4,472,60.5,884,68.2,560,87.9,166,i-88327862,master_account,0,/world-university-rankings/university-windsor,589268,Canada,"14,932",35.1,36%,,University of Windsor,False,False,False,https://www.timeshighereducation.com/student/register-interest/applyboard?utm_medium=thewebsite&utm_campaign=cta-link&utm_source=rankings&iid=i-88327862
6020,602,UPES,43.6–46.1,6020,29.6,847,20.9,888,81.5,302,23.2,1670,54.3,778,i-57683393,master_account,0,/world-university-rankings/upes,624888,India,"9,231",9.6,0%,30 : 70,UPES,False,False,False,
6030,603,Victoria University,43.6–46.1,6030,22.9,1351,24.7,694,74.5,488,55.9,833,71.5,417,i-77443673,master_account,0,/world-university-rankings/victoria-university,589256,Australia,"14,540",29.4,25%,59 : 41,Victoria University,False,False,False,
6040,604,Wayne State University,43.6–46.1,6040,38.9,378,22.1,816,72.1,565,80.1,327,42.1,1206,i-27884402,public,0,/world-university-rankings/wayne-state-university,738,United States,"20,958",12.7,5%,59 : 41,Wayne State University,False,False,False,https://www.timeshighereducation.com/student/register-interest/shorelight?utm_medium=thewebsite&utm_campaign=cta-link&utm_source=rankings&iid=i-27884402
6050,605,Wroclaw Medical University,43.6–46.1,6050,43.5,251,17.9,1063,76.5,429,48.1,982,37.5,1390,i-11002183,master_account,0,/world-university-rankings/wroclaw-medical-university,623634,Poland,"6,075",8.6,14%,77 : 23,Wroclaw Medical University,False,False,False,
6060,606,Yangzhou University,43.6–46.1,6060,34.3,572,27.1,599,70.1,616,81.2,315,45.5,1089,i-17404973,master_account,0,/world-university-rankings/yangzhou-university,624264,China,"30,130",12.4,10%,,Yangzhou University,False,False,False,
6070,607,Yeungnam University,43.6–46.1,6070,25.1,1163,22.9,773,75.3,469,62.8,695,65.2,514,i-83485252,master_account,0,/world-university-rankings/yeungnam-university,131728,South Korea,"19,201",15.4,6%,50 : 50,Yeungnam University,False,False,False,
6080,608,Zhejiang University of Technology,43.6–46.1,6080,32.0,696,27.3,591,69.7,625,92.5,177,37.9,1376,i-24639372,master_account,0,/world-university-rankings/zhejiang-university-technology,623466,China,"31,557",13.9,9%,,Zhejiang University of Technology,False,False,False,
6090,609,Aberystwyth University,39.0–43.5,6090,26.9,1022,22.2,803,61.9,839,62.1,709,83.1,224,i-97330263,master_account,0,/world-university-rankings/aberystwyth-university,741,United Kingdom,"6,330",15.1,21%,52 : 48,Aberystwyth University,False,False,False,https://www.timeshighereducation.com/student/register-interest/siuk?utm_medium=thewebsite&utm_campaign=cta-link&utm_source=rankings&iid=i-97330263
6100,610,Air University,39.0–43.5,6100,22.5,1376,12.6,1526,83.7,243,34.9,1266,49.9,916,i-19793352,master_account,0,/world-university-rankings/air-university,688825,Pakistan,"10,530",14.5,0%,35 : 65,Air University,False,False,False,
6110,611,Alborz University of Medical Sciences,39.0–43.5,6110,41.3,304,12.7,1521,67.1,676,27.0,1508,27.3,1863,i-76985551,master_account,0,/world-university-rankings/alborz-university-medical-sciences,724782,Iran,"3,765",11.5,0%,54 : 46,Alborz University of Medical Sciences,False,False,False,
6120,612,Aligarh Muslim University,39.0–43.5,6120,41.3,305,16.8,1136,72.4,551,37.2,1210,40.9,1253,i-54594984,master_account,0,/world-university-rankings/aligarh-muslim-university,980,India,"21,223",14.7,1%,39 : 61,Aligarh Muslim University,False,False,False,
6130,613,Amedeo Avogadro University of Eastern Piedmont,39.0–43.5,6130,25.6,1116,24.8,686,70.6,600,52.9,887,47.8,1004,i-15732271,master_account,0,/world-university-rankings/amedeo-avogadro-university-eastern-piedmont,622857,Italy,"15,817",35.5,10%,61 : 39,Amedeo Avogadro University of Eastern Piedmont,False,False,False,
6140,614,American University,39.0–43.5,6140,35.7,499,18.6,997,63.6,784,41.6,1107,43.6,1150,i-67379501,private,0,/world-university-rankings/american-university,131636,United States,"13,316",12.0,11%,64 : 36,American University,False,False,False,https://www.timeshighereducation.com/student/register-interest/shorelight?utm_medium=thewebsite&utm_campaign=cta-link&utm_source=rankings&iid=i-67379501
6150,615,American University in Cairo,39.0–43.5,6150,30.1,808,25.9,638,53.7,1071,33.9,1299,71.9,409,i-13399801,master_account,1,/world-university-rankings/american-university-cairo,131347,Egypt,"6,233",10.4,8%,58 : 42,American University in Cairo,False,False,False,
6160,616,American University of the Middle East,39.0–43.5,6160,29.1,876,19.5,951,71.9,567,27.7,1488,85.6,192,i-13656172,master_account,11,/world-university-rankings/american-university-middle-east,706957,Kuwait,"5,014",11.1,15%,62 : 38,American University of the Middle East aum,False,False,False,
6170,617,"Amity University, Noida",39.0–43.5,6170,28.7,900,17.6,1078,76.9,417,42.1,1098,50.7,885,i-66186283,master_account,0,/world-university-rankings/amity-university-noida,131629,India,"29,510",14.9,14%,57 : 43,"Amity University, Noida",False,False,False,
6180,618,Anglia Ruskin University (ARU),39.0–43.5,6180,18.5,1724,14.6,1321,83.6,247,34.1,1292,91.0,115,i-64952081,master_account,0,/world-university-rankings/anglia-ruskin-university-aru,131623,United Kingdom,"28,065",27.2,49%,62 : 38,Anglia Ruskin University (ARU),False,False,False,https://www.timeshighereducation.com/student/register-interest/siuk?utm_medium=thewebsite&utm_campaign=cta-link&utm_source=rankings&iid=i-64952081
6190,619,Auburn University,39.0–43.5,6190,36.5,466,27.9,571,55.6,1024,71.8,467,54.6,765,i-23882234,public,0,/world-university-rankings/auburn-university,817,United States,"28,365",18.5,7%,51 : 49,Auburn University,False,False,False,https://www.timeshighereducation.com/student/register-interest/shorelight?utm_medium=thewebsite&utm_campaign=cta-link&utm_source=rankings&iid=i-23882234
6200,620,Babol Noshirvani University of Technology,39.0–43.5,6200,22.1,1408,21.9,822,86.1,191,36.3,1235,28.3,1818,i-34080832,master_account,0,/world-university-rankings/babol-noshirvani-university-technology,621564,Iran,"5,917",26.6,3%,34 : 66,Babol Noshirvani University of Technology,False,False,False,
6210,621,Babol University of Medical Sciences,39.0–43.5,6210,40.7,317,12.6,1527,71.1,584,22.3,1722,23.2,2066,i-64901523,master_account,0,/world-university-rankings/babol-university-medical-sciences,625236,Iran,"4,418",11.8,1%,54 : 46,Babol University of Medical Sciences,False,False,False,
6220,622,Bahauddin Zakariya University,39.0–43.5,6220,23.7,1271,18.1,1042,75.0,473,25.2,1563,49.5,942,i-83696693,master_account,0,/world-university-rankings/bahauddin-zakariya-university,587643,Pakistan,"19,120",19.5,0%,40 : 60,Bahauddin Zakariya University,False,False,False,
6230,623,Bar-Ilan University,39.0–43.5,6230,33.8,593,34.8,372,52.6,1105,65.9,619,32.8,1617,i-59668173,master_account,0,/world-university-rankings/bar-ilan-university,770,Israel,"19,887",20.6,4%,58 : 42,Bar-Ilan University,False,False,False,
6240,624,Beirut Arab University,39.0–43.5,6240,43.0,260,17.3,1098,46.3,1265,21.8,1752,88.2,158,i-19530521,master_account,0,/world-university-rankings/beirut-arab-university,131384,Lebanon,"4,167",10.4,21%,45 : 55,Beirut Arab University,False,False,False,
6250,625,Ben-Gurion University of the Negev,39.0–43.5,6250,35.5,505,25.3,663,57.3,965,65.2,632,36.0,1459,i-94372358,master_account,0,/world-university-rankings/ben-gurion-university-negev,131788,Israel,"16,196",12.0,2%,52 : 48,Ben-Gurion University of the Negev,False,False,False,
6260,626,Bharathiar University,39.0–43.5,6260,35.9,490,25.9,639,55.7,1022,45.4,1041,31.2,1688,i-39636173,master_account,0,/world-university-rankings/bharathiar-university,624435,India,"3,927",19.2,0%,55 : 45,Bharathiar University,False,False,False,
6270,627,Bilkent University,39.0–43.5,6270,28.4,927,35.5,349,51.3,1135,99.5,79,63.2,556,i-14956752,master_account,0,/world-university-rankings/bilkent-university,668,Turkey,"8,980",19.8,6%,48 : 52,Bilkent University,False,False,False,
6280,628,Capital Medical University,39.0–43.5,6280,36.9,447,21.2,862,64.0,769,57.2,797,23.2,2067,i-77051381,master_account,0,/world-university-rankings/capital-medical-university,131688,China,"16,357",4.0,4%,64 : 36,Capital Medical University,False,False,False,
6290,629,Centrale Nantes,39.0–43.5,6290,39.9,336,31.2,479,41.7,1390,86.1,255,85.4,195,i-25289774,master_account,0,/world-university-rankings/centrale-nantes,638882,France,"1,755",13.2,37%,23 : 77,Centrale Nantes,False,False,False,
6300,630,Central University of Punjab,39.0–43.5,6300,30.3,791,19.8,934,78.7,369,26.5,1529,29.2,1774,i-44460562,master_account,0,/world-university-rankings/central-university-punjab,724740,India,"2,829",14.1,2%,37 : 63,Central University of Punjab,False,False,False,
6310,631,Chang Gung University,39.0–43.5,6310,25.8,1101,35.3,355,50.2,1174,96.1,135,29.6,1760,i-33315131,master_account,0,/world-university-rankings/chang-gung-university,992,Taiwan,"7,142",12.4,5%,51 : 49,Chang Gung University chang gung,False,False,False,
6320,632,Charles Sturt University,39.0–43.5,6320,18.8,1700,20.2,915,72.3,555,52.2,900,59.2,641,i-00526782,master_account,0,/world-university-rankings/charles-sturt-university,622989,Australia,"18,763",21.8,11%,69 : 31,Charles Sturt University,False,False,False,https://www.timeshighereducation.com/student/register-interest/aecc?utm_medium=thewebsite&utm_campaign=cta-link&utm_source=rankings&iid=i-00526782
6330,633,Chitkara University,39.0–43.5,6330,21.1,1489,14.7,1308,91.0,101,22.7,1698,28.2,1825,i-53917502,master_account,0,/world-university-rankings/chitkara-university,622197,India,"18,269",13.8,3%,44 : 56,Chitkara University,False,False,False,
6340,634,City University of Macau,39.0–43.5,6340,30.8,765,17.1,1110,59.7,902,18.9,1950,93.5,66,i-79748746,master_account,11,/world-university-rankings/city-university-macau,724703,Macao,"8,701",16.6,64%,53 : 47,City University of Macau,False,False,False,
6350,635,Claude Bernard University Lyon 1,39.0–43.5,6350,27.0,1016,26.4,620,62.6,825,70.1,513,60.2,619,i-16727183,master_account,0,/world-university-rankings/claude-bernard-university-lyon-1,886,France,"35,702",16.9,13%,56 : 44,Claude Bernard University Lyon 1,False,False,False,
6360,636,COMSATS University Islamabad,39.0–43.5,6360,19.8,1609,16.9,1126,86.2,189,43.5,1077,50.9,876,i-28474042,master_account,0,/world-university-rankings/comsats-university-islamabad,587793,Pakistan,"33,193",15.8,1%,39 : 61,COMSATS University Islamabad,False,False,False,
6370,637,Concordia University,39.0–43.5,6370,24.5,1199,25.8,642,63.7,780,68.0,563,74.7,361,i-42348303,master_account,0,/world-university-rankings/concordia-university,913,Canada,"36,811",25.5,35%,49 : 51,Concordia University,False,False,False,https://www.timeshighereducation.com/student/register-interest/applyboard?utm_medium=thewebsite&utm_campaign=cta-link&utm_source=rankings&iid=i-42348303
6380,638,Coventry University,39.0–43.5,6380,21.6,1442,15.1,1283,73.5,506,44.9,1056,94.4,51,i-74907331,master_account,0,/world-university-rankings/coventry-university,131675,United Kingdom,"30,640",14.6,58%,50 : 50,Coventry University,False,False,False,
6390,639,Cyprus International University,39.0–43.5,6390,17.8,1793,12.1,1586,83.5,251,17.5,2057,83.9,214,i-46430033,master_account,0,/world-university-rankings/cyprus-international-university,631299,Northern Cyprus,"14,569",23.8,93%,47 : 53,Cyprus International University,False,False,False,
6400,640,Czech University of Life Sciences Prague (CZU),39.0–43.5,6400,25.1,1156,17.5,1087,64.9,746,47.3,998,78.5,296,i-09218921,master_account,0,/world-university-rankings/czech-university-life-sciences-prague-czu,587883,Czechia,"17,470",17.4,29%,48 : 52,Czech University of Life Sciences Prague (CZU),False,False,False,
6410,641,De Montfort University,39.0–43.5,6410,17.7,1807,16.4,1174,70.5,604,50.4,938,92.9,78,i-50643454,master_account,0,/world-university-rankings/de-montfort-university,131549,United Kingdom,"23,655",20.6,47%,48 : 52,De Montfort University,False,False,False,https://www.timeshighereducation.com/student/register-interest/siuk?utm_medium=thewebsite&utm_campaign=cta-link&utm_source=rankings&iid=i-50643454
6420,642,Dhofar University,39.0–43.5,6420,16.9,1876,19.0,980,80.8,317,27.8,1481,79.4,281,i-58758371,master_account,0,/world-university-rankings/dhofar-university,709457,Oman,"3,049",15.9,7%,53 : 47,Dhofar University,False,False,False,
6430,643,Duy Tan University,39.0–43.5,6430,12.8,2138,17.0,1119,91.9,80,27.9,1474,55.2,746,i-21875446,master_account,0,/world-university-rankings/duy-tan-university,670449,Vietnam,"23,574",22.7,1%,61 : 39,Duy Tan University,False,False,False,
6440,644,East China University of Science and Technology,39.0–43.5,6440,31.1,746,29.1,539,63.3,804,96.6,129,22.9,2085,i-57714963,master_account,0,/world-university-rankings/east-china-university-science-and-technology,1039,China,"32,389",19.0,2%,43 : 57,East China University of Science and Technology,False,False,False,
6450,645,Eastern Mediterranean University,39.0–43.5,6450,20.2,1566,12.7,1523,77.2,408,30.9,1377,77.3,312,i-98232531,master_account,0,/world-university-rankings/eastern-mediterranean-university,587619,Northern Cyprus,"14,696",23.3,72%,48 : 52,Eastern Mediterranean University emu,False,False,False,
6460,646,École des Mines de Saint-Étienne,39.0–43.5,6460,47.3,178,31.3,475,30.1,1683,78.9,344,72.0,406,i-21236452,master_account,0,/world-university-rankings/ecole-des-mines-de-saint-etienne,624531,France,"1,128",9.5,29%,27 : 73,École des Mines de Saint-Étienne,False,False,False,
6470,647,École Nationale des Travaux Publics de l'État (ENTPE),39.0–43.5,6470,36.4,470,37.2,314,41.8,1383,80.1,326,71.7,412,i-88400182,master_account,0,/world-university-rankings/ecole-nationale-des-travaux-publics-de-letat-entpe,719264,France,794,13.5,17%,43 : 57,École Nationale des Travaux Publics de l'État (ENTPE),False,False,False,
6480,648,Edinburgh Napier University,39.0–43.5,6480,17.5,1831,19.7,940,75.3,465,41.2,1116,90.3,124,i-47988817,master_account,0,/world-university-rankings/edinburgh-napier-university,131529,United Kingdom,"14,615",21.8,21%,55 : 45,Edinburgh Napier University,False,False,False,
6490,649,Egypt-Japan University of Science and Technology (E-JUST),39.0–43.5,6490,30.7,772,27.4,587,65.0,743,40.8,1126,53.3,804,i-28983928,master_account,0,/world-university-rankings/egypt-japan-university-science-and-technology-e-just,685084,Egypt,"3,015",26.5,4%,33 : 67,Egypt-Japan University of Science and Technology (E-JUST),False,False,False,
6500,650,Federal University of Rio de Janeiro,39.0–43.5,6500,42.6,272,36.2,335,38.1,1482,84.9,267,37.2,1399,i-53760793,master_account,0,/world-university-rankings/federal-university-rio-de-janeiro,987,Brazil,"56,160",14.6,1%,56 : 44,Federal University of Rio de Janeiro,False,False,False,
6510,651,Golestan University,39.0–43.5,6510,22.1,1410,15.6,1232,83.1,265,23.3,1659,59.2,643,i-69824747,master_account,0,/world-university-rankings/golestan-university,731584,Iran,"3,950",30.4,8%,62 : 38,Golestan University,False,False,False,
6520,652,Government College University Faisalabad,39.0–43.5,6520,20.3,1558,17.7,1071,81.4,303,22.3,1723,49.8,924,i-90172002,master_account,0,/world-university-rankings/government-college-university-faisalabad,692167,Pakistan,"22,898",26.6,0%,55 : 45,Government College University Faisalabad,False,False,False,
6530,653,Graphic Era University,39.0–43.5,6530,20.2,1567,22.2,804,92.0,76,20.1,1858,36.2,1446,i-21932023,master_account,0,/world-university-rankings/graphic-era-university,623808,India,"11,054",13.9,2%,45 : 55,Graphic Era University,False,False,False,
6540,654,Graz University of Technology,39.0–43.5,6540,41.9,283,22.7,783,46.5,1264,95.3,144,79.4,282,i-15091652,master_account,0,/world-university-rankings/graz-university-technology,131362,Austria,"6,734",8.7,26%,27 : 73,Graz University of Technology,False,False,False,
6550,655,Guangdong University of Technology,39.0–43.5,6550,18.8,1701,20.0,927,78.6,373,86.7,241,24.3,2017,i-49120461,master_account,0,/world-university-rankings/guangdong-university-technology,672264,China,"51,066",17.1,0%,29 : 71,Guangdong University of Technology,False,False,False,
6560,656,Harbin Engineering University,39.0–43.5,6560,29.7,836,33.8,407,50.6,1161,94.1,155,26.0,1934,i-32253941,master_account,0,/world-university-rankings/harbin-engineering-university,625653,China,"33,564",17.1,2%,24 : 76,Harbin Engineering University,False,False,False,
6570,657,Harokopio University of Athens,39.0–43.5,6570,20.8,1518,24.2,711,79.3,360,40.2,1143,39.5,1295,i-83579101,master_account,0,/world-university-rankings/harokopio-university-athens,707314,Greece,"2,994",28.1,4%,51 : 49,Harokopio University of Athens,False,False,False,
6580,658,Hiroshima University,39.0–43.5,6580,41.7,287,31.4,466,47.8,1240,79.8,332,49.1,964,i-67970893,master_account,0,/world-university-rankings/hiroshima-university,829,Japan,"14,922",8.7,12%,38 : 62,Hiroshima University,False,False,False,
6590,659,Imam Mohammad Ibn Saud Islamic University,39.0–43.5,6590,33.2,629,22.1,809,64.9,747,36.6,1222,83.1,225,i-70197969,master_account,0,/world-university-rankings/imam-mohammad-ibn-saud-islamic-university,623490,Saudi Arabia,"38,256",11.2,15%,50 : 50,Imam Mohammad Ibn Saud Islamic University,False,False,False,
6600,660,Indian Institute of Technology Patna,39.0–43.5,6600,34.8,535,22.5,793,70.4,605,36.0,1244,22.8,2089,i-85423403,master_account,0,/world-university-rankings/indian-institute-technology-patna,660965,India,"2,840",17.1,1%,23 : 77,Indian Institute of Technology Patna,False,False,False,
6610,661,"International Institute of Information Technology, Hyderabad",39.0–43.5,6610,29.3,862,18.7,991,66.3,706,56.6,818,43.5,1153,i-03064351,master_account,0,/world-university-rankings/international-institute-information-technology-hyderabad,689092,India,"1,882",13.4,7%,20 : 80,"International Institute of Information Technology, Hyderabad",False,False,False,
6620,662,Iran University of Medical Sciences,39.0–43.5,6620,48.3,162,17.3,1099,56.5,994,43.1,1084,46.6,1050,i-17025321,master_account,0,/world-university-rankings/iran-university-medical-sciences,131371,Iran,"8,876",7.8,19%,54 : 46,Iran University of Medical Sciences,False,False,False,
6630,663,ISCTE-University Institute of Lisbon,39.0–43.5,6630,29.8,831,35.9,343,54.9,1043,59.9,747,50.8,881,i-43019877,master_account,0,/world-university-rankings/iscte-university-institute-lisbon,131500,Portugal,"10,999",26.0,18%,53 : 47,ISCTE-University Institute of Lisbon,False,False,False,
6640,664,Isfahan University of Medical Sciences,39.0–43.5,6640,46.6,189,22.5,794,49.7,1185,65.6,626,27.5,1854,i-50908661,master_account,0,/world-university-rankings/isfahan-university-medical-sciences,624723,Iran,"10,760",10.5,4%,59 : 41,Isfahan University of Medical Sciences,False,False,False,
6650,665,Isfahan University of Technology,39.0–43.5,6650,34.1,584,27.6,581,59.7,903,84.4,272,36.6,1427,i-72762193,master_account,0,/world-university-rankings/isfahan-university-technology,953,Iran,"10,096",22.6,3%,40 : 60,Isfahan University of Technology,False,False,False,
6660,666,Jazan University,39.0–43.5,6660,22.5,1382,12.4,1556,75.4,461,21.1,1789,76.3,328,i-09660072,master_account,0,/world-university-rankings/jazan-university,628446,Saudi Arabia,"21,894",11.6,3%,68 : 32,Jazan University,False,False,False,
6670,667,Jiangnan University,39.0–43.5,6670,29.5,849,25.8,644,68.0,660,92.8,172,22.2,2109,i-63910203,master_account,11,/world-university-rankings/jiangnan-university,624168,China,"32,581",12.1,1%,,Jiangnan University Jiangnan Jiangnan University  Wuxi China,False,False,False,
6680,668,Jouf University,39.0–43.5,6680,23.8,1260,17.6,1080,72.3,556,25.6,1552,75.5,344,i-15948453,master_account,0,/world-university-rankings/jouf-university,709424,Saudi Arabia,"11,978",9.6,2%,47 : 53,Jouf University,False,False,False,
6690,669,Kadir Has University,39.0–43.5,6690,19.4,1644,31.7,457,67.1,678,32.8,1326,56.1,723,i-66239401,master_account,0,/world-university-rankings/kadir-has-university,647933,Turkey,"4,058",22.4,11%,58 : 42,Kadir Has University,False,False,False,
6700,670,Kafrelsheikh University,39.0–43.5,6700,28.7,902,9.6,1957,76.9,418,21.6,1761,53.1,812,i-50418293,master_account,0,/world-university-rankings/kafrelsheikh-university,131548,Egypt,"72,697",27.6,3%,56 : 44,Kafrelsheikh University,False,False,False,
6710,671,Kansas State University,39.0–43.5,6710,35.1,521,22.9,768,52.6,1107,68.4,554,53.2,809,i-29439461,public,0,/world-university-rankings/kansas-state-university,831,United States,"18,454",14.0,5%,54 : 46,Kansas State University,False,False,False,https://www.timeshighereducation.com/student/register-interest/shorelight?utm_medium=thewebsite&utm_campaign=cta-link&utm_source=rankings&iid=i-29439461
6720,672,Keio University,39.0–43.5,6720,37.0,443,28.3,560,49.1,1202,73.7,433,41.0,1250,i-25126621,master_account,0,/world-university-rankings/keio-university,785,Japan,"34,336",10.2,10%,37 : 63,Keio University,False,False,False,
6730,673,King Faisal University,39.0–43.5,6730,25.6,1120,14.8,1301,73.7,500,40.4,1140,78.4,298,i-99212442,master_account,0,/world-university-rankings/king-faisal-university,624018,Saudi Arabia,"22,366",10.4,6%,65 : 35,King Faisal University,False,False,False,
6740,674,Kobe University,39.0–43.5,6740,41.5,297,28.9,545,45.0,1299,89.0,214,38.3,1354,i-83496161,master_account,0,/world-university-rankings/kobe-university,833,Japan,"15,355",9.8,7%,35 : 65,Kobe University,False,False,False,
6750,675,Lehigh University,39.0–43.5,6750,33.8,595,22.7,784,61.2,864,67.6,574,71.2,420,i-16717372,private,0,/world-university-rankings/lehigh-university,787,United States,"6,933",11.6,16%,46 : 54,Lehigh University,False,False,False,https://www.timeshighereducation.com/student/register-interest/shorelight?utm_medium=thewebsite&utm_campaign=cta-link&utm_source=rankings&iid=i-16717372
6760,676,London Metropolitan University,39.0–43.5,6760,16.6,1897,14.4,1342,76.6,423,30.2,1400,91.3,111,i-63247334,master_account,0,/world-university-rankings/london-metropolitan-university,131611,United Kingdom,"12,395",28.2,64%,64 : 36,London Metropolitan University,False,False,False,https://www.timeshighereducation.com/student/register-interest/siuk?utm_medium=thewebsite&utm_campaign=cta-link&utm_source=rankings&iid=i-63247334
6770,677,London South Bank University,39.0–43.5,6770,18.5,1726,13.0,1484,75.6,452,48.1,981,95.9,29,i-95568503,master_account,0,/world-university-rankings/london-south-bank-university,131793,United Kingdom,"14,425",15.9,40%,55 : 45,London South Bank University,False,False,False,https://www.timeshighereducation.com/student/register-interest/siuk?utm_medium=thewebsite&utm_campaign=cta-link&utm_source=rankings&iid=i-95568503
6780,678,Lorestan University of Medical Sciences,39.0–43.5,6780,39.1,367,18.4,1019,67.9,661,50.2,942,29.2,1775,i-05512261,master_account,0,/world-university-rankings/lorestan-university-medical-sciences,724784,Iran,"4,068",18.9,1%,57 : 43,Lorestan University of Medical Sciences,False,False,False,
6790,679,Louisiana State University,39.0–43.5,6790,34.1,585,20.6,901,60.8,875,65.7,625,46.2,1065,i-48956002,public,0,/world-university-rankings/louisiana-state-university,131540,United States,"33,738",20.7,4%,56 : 44,Louisiana State University,False,False,False,https://www.timeshighereducation.com/student/register-interest/shorelight?utm_medium=thewebsite&utm_campaign=cta-link&utm_source=rankings&iid=i-48956002
6800,680,Mahidol University,39.0–43.5,6800,38.6,387,28.4,557,53.1,1093,88.1,224,49.6,936,i-20732471,master_account,0,/world-university-rankings/mahidol-university,838,Thailand,"29,737",8.9,6%,63 : 37,Mahidol University,False,False,False,
6810,681,Majmaah University,39.0–43.5,6810,32.2,682,25.4,660,59.7,904,35.6,1250,76.0,332,i-85919215,master_account,0,/world-university-rankings/majmaah-university,688831,Saudi Arabia,"11,910",9.9,3%,47 : 53,Majmaah University,False,False,False,
6820,682,Malaviya National Institute of Technology,39.0–43.5,6820,31.7,708,19.1,977,73.9,493,39.3,1157,24.0,2032,i-39442083,master_account,0,/world-university-rankings/malaviya-national-institute-technology,724022,India,"5,589",17.0,1%,26 : 74,Malaviya National Institute of Technology,False,False,False,
6830,683,Management & Science University (MSU),39.0–43.5,6830,33.2,630,15.0,1291,65.8,718,33.4,1310,92.1,92,i-65381673,master_account,0,/world-university-rankings/management-science-university-msu,625914,Malaysia,"4,038",7.5,58%,61 : 39,Management & Science University (MSU) msu,False,False,False,
6840,684,Manchester Metropolitan University,39.0–43.5,6840,20.8,1520,19.5,954,78.3,382,42.7,1092,83.0,226,i-03301432,master_account,0,/world-university-rankings/manchester-metropolitan-university,131283,United Kingdom,"33,935",18.1,22%,58 : 42,Manchester Metropolitan University,False,False,False,https://www.timeshighereducation.com/student/register-interest/siuk?utm_medium=thewebsite&utm_campaign=cta-link&utm_source=rankings&iid=i-03301432
6850,685,Manipal Academy of Higher Education,39.0–43.5,6850,44.7,225,18.6,1001,56.4,998,54.1,869,52.2,835,i-87941722,master_account,0,/world-university-rankings/manipal-academy-higher-education,131750,India,"24,076",8.6,12%,50 : 50,Manipal Academy of Higher Education,False,False,False,
6860,686,Masaryk University,39.0–43.5,6860,26.8,1030,32.6,432,57.1,972,51.1,925,66.2,487,i-61089171,master_account,0,/world-university-rankings/masaryk-university,983,Czechia,"33,661",18.2,25%,62 : 38,Masaryk University,False,False,False,
6870,687,Mississippi State University,39.0–43.5,6870,28.5,923,21.2,864,64.8,753,63.2,688,50.5,893,i-54461282,public,0,/world-university-rankings/mississippi-state-university,593198,United States,"20,844",14.1,4%,53 : 47,Mississippi State University,False,False,False,https://www.timeshighereducation.com/student/register-interest/shorelight?utm_medium=thewebsite&utm_campaign=cta-link&utm_source=rankings&iid=i-54461282
6880,688,Nanjing Forestry University,39.0–43.5,6880,21.2,1480,23.8,728,83.4,255,61.1,721,27.1,1881,i-89989543,master_account,0,/world-university-rankings/nanjing-forestry-university,623880,China,"36,679",18.1,1%,,Nanjing Forestry University,False,False,False,
6890,689,Nanjing Tech University,39.0–43.5,6890,24.4,1211,18.4,1021,68.8,638,87.3,234,34.6,1532,i-21851542,master_account,0,/world-university-rankings/nanjing-tech-university,587781,China,"37,609",12.7,4%,,Nanjing Tech University,False,False,False,
6900,690,Nanjing University of Aeronautics and Astronautics,39.0–43.5,6900,30.2,801,35.4,354,54.9,1044,98.4,103,25.3,1973,i-34550963,master_account,0,/world-university-rankings/nanjing-university-aeronautics-and-astronautics,623613,China,"36,035",15.4,2%,,Nanjing University of Aeronautics and Astronautics,False,False,False,
6910,691,Nanjing University of Science and Technology (NJUST),39.0–43.5,6910,33.4,617,31.2,480,66.8,691,63.4,684,22.1,2111,i-58447411,master_account,0,/world-university-rankings/nanjing-university-science-and-technology-njust,623934,China,"36,520",15.2,2%,31 : 69,Nanjing University of Science and Technology (NJUST),False,False,False,
6920,692,Nantes Université,39.0–43.5,6920,29.3,864,21.4,853,65.6,724,67.6,575,59.8,627,i-09664932,master_account,0,/world-university-rankings/nantes-universite,131320,France,"35,045",17.3,12%,57 : 43,Nantes Université,False,False,False,
6930,693,National Institute of Technology Rourkela,39.0–43.5,6930,34.3,565,20.5,906,63.8,776,66.4,607,23.3,2063,i-34142934,master_account,0,/world-university-rankings/national-institute-technology-rourkela,587715,India,"7,763",19.0,4%,18 : 82,National Institute of Technology Rourkela,False,False,False,
6940,694,National Research Nuclear University MEPhI,39.0–43.5,6940,49.3,150,35.0,367,29.2,1718,63.4,685,72.6,394,i-38845794,master_account,0,/world-university-rankings/national-research-nuclear-university-mephi,878,Russian Federation,"5,352",10.1,28%,49 : 51,National Research Nuclear University MEPhI,False,False,True,
6950,695,National Sun Yat-Sen University,39.0–43.5,6950,31.5,725,35.1,364,43.6,1330,89.0,216,46.7,1041,i-75229703,master_account,0,/world-university-rankings/national-sun-yat-sen-university,728,Taiwan,"8,876",12.3,9%,43 : 57,National Sun Yat-Sen University,False,False,False,
6960,696,National University of Sciences and Technology,39.0–43.5,6960,23.6,1284,23.8,729,75.3,467,64.6,650,56.2,718,i-70814121,master_account,0,/world-university-rankings/national-university-sciences-and-technology,1040,Pakistan,"12,468",12.0,5%,38 : 62,National University of Sciences and Technology,False,False,False,
6970,697,New Mexico State University (Main campus),39.0–43.5,6970,26.2,1068,24.5,700,66.2,708,56.2,828,45.0,1105,i-92055001,public,0,/world-university-rankings/new-mexico-state-university-main-campus,131775,United States,"12,251",15.8,6%,58 : 42,New Mexico State University (Main campus),False,False,False,https://www.timeshighereducation.com/student/register-interest/shorelight?utm_medium=thewebsite&utm_campaign=cta-link&utm_source=rankings&iid=i-92055001
6980,698,Nottingham Trent University,39.0–43.5,6980,20.8,1521,14.1,1365,83.3,259,38.1,1188,89.1,141,i-31415663,master_account,0,/world-university-rankings/nottingham-trent-university,131450,United Kingdom,"36,005",15.0,25%,54 : 46,Nottingham Trent University,False,False,False,https://www.timeshighereducation.com/student/register-interest/siuk?utm_medium=thewebsite&utm_campaign=cta-link&utm_source=rankings&iid=i-31415663
6990,699,Obuda University,39.0–43.5,6990,17.4,1841,30.9,489,72.8,535,27.2,1504,48.8,978,i-13996454,master_account,0,/world-university-rankings/obuda-university,653504,Hungary,"8,068",26.6,7%,20 : 80,Obuda University,False,False,False,
7000,700,Ocean University of China,39.0–43.5,7000,31.3,740,29.5,532,63.6,789,69.7,522,28.4,1814,i-96196021,master_account,0,/world-university-rankings/ocean-university-china,131798,China,"35,422",18.2,1%,,Ocean University of China,False,False,False,
7010,701,Ohio University (Main campus),39.0–43.5,7010,33.1,638,18.9,987,61.6,849,59.1,760,38.7,1341,i-02343009,public,0,/world-university-rankings/ohio-university-main-campus,131281,United States,"20,461",21.8,4%,59 : 41,Ohio University (Main campus),False,False,False,https://www.timeshighereducation.com/student/register-interest/shorelight?utm_medium=thewebsite&utm_campaign=cta-link&utm_source=rankings&iid=i-02343009
7020,702,Oklahoma State University,39.0–43.5,7020,36.5,468,21.1,871,60.9,871,61.9,712,55.4,743,i-48119563,public,0,/world-university-rankings/oklahoma-state-university,131533,United States,"22,574",14.7,5%,53 : 47,Oklahoma State University,False,False,False,https://www.timeshighereducation.com/student/register-interest/shorelight?utm_medium=thewebsite&utm_campaign=cta-link&utm_source=rankings&iid=i-48119563
7030,703,Örebro University,39.0–43.5,7030,19.3,1655,25.2,671,78.3,383,50.5,934,54.4,773,i-33220673,master_account,0,/world-university-rankings/orebro-university,131461,Sweden,"9,943",16.6,6%,63 : 37,Örebro University,False,False,False,
7040,704,Otto von Guericke University of Magdeburg,39.0–43.5,7040,34.6,554,18.2,1035,56.6,991,57.7,787,72.6,395,i-80980563,master_account,0,/world-university-rankings/otto-von-guericke-university-magdeburg,131713,Germany,"12,812",10.7,30%,42 : 58,Otto von Guericke University of Magdeburg,False,False,False,
7050,705,Paderborn University,39.0–43.5,7050,31.1,749,35.9,344,51.4,1134,70.7,500,50.0,911,i-24001294,master_account,1,/world-university-rankings/paderborn-university,589334,Germany,"14,479",38.3,13%,51 : 49,Paderborn University,False,False,False,
7060,706,Panjab University,39.0–43.5,7060,38.2,401,19.6,945,71.2,581,48.3,976,24.6,1999,i-37884691,master_account,0,/world-university-rankings/panjab-university,960,India,"16,479",15.9,2%,65 : 35,Panjab University,False,False,False,
7070,707,Paris Lodron Universität Salzburg,39.0–43.5,7070,32.3,676,21.8,832,51.8,1125,49.6,953,92.1,93,i-54224854,master_account,0,/world-university-rankings/paris-lodron-universitat-salzburg,622878,Austria,"6,302",8.5,40%,68 : 32,Paris Lodron Universität Salzburg,False,False,False,
7080,708,Parthenope University of Naples,39.0–43.5,7080,18.9,1694,22.8,778,78.0,388,34.8,1272,35.4,1492,i-16759551,master_account,0,/world-university-rankings/parthenope-university-naples,632844,Italy,"14,020",36.4,3%,43 : 57,Parthenope University of Naples,False,False,False,
7090,709,Polytechnic University of Valencia,39.0–43.5,7090,32.3,677,26.2,629,50.4,1170,86.8,239,57.2,697,i-59290413,master_account,6,/world-university-rankings/polytechnic-university-valencia,851,Spain,"30,641",15.8,16%,58 : 42,Polytechnic University of Valencia,False,False,False,
7100,710,Qassim University,39.0–43.5,7100,30.5,779,19.3,971,56.2,1008,29.7,1418,84.0,212,i-13288332,master_account,11,/world-university-rankings/qassim-university,625134,Saudi Arabia,"29,826",9.5,11%,45 : 55,Qassim University,False,False,False,
7110,711,Qazvin University of Medical Sciences,39.0–43.5,7110,37.1,442,11.7,1648,72.3,557,22.0,1742,28.4,1815,i-11036543,master_account,0,/world-university-rankings/qazvin-university-medical-sciences,715216,Iran,"3,196",9.8,3%,55 : 45,Qazvin University of Medical Sciences,False,False,False,
7120,712,Qingdao University,39.0–43.5,7120,18.4,1739,20.2,918,83.3,260,56.8,814,23.3,2065,i-24848223,master_account,0,/world-university-rankings/qingdao-university,622926,China,"42,202",15.6,1%,51 : 49,Qingdao University,False,False,False,
7130,713,Rochester Institute of Technology,39.0–43.5,7130,24.2,1229,22.6,788,65.5,730,62.3,707,46.7,1042,i-68826652,private,0,/world-university-rankings/rochester-institute-technology,131644,United States,"14,881",16.1,13%,37 : 63,Rochester Institute of Technology,False,False,False,https://www.timeshighereducation.com/student/register-interest/shorelight?utm_medium=thewebsite&utm_campaign=cta-link&utm_source=rankings&iid=i-68826652
7140,714,Rovira i Virgili University,39.0–43.5,7140,28.2,941,25.1,675,62.5,827,57.5,792,57.6,689,i-49945761,master_account,0,/world-university-rankings/rovira-i-virgili-university,968,Spain,"14,226",13.2,12%,60 : 40,Rovira i Virgili University,False,False,False,
7150,715,Sciences Po,39.0–43.5,7150,30.1,815,24.8,688,67.9,662,18.6,1981,82.9,228,i-56653822,master_account,0,/world-university-rankings/sciences-po,974,France,"14,675",49.1,41%,64 : 36,Sciences Po,False,False,False,
7160,716,Shahid Beheshti University of Medical Sciences,39.0–43.5,7160,45.0,222,20.4,910,52.8,1100,73.7,434,31.4,1681,i-49748262,master_account,0,/world-university-rankings/shahid-beheshti-university-medical-sciences,621396,Iran,"12,165",7.9,6%,55 : 45,Shahid Beheshti University of Medical Sciences,False,False,False,
7170,717,Sharda University,39.0–43.5,7170,32.8,653,13.5,1429,73.7,501,22.1,1736,40.6,1264,i-24184854,master_account,0,/world-university-rankings/sharda-university,623139,India,"15,326",12.7,11%,43 : 57,Sharda University,False,False,False,
7180,718,Shiraz University of Medical Sciences,39.0–43.5,7180,46.6,191,19.5,956,58.6,940,58.0,783,26.8,1895,i-92579921,master_account,0,/world-university-rankings/shiraz-university-medical-sciences,641855,Iran,"9,998",9.8,3%,55 : 45,Shiraz University of Medical Sciences,False,False,False,
7190,719,South China Normal University,39.0–43.5,7190,24.5,1205,24.9,684,67.1,679,75.4,394,35.8,1472,i-04415591,master_account,0,/world-university-rankings/south-china-normal-university,623472,China,"36,468",19.9,4%,,South China Normal University,False,False,False,
7200,720,SRUC (Scotland’s Rural College),39.0–43.5,7200,25.2,1153,14.9,1297,75.4,462,28.0,1471,65.4,510,i-00299822,master_account,0,/world-university-rankings/sruc-scotlands-rural-college,131269,United Kingdom,"1,400",4.3,9%,65 : 35,SRUC (Scotland’s Rural College),False,False,False,https://www.timeshighereducation.com/student/register-interest/siuk?utm_medium=thewebsite&utm_campaign=cta-link&utm_source=rankings&iid=i-00299822
7210,721,Sukkur IBA University,39.0–43.5,7210,19.6,1633,26.7,612,77.9,391,26.3,1535,50.1,905,i-02852413,master_account,0,/world-university-rankings/sukkur-iba-university,676602,Pakistan,"5,580",19.6,0%,30 : 70,Sukkur IBA University,False,False,False,
7220,722,SUNY Binghamton University,39.0–43.5,7220,33.2,633,26.9,604,54.7,1045,64.6,651,44.1,1138,i-91581071,public,0,/world-university-rankings/suny-binghamton-university,771,United States,"18,703",20.2,9%,52 : 48,SUNY Binghamton University,False,False,False,https://www.timeshighereducation.com/student/register-interest/shorelight?utm_medium=thewebsite&utm_campaign=cta-link&utm_source=rankings&iid=i-91581071
7230,723,SUNY University at Albany,39.0–43.5,7230,28.7,905,27.6,582,66.4,702,68.8,543,57.2,698,i-55365012,public,0,/world-university-rankings/suny-university-albany,710,United States,"14,843",15.9,7%,53 : 47,SUNY University at Albany,False,False,False,https://www.timeshighereducation.com/student/register-interest/shorelight?utm_medium=thewebsite&utm_campaign=cta-link&utm_source=rankings&iid=i-55365012
7240,724,Symbiosis International University,39.0–43.5,7240,29.3,867,15.8,1223,80.2,337,27.0,1509,43.3,1162,i-63746162,master_account,0,/world-university-rankings/symbiosis-international-university,622179,India,"22,845",14.4,7%,47 : 53,Symbiosis International University,False,False,False,
7250,725,Tabriz University of Medical Sciences,39.0–43.5,7250,42.3,278,16.1,1193,71.8,569,42.9,1087,33.8,1568,i-88122293,master_account,0,/world-university-rankings/tabriz-university-medical-sciences,624729,Iran,"7,290",8.5,2%,53 : 47,Tabriz University of Medical Sciences,False,False,False,
7260,726,Taif University,39.0–43.5,7260,16.2,1926,16.4,1178,77.7,396,23.3,1664,76.3,329,i-18287821,master_account,0,/world-university-rankings/taif-university,623286,Saudi Arabia,"38,212",16.7,3%,58 : 42,Taif University,False,False,False,
7270,727,Tallinn University of Technology,39.0–43.5,7270,26.2,1072,24.9,685,66.0,714,69.2,533,58.4,667,i-58143061,master_account,0,/world-university-rankings/tallinn-university-technology,131586,Estonia,"7,451",13.2,12%,40 : 60,Tallinn University of Technology,False,False,False,
7280,728,Tarbiat Modares University,39.0–43.5,7280,36.5,469,25.5,656,67.1,680,54.3,862,32.7,1619,i-34012471,master_account,0,/world-university-rankings/tarbiat-modares-university,131463,Iran,"10,360",13.8,6%,47 : 53,Tarbiat Modares University,False,False,False,
7290,729,Tecnológico de Monterrey,39.0–43.5,7290,26.7,1043,26.4,623,59.6,911,68.4,555,65.8,498,i-82766591,master_account,11,/world-university-rankings/tecnologico-de-monterrey,1009,Mexico,"17,141",14.1,14%,43 : 57,Tecnológico de Monterrey Tecnológico de Monterrey Instituto Tecnológico y de Estudios Superiores de Monterrey ITESM,False,False,False,
7300,730,Teesside University,39.0–43.5,7300,20.6,1541,14.3,1351,72.9,528,29.8,1415,87.9,165,i-78415043,master_account,0,/world-university-rankings/teesside-university,131694,United Kingdom,"18,820",21.0,42%,56 : 44,Teesside University,False,False,False,https://www.timeshighereducation.com/student/register-interest/siuk?utm_medium=thewebsite&utm_campaign=cta-link&utm_source=rankings&iid=i-78415043
7310,731,Texas Tech University,39.0–43.5,7310,31.6,717,22.0,818,57.8,954,64.4,661,58.3,671,i-02032561,public,0,/world-university-rankings/texas-tech-university,131276,United States,"37,631",20.8,8%,50 : 50,Texas Tech University,False,False,False,https://www.timeshighereducation.com/student/register-interest/shorelight?utm_medium=thewebsite&utm_campaign=cta-link&utm_source=rankings&iid=i-02032561
7320,732,Thapar Institute of Engineering and Technology,39.0–43.5,7320,33.3,622,17.6,1083,72.5,549,38.9,1173,44.5,1125,i-19723211,master_account,0,/world-university-rankings/thapar-institute-engineering-and-technology,624714,India,"7,763",15.0,4%,35 : 65,Thapar Institute of Engineering and Technology,False,False,False,
7330,733,The Catholic University of Korea (CUK),39.0–43.5,7330,31.6,718,39.0,276,50.9,1148,92.9,169,43.2,1167,i-35366993,master_account,0,/world-university-rankings/catholic-university-korea-cuk,623958,South Korea,"7,349",18.6,15%,58 : 42,The Catholic University of Korea (CUK),False,False,False,
7340,734,The University of Aizu,39.0–43.5,7340,27.2,1004,14.3,1354,63.6,791,58.1,781,81.5,247,i-50956793,master_account,0,/world-university-rankings/university-aizu,609246,Japan,"1,289",12.0,13%,11 : 89,The University of Aizu Aizu University UoAizu computer science,False,False,False,
7350,735,The University of Jordan,39.0–43.5,7350,32.0,693,19.5,957,67.2,675,41.6,1110,75.9,336,i-38781363,master_account,11,/world-university-rankings/university-jordan,131487,Jordan,"23,745",12.2,26%,63 : 37,The University of Jordan,False,False,False,
7360,736,The University of Texas at San Antonio,39.0–43.5,7360,21.9,1425,23.4,744,75.7,449,60.9,728,40.4,1274,i-33715825,public,0,/world-university-rankings/university-texas-san-antonio,761,United States,"27,369",24.2,3%,53 : 47,The University of Texas at San Antonio,False,False,False,https://www.timeshighereducation.com/student/register-interest/shorelight?utm_medium=thewebsite&utm_campaign=cta-link&utm_source=rankings&iid=i-33715825
7370,737,Tomsk State University,39.0–43.5,7370,50.5,132,38.3,296,27.0,1778,55.9,832,74.7,363,i-91295891,master_account,0,/world-university-rankings/tomsk-state-university,131772,Russian Federation,"7,985",11.7,37%,,Tomsk State University,False,False,True,
7380,738,Ton Duc Thang University,39.0–43.5,7380,15.8,1962,12.2,1582,85.9,195,27.2,1505,63.0,560,i-35209053,master_account,0,/world-university-rankings/ton-duc-thang-university,623046,Vietnam,"27,459",16.3,2%,57 : 43,Ton Duc Thang University TDTU,False,False,False,
7390,739,Toronto Metropolitan University,39.0–43.5,7390,22.4,1389,32.0,449,61.1,867,69.0,539,62.0,584,i-48097435,master_account,6,/world-university-rankings/toronto-metropolitan-university,623367,Canada,"37,827",39.8,11%,54 : 46,Toronto Metropolitan University,False,False,False,
7400,740,TU Braunschweig,39.0–43.5,7400,36.0,485,24.3,709,58.5,941,77.5,365,57.7,688,i-50836031,master_account,0,/world-university-rankings/tu-braunschweig,624315,Germany,"14,251",16.3,15%,42 : 58,TU Braunschweig,False,False,False,
7410,741,"UEES, Espiritu Santo University",39.0–43.5,7410,38.8,382,15.3,1266,58.8,934,39.9,1146,88.7,147,i-61610803,master_account,0,/world-university-rankings/uees-espiritu-santo-university,625866,Ecuador,"4,596",10.9,24%,51 : 49,"UEES, Espiritu Santo University",False,False,False,
7420,742,UiT The Arctic University of Norway,39.0–43.5,7420,27.3,996,23.1,757,67.6,668,48.9,964,66.0,493,i-39984942,master_account,0,/world-university-rankings/uit-arctic-university-norway,764,Norway,"15,308",10.6,10%,62 : 38,UiT The Arctic University of Norway,False,False,False,
7430,743,Ulster University,39.0–43.5,7430,22.8,1355,22.8,779,65.7,722,54.3,863,95.0,40,i-23766844,master_account,0,/world-university-rankings/ulster-university,128788,United Kingdom,"24,440",23.3,29%,55 : 45,Ulster University,False,False,False,https://www.timeshighereducation.com/student/register-interest/siuk?utm_medium=thewebsite&utm_campaign=cta-link&utm_source=rankings&iid=i-23766844
7440,744,Universidade Estadual Paulista (Unesp),39.0–43.5,7440,45.6,210,35.6,347,36.8,1517,62.7,696,39.0,1330,i-08675882,master_account,0,/world-university-rankings/universidade-estadual-paulista-unesp,921,Brazil,"37,420",12.5,3%,52 : 48,Universidade Estadual Paulista (Unesp),False,False,False,
7450,745,Universidade Federal do Rio Grande do Sul,39.0–43.5,7450,38.9,373,23.2,749,53.6,1080,56.7,815,35.6,1480,i-44500522,master_account,0,/world-university-rankings/universidade-federal-do-rio-grande-do-sul,131512,Brazil,"40,018",14.4,1%,52 : 48,Universidade Federal do Rio Grande do Sul,False,False,False,
7460,746,Universitat Politècnica de Catalunya,39.0–43.5,7460,34.2,582,22.6,790,58.7,938,75.8,390,61.7,590,i-49381991,master_account,0,/world-university-rankings/universitat-politecnica-de-catalunya,849,Spain,"24,055",10.3,13%,30 : 70,Universitat Politècnica de Catalunya,False,False,False,
7470,747,Université Côte d'Azur,39.0–43.5,7470,30.9,763,20.8,890,61.4,859,65.8,623,81.6,244,i-90604176,master_account,11,/world-university-rankings/universite-cote-dazur,625956,France,"31,714",19.8,21%,57 : 43,Université Côte d'Azur,False,False,False,
7480,748,Universiti Malaysia Pahang Al-Sultan Abdullah (UMPSA),39.0–43.5,7480,37.9,414,23.9,725,59.0,929,52.8,890,58.7,658,i-69349501,master_account,0,/world-university-rankings/universiti-malaysia-pahang-al-sultan-abdullah-umpsa,625131,Malaysia,"7,584",12.4,10%,49 : 51,Universiti Malaysia Pahang Al-Sultan Abdullah (UMPSA),False,False,False,
7490,749,Universiti Pendidikan Sultan Idris,39.0–43.5,7490,39.4,359,27.6,583,48.4,1220,56.2,829,81.4,249,i-30160896,master_account,0,/world-university-rankings/universiti-pendidikan-sultan-idris,707600,Malaysia,"5,754",8.9,28%,59 : 41,Universiti Pendidikan Sultan Idris,False,False,False,
7500,750,Universiti Teknologi Brunei,39.0–43.5,7500,29.9,826,14.0,1380,68.5,650,33.5,1308,68.5,459,i-34073793,master_account,0,/world-university-rankings/universiti-teknologi-brunei,621570,Brunei Darussalam,"1,977",7.7,4%,61 : 39,Universiti Teknologi Brunei,False,False,False,
7510,751,Universiti Tenaga Nasional (UNITEN),39.0–43.5,7510,26.1,1080,16.3,1184,72.8,538,68.1,561,65.3,512,i-06096172,master_account,0,/world-university-rankings/universiti-tenaga-nasional-uniten,603210,Malaysia,"4,317",10.0,20%,33 : 67,Universiti Tenaga Nasional (UNITEN),False,False,False,
7520,752,University of Alaska Fairbanks,39.0–43.5,7520,34.8,540,30.7,498,53.6,1081,55.0,850,67.6,470,i-42306882,public,0,/world-university-rankings/university-alaska-fairbanks,963,United States,"2,895",8.5,6%,56 : 44,University of Alaska Fairbanks,False,False,False,https://www.timeshighereducation.com/student/register-interest/shorelight?utm_medium=thewebsite&utm_campaign=cta-link&utm_source=rankings&iid=i-42306882
7530,753,University of Arkansas,39.0–43.5,7530,28.9,894,32.5,438,66.2,711,67.2,587,35.1,1508,i-97361274,public,0,/world-university-rankings/university-arkansas,131806,United States,"28,164",20.3,3%,56 : 44,University of Arkansas,False,False,False,https://www.timeshighereducation.com/student/register-interest/shorelight?utm_medium=thewebsite&utm_campaign=cta-link&utm_source=rankings&iid=i-97361274
7540,754,University of Aveiro,39.0–43.5,7540,31.6,720,31.5,463,53.8,1070,55.3,844,46.3,1059,i-97420961,master_account,0,/world-university-rankings/university-aveiro,769,Portugal,"14,095",15.9,11%,54 : 46,University of Aveiro,False,False,False,
7550,755,University of Bari Aldo Moro,39.0–43.5,7550,20.0,1598,25.8,645,71.4,576,64.6,652,38.1,1368,i-00215262,master_account,0,/world-university-rankings/university-bari-aldo-moro,818,Italy,"29,256",18.5,2%,62 : 38,University of Bari Aldo Moro,False,False,False,
7560,756,University of Beira Interior,39.0–43.5,7560,23.8,1265,23.4,746,71.4,577,39.7,1153,51.2,869,i-64102411,master_account,0,/world-university-rankings/university-beira-interior,587724,Portugal,"8,307",16.8,21%,56 : 44,University of Beira Interior,False,False,False,
7570,757,University of Brighton,39.0–43.5,7570,19.9,1605,19.3,973,63.4,801,64.9,644,84.7,203,i-12990754,master_account,0,/world-university-rankings/university-brighton,131342,United Kingdom,"14,840",16.8,23%,61 : 39,University of Brighton,False,False,False,https://www.timeshighereducation.com/student/register-interest/siuk?utm_medium=thewebsite&utm_campaign=cta-link&utm_source=rankings&iid=i-12990754
7580,758,University of Cagliari,39.0–43.5,7580,33.8,599,24.0,721,64.3,763,62.7,697,40.5,1272,i-42635221,master_account,0,/world-university-rankings/university-cagliari,131499,Italy,"14,312",15.0,2%,62 : 38,University of Cagliari,False,False,False,
7590,759,University of Calabria,39.0–43.5,7590,39.5,355,21.9,827,62.4,829,59.7,751,42.5,1191,i-77973293,master_account,0,/world-university-rankings/university-calabria,589361,Italy,"10,386",15.7,8%,54 : 46,University of Calabria,False,False,False,
7600,760,University of Canterbury,39.0–43.5,7600,26.6,1048,28.3,561,59.9,900,64.4,662,82.1,238,i-36383713,master_account,6,/world-university-rankings/university-canterbury,773,New Zealand,"14,857",19.1,18%,50 : 50,University of Canterbury,False,False,False,https://www.timeshighereducation.com/student/register-interest/aecc?utm_medium=thewebsite&utm_campaign=cta-link&utm_source=rankings&iid=i-36383713
7610,761,University of Crete,39.0–43.5,7610,24.7,1193,29.1,540,68.5,651,66.3,612,46.2,1066,i-24155974,master_account,0,/world-university-rankings/university-crete,744,Greece,"12,551",22.7,5%,64 : 36,University of Crete,False,False,False,
7620,762,University of Delhi,39.0–43.5,7620,42.9,267,29.7,525,45.8,1283,53.6,877,24.7,1995,i-37993474,master_account,0,/world-university-rankings/university-delhi,131479,India,"24,204",20.2,2%,47 : 53,University of Delhi,False,False,False,
7630,763,University of Derby,39.0–43.5,7630,19.0,1682,14.1,1369,74.0,492,34.6,1284,80.2,271,i-72672023,master_account,0,/world-university-rankings/university-derby,131662,United Kingdom,"15,820",14.6,26%,61 : 39,University of Derby,False,False,False,https://www.timeshighereducation.com/student/register-interest/siuk?utm_medium=thewebsite&utm_campaign=cta-link&utm_source=rankings&iid=i-72672023
7640,764,University of Granada,39.0–43.5,7640,31.3,742,29.7,526,60.9,872,60.7,731,53.4,803,i-01157902,master_account,0,/world-university-rankings/university-granada,131272,Spain,"51,046",14.3,11%,61 : 39,University of Granada,False,False,False,
7650,765,University of Greenwich,39.0–43.5,7650,17.6,1827,16.5,1168,81.6,298,39.1,1169,97.1,18,i-51279343,master_account,0,/world-university-rankings/university-greenwich,131553,United Kingdom,"22,915",22.4,54%,57 : 43,University of Greenwich,False,False,False,https://www.timeshighereducation.com/student/register-interest/siuk?utm_medium=thewebsite&utm_campaign=cta-link&utm_source=rankings&iid=i-51279343
7660,766,University of Ha’il,39.0–43.5,7660,22.1,1414,12.2,1584,75.5,458,26.7,1522,79.0,288,i-44292384,master_account,0,/world-university-rankings/university-hail,704053,Saudi Arabia,"20,652",10.9,5%,62 : 38,University of Ha’il,False,False,False,
7670,767,University of Hertfordshire,39.0–43.5,7670,18.2,1758,13.2,1466,76.5,428,44.8,1060,92.1,95,i-38054073,master_account,0,/world-university-rankings/university-hertfordshire,779,United Kingdom,"27,285",19.5,61%,47 : 53,University of Hertfordshire,False,False,False,https://www.timeshighereducation.com/student/register-interest/siuk?utm_medium=thewebsite&utm_campaign=cta-link&utm_source=rankings&iid=i-38054073
7680,768,University of Insubria,39.0–43.5,7680,19.0,1683,23.7,735,79.3,361,48.7,968,41.2,1242,i-48816581,master_account,0,/world-university-rankings/university-insubria,623250,Italy,"9,546",23.1,5%,56 : 44,University of Insubria,False,False,False,
7690,769,University of Klagenfurt,39.0–43.5,7690,34.4,561,19.6,948,60.5,883,49.5,957,89.0,144,i-48814441,master_account,0,/world-university-rankings/university-klagenfurt,622932,Austria,"3,377",8.7,33%,66 : 34,University of Klagenfurt,False,False,False,
7700,770,University of Lahore,39.0–43.5,7700,19.8,1617,13.0,1491,81.8,292,21.4,1774,57.2,699,i-91007371,master_account,0,/world-university-rankings/university-lahore,131769,Pakistan,"21,224",14.0,4%,39 : 61,University of Lahore,False,False,False,
7710,771,University of L’Aquila,39.0–43.5,7710,32.8,654,22.4,802,66.6,698,78.5,355,39.4,1305,i-74517242,master_account,0,/world-university-rankings/university-laquila,632835,Italy,"19,246",25.5,6%,53 : 47,University of L’Aquila,False,False,False,
7720,772,University of Lille,39.0–43.5,7720,33.6,608,23.4,747,58.5,942,67.0,591,65.1,515,i-33396382,master_account,0,/world-university-rankings/university-lille,587766,France,"78,318",30.6,14%,61 : 39,University of Lille,False,False,False,
7730,773,University of Lincoln,39.0–43.5,7730,20.5,1550,18.5,1009,77.2,412,34.1,1293,86.9,179,i-86060484,master_account,0,/world-university-rankings/university-lincoln,131741,United Kingdom,"15,645",15.0,24%,58 : 42,University of Lincoln,False,False,False,
7740,774,"University of Maryland, Baltimore County",39.0–43.5,7740,27.5,986,27.2,595,61.3,862,67.6,578,55.8,733,i-79454013,public,0,/world-university-rankings/university-maryland-baltimore-county,791,United States,"12,398",17.8,19%,46 : 54,"University of Maryland, Baltimore County",False,False,False,https://www.timeshighereducation.com/student/register-interest/shorelight?utm_medium=thewebsite&utm_campaign=cta-link&utm_source=rankings&iid=i-79454013
7750,775,University of Minho,39.0–43.5,7750,28.0,953,33.6,414,57.1,974,82.6,293,48.9,976,i-81102355,master_account,0,/world-university-rankings/university-minho,903,Portugal,"21,465",20.8,13%,55 : 45,University of Minho,False,False,False,
7760,776,University of Mons,39.0–43.5,7760,27.2,1005,30.9,492,58.4,946,66.4,608,70.4,430,i-39969963,master_account,0,/world-university-rankings/university-mons,624318,Belgium,"8,374",26.7,17%,56 : 44,University of Mons,False,False,False,
7770,777,University of Neuchâtel,39.0–43.5,7770,35.0,528,24.2,713,57.8,955,47.1,1004,84.5,205,i-01707366,master_account,0,/world-university-rankings/university-neuchatel,131274,Switzerland,"4,365",10.7,23%,60 : 40,University of Neuchâtel,False,False,False,
7780,778,"University of Nevada, Las Vegas",39.0–43.5,7780,31.0,757,22.9,772,71.9,568,52.4,896,40.0,1283,i-66952912,public,0,/world-university-rankings/university-nevada-las-vegas,593342,United States,"26,545",22.1,3%,57 : 43,"University of Nevada, Las Vegas",False,False,False,https://www.timeshighereducation.com/student/register-interest/shorelight?utm_medium=thewebsite&utm_campaign=cta-link&utm_source=rankings&iid=i-66952912
7790,779,University of New Brunswick UNB,39.0–43.5,7790,23.8,1267,19.5,958,67.1,682,63.5,681,81.0,259,i-16822921,master_account,0,/world-university-rankings/university-new-brunswick-unb,623655,Canada,"8,975",12.4,22%,53 : 47,University of New Brunswick UNB,False,False,False,https://www.timeshighereducation.com/student/register-interest/applyboard?utm_medium=thewebsite&utm_campaign=cta-link&utm_source=rankings&iid=i-16822921
7800,780,University of North Carolina at Charlotte,39.0–43.5,7800,23.9,1255,24.5,704,76.2,433,60.9,729,41.4,1234,i-81322783,public,0,/world-university-rankings/university-north-carolina-charlotte,593828,United States,"27,004",21.1,8%,50 : 50,University of North Carolina at Charlotte,False,False,False,https://www.timeshighereducation.com/student/register-interest/shorelight?utm_medium=thewebsite&utm_campaign=cta-link&utm_source=rankings&iid=i-81322783
7810,781,University of Parma,39.0–43.5,7810,20.9,1515,23.9,727,70.1,614,64.8,645,39.2,1316,i-50089462,master_account,0,/world-university-rankings/university-parma,131545,Italy,"31,624",31.5,9%,59 : 41,University of Parma,False,False,False,
7820,782,University of Passau,39.0–43.5,7820,32.7,661,37.0,317,52.5,1108,70.4,503,57.2,700,i-99733093,master_account,0,/world-university-rankings/university-passau,622275,Germany,"7,360",45.5,14%,59 : 41,University of Passau,False,False,False,
7830,783,University of Rennes 1,39.0–43.5,7830,34.3,566,20.0,928,53.4,1086,70.0,518,62.2,578,i-23523003,master_account,0,/world-university-rankings/university-rennes-1,131403,France,"29,025",19.3,12%,55 : 45,University of Rennes 1,False,False,False,
7840,784,University of Santiago de Compostela,39.0–43.5,7840,30.8,771,23.1,759,60.9,873,48.2,980,48.4,992,i-94984893,master_account,0,/world-university-rankings/university-santiago-de-compostela,131790,Spain,"24,821",14.1,8%,62 : 38,University of Santiago de Compostela,False,False,False,
7850,785,University of Tabriz,39.0–43.5,7850,28.6,919,21.4,856,72.8,540,45.5,1039,53.3,807,i-08992091,master_account,0,/world-university-rankings/university-tabriz,624351,Iran,"21,199",23.6,15%,51 : 49,University of Tabriz,False,False,False,
7860,786,University of Tabuk,39.0–43.5,7860,25.1,1162,14.5,1338,70.3,610,30.1,1408,75.3,350,i-04278284,master_account,0,/world-university-rankings/university-tabuk,622938,Saudi Arabia,"20,099",10.3,3%,41 : 59,University of Tabuk,False,False,False,
7870,787,University of Texas at Arlington,39.0–43.5,7870,25.0,1171,23.0,765,62.2,836,65.9,622,56.2,721,i-03548902,public,0,/world-university-rankings/university-texas-arlington,131285,United States,"38,017",32.3,16%,60 : 40,University of Texas at Arlington,False,False,False,https://www.timeshighereducation.com/student/register-interest/shorelight?utm_medium=thewebsite&utm_campaign=cta-link&utm_source=rankings&iid=i-03548902
7880,788,University of the Basque Country,39.0–43.5,7880,31.1,752,21.9,828,63.3,806,61.5,715,45.0,1111,i-51522632,master_account,0,/world-university-rankings/university-basque-country,131556,Spain,"39,279",11.6,6%,56 : 44,University of the Basque Country,False,False,False,
7890,789,University of the Western Cape,39.0–43.5,7890,22.9,1350,24.8,690,68.3,656,24.4,1606,62.0,585,i-24099453,master_account,0,/world-university-rankings/university-western-cape,587871,South Africa,"24,431",34.2,4%,63 : 37,University of the Western Cape,False,False,False,
7900,790,University of the West of Scotland,39.0–43.5,7900,19.5,1642,15.5,1246,69.7,624,66.1,617,91.0,117,i-27453906,master_account,0,/world-university-rankings/university-west-scotland,131427,United Kingdom,"16,955",24.9,39%,60 : 40,University of the West of Scotland,False,False,False,https://www.timeshighereducation.com/student/register-interest/siuk?utm_medium=thewebsite&utm_campaign=cta-link&utm_source=rankings&iid=i-27453906
7910,791,University of Toledo,39.0–43.5,7910,36.9,452,18.5,1011,54.6,1049,63.6,677,56.1,726,i-16356362,public,0,/world-university-rankings/university-toledo,131368,United States,"13,661",15.8,10%,54 : 46,University of Toledo,False,False,False,https://www.timeshighereducation.com/student/register-interest/shorelight?utm_medium=thewebsite&utm_campaign=cta-link&utm_source=rankings&iid=i-16356362
7920,792,University of Tuscia,39.0–43.5,7920,23.8,1270,28.7,553,66.5,699,59.7,752,50.6,892,i-76935802,master_account,0,/world-university-rankings/university-tuscia,632991,Italy,"6,305",24.0,12%,49 : 51,University of Tuscia,False,False,False,
7930,793,University of Udine,39.0–43.5,7930,32.8,655,20.9,887,69.4,631,58.5,770,41.1,1249,i-17355586,master_account,0,/world-university-rankings/university-udine,623457,Italy,"11,915",16.7,5%,56 : 44,University of Udine,False,False,False,
7940,794,"University of Veterinary and Animal Sciences, Lahore",39.0–43.5,7940,21.2,1487,15.5,1247,75.6,453,41.6,1112,52.8,818,i-28146523,master_account,0,/world-university-rankings/university-veterinary-and-animal-sciences-lahore,131434,Pakistan,"7,679",21.2,1%,53 : 47,"University of Veterinary and Animal Sciences, Lahore",False,False,False,
7950,795,University of Warsaw,39.0–43.5,7950,38.1,404,32.6,435,46.7,1263,39.3,1159,45.0,1112,i-81071561,master_account,0,/world-university-rankings/university-warsaw,813,Poland,"34,878",11.0,10%,60 : 40,University of Warsaw,False,False,False,
7960,796,University of Wuppertal,39.0–43.5,7960,31.5,728,31.2,482,60.6,881,65.3,631,55.5,740,i-82852383,master_account,0,/world-university-rankings/university-wuppertal,632082,Germany,"12,951",29.3,11%,54 : 46,University of Wuppertal,False,False,False,
7970,797,Urmia University of Medical Sciences,39.0–43.5,7970,41.4,303,11.7,1652,73.2,521,22.4,1721,30.9,1703,i-04585148,master_account,0,/world-university-rankings/urmia-university-medical-sciences,701800,Iran,"5,350",11.5,8%,50 : 50,Urmia University of Medical Sciences,False,False,False,
7980,798,UWE Bristol (University of the West of England),39.0–43.5,7980,18.8,1706,14.6,1327,73.3,517,59.2,759,81.2,256,i-28947501,master_account,0,/world-university-rankings/uwe-bristol-university-west-england,131439,United Kingdom,"30,220",16.4,29%,52 : 48,UWE Bristol (University of the West of England),False,False,False,https://www.timeshighereducation.com/student/register-interest/siuk?utm_medium=thewebsite&utm_campaign=cta-link&utm_source=rankings&iid=i-28947501
7990,799,VIT University,39.0–43.5,7990,27.7,973,21.0,877,68.8,640,42.3,1097,40.6,1267,i-42668571,master_account,0,/world-university-rankings/vit-university,587706,India,"44,159",16.0,3%,29 : 71,VIT University,False,False,False,
8000,800,Worcester Polytechnic Institute,39.0–43.5,8000,32.6,665,21.4,857,59.6,914,67.2,588,57.6,690,i-74317773,private,0,/world-university-rankings/worcester-polytechnic-institute,593006,United States,"6,312",12.9,14%,36 : 64,Worcester Polytechnic Institute,False,False,False,https://www.timeshighereducation.com/student/register-interest/shorelight?utm_medium=thewebsite&utm_campaign=cta-link&utm_source=rankings&iid=i-74317773
8010,801,Xi’an Jiaotong-Liverpool University,39.0–43.5,8010,21.2,1488,17.6,1086,71.3,578,40.5,1138,75.7,342,i-64666761,master_account,11,/world-university-rankings/xian-jiaotong-liverpool-university,672267,China,"21,448",18.3,3%,52 : 48,Xi’an Jiaotong-Liverpool University Xian Jiaotong Liverpool XJTLU,False,False,False,
8020,802,Xidian University,39.0–43.5,8020,28.6,920,25.2,673,66.5,700,95.1,149,25.8,1950,i-64716381,master_account,0,/world-university-rankings/xidian-university,1043,China,"39,572",14.3,1%,25 : 75,Xidian University,False,False,False,
8030,803,Yarmouk University,39.0–43.5,8030,29.3,870,17.9,1064,69.9,621,29.9,1414,63.4,553,i-56719272,master_account,0,/world-university-rankings/yarmouk-university,625689,Jordan,"21,300",23.6,15%,,Yarmouk University,False,False,False,
8040,804,Yildiz Technical University,39.0–43.5,8040,33.1,643,31.6,461,48.5,1216,72.9,449,39.5,1302,i-85358394,master_account,6,/world-university-rankings/yildiz-technical-university,131735,Turkey,"20,391",23.4,13%,47 : 53,Yildiz Technical University,False,False,False,
8050,805,Yuan Ze University,39.0–43.5,8050,19.7,1630,27.3,590,62.5,828,79.8,334,61.2,603,i-12416389,master_account,0,/world-university-rankings/yuan-ze-university,865,Taiwan,"6,717",20.4,11%,43 : 57,Yuan Ze University,False,False,False,
8060,806,Zhejiang Normal University,39.0–43.5,8060,19.2,1671,22.0,821,80.1,342,63.7,672,39.1,1325,i-22473223,master_account,0,/world-university-rankings/zhejiang-normal-university,623121,China,"34,011",13.5,7%,,Zhejiang Normal University,False,False,False,
8070,807,Abdullah Gül University,35.5–38.9,8070,22.2,1399,27.2,592,54.9,1040,56.9,810,49.8,921,i-14310837,master_account,0,/world-university-rankings/abdullah-gul-university,587745,Turkey,"2,977",32.4,8%,50 : 50,Abdullah Gül University,False,False,False,
8080,808,Abdul Wali Khan University Mardan,35.5–38.9,8080,19.0,1675,12.5,1537,81.2,309,24.6,1588,50.1,904,i-55787561,master_account,0,/world-university-rankings/abdul-wali-khan-university-mardan,693130,Pakistan,"13,165",22.2,0%,27 : 73,Abdul Wali Khan University Mardan,False,False,False,
8090,809,Ahvaz Jundishapur University of Medical Sciences (AJUMS),35.5–38.9,8090,39.8,341,14.5,1328,56.0,1014,56.2,826,24.3,2013,i-28834886,master_account,0,/world-university-rankings/ahvaz-jundishapur-university-medical-sciences-ajums,624738,Iran,"9,059",11.2,4%,56 : 44,Ahvaz Jundishapur University of Medical Sciences (AJUMS),False,False,False,
8100,810,Ain Shams University,35.5–38.9,8100,28.6,909,27.5,585,50.4,1166,41.0,1120,53.1,811,i-40515533,master_account,0,/world-university-rankings/ain-shams-university,131494,Egypt,"171,505",14.3,7%,52 : 48,Ain Shams University,False,False,False,
8110,811,Alagappa University,35.5–38.9,8110,35.6,502,14.5,1329,56.7,987,26.5,1527,44.2,1132,i-62349764,master_account,0,/world-university-rankings/alagappa-university,624270,India,"5,428",14.9,0%,59 : 41,Alagappa University,False,False,False,
8120,812,Al al-Bayt University,35.5–38.9,8120,14.7,2036,11.1,1728,80.0,343,18.0,2016,52.3,828,i-59665524,master_account,0,/world-university-rankings/al-al-bayt-university,715804,Jordan,"16,331",24.7,3%,62 : 38,Al al-Bayt University,False,False,False,
8130,813,Al-Azhar University,35.5–38.9,8130,22.1,1407,12.8,1504,68.0,659,24.6,1590,58.9,655,i-09197421,master_account,0,/world-university-rankings/al-azhar-university,623154,Egypt,"281,032",21.6,11%,41 : 59,Al-Azhar University,False,False,False,
8140,814,Alexandria University,35.5–38.9,8140,20.7,1529,18.2,1029,63.5,794,31.7,1355,55.0,753,i-29260373,master_account,0,/world-university-rankings/alexandria-university,768,Egypt,"186,461",17.6,7%,53 : 47,Alexandria University,False,False,False,
8150,815,Al-Zaytoonah University of Jordan,35.5–38.9,8150,12.5,2149,16.3,1180,75.5,454,22.4,1711,63.9,536,i-77454604,master_account,0,/world-university-rankings/al-zaytoonah-university-jordan,626193,Jordan,"10,003",27.8,24%,54 : 46,Al-Zaytoonah University of Jordan,False,False,False,
8160,816,"Amity University Rajasthan, Jaipur",35.5–38.9,8160,31.6,712,12.8,1506,65.9,715,17.8,2028,28.7,1799,i-86095188,master_account,0,/world-university-rankings/amity-university-rajasthan-jaipur,718346,India,"3,978",19.5,0%,40 : 60,"Amity University Rajasthan, Jaipur",False,False,False,
8170,817,An-Najah National University,35.5–38.9,8170,24.7,1188,13.0,1479,66.9,687,26.0,1540,63.9,537,i-80894031,master_account,11,/world-university-rankings/najah-national-university,624453,Palestine,"25,887",27.0,12%,63 : 37,An-Najah National University,False,False,False,
8180,818,Anna University,35.5–38.9,8180,39.2,364,16.2,1185,51.8,1122,59.9,746,21.0,2140,i-55682392,master_account,0,/world-university-rankings/anna-university,624381,India,"11,396",12.1,1%,41 : 59,Anna University,False,False,False,
8190,819,Aristotle University of Thessaloniki,35.5–38.9,8190,22.7,1356,19.4,960,63.4,799,62.6,699,37.0,1405,i-52030612,master_account,0,/world-university-rankings/aristotle-university-thessaloniki,131558,Greece,"47,845",18.9,5%,58 : 42,Aristotle University of Thessaloniki,False,False,False,
8200,820,Arts et Métiers,35.5–38.9,8200,35.1,520,23.0,760,40.6,1419,82.5,295,66.3,484,i-76344591,master_account,0,/world-university-rankings/arts-et-metiers,695917,France,"6,012",16.6,14%,19 : 81,Arts et Métiers,False,False,False,
8210,821,Atatürk University,35.5–38.9,8210,29.5,848,28.0,567,51.8,1123,29.0,1435,36.7,1423,i-78067354,master_account,0,/world-university-rankings/ataturk-university,624942,Turkey,"33,912",24.7,10%,50 : 50,Atatürk University,False,False,False,
8220,822,Azerbaijan State University of Economics,35.5–38.9,8220,23.4,1303,9.3,2002,74.5,484,19.4,1904,59.0,652,i-41824462,master_account,0,/world-university-rankings/azerbaijan-state-university-economics,647939,Azerbaijan,"13,473",9.2,7%,44 : 56,Azerbaijan State University of Economics,False,False,False,
8230,823,Bahçeşehir University,35.5–38.9,8230,19.0,1676,22.9,767,59.4,916,34.0,1294,60.6,609,i-55403953,master_account,0,/world-university-rankings/bahcesehir-university,131573,Turkey,"19,548",46.0,24%,50 : 50,Bahçeşehir University,False,False,False,
8240,824,Baqiyatallah University of Medical Sciences,35.5–38.9,8240,39.5,351,18.1,1043,50.0,1180,64.9,641,22.6,2095,i-16355013,master_account,0,/world-university-rankings/baqiyatallah-university-medical-sciences,625230,Iran,"2,650",7.4,3%,23 : 77,Baqiyatallah University of Medical Sciences,False,False,False,
8250,825,Baylor University,35.5–38.9,8250,43.0,259,19.4,961,53.6,1076,43.2,1082,37.7,1379,i-36580942,private,0,/world-university-rankings/baylor-university,594605,United States,"21,096",14.9,6%,61 : 39,Baylor University United States US USA,False,False,False,https://www.timeshighereducation.com/student/register-interest/shorelight?utm_medium=thewebsite&utm_campaign=cta-link&utm_source=rankings&iid=i-36580942
8260,826,Birjand University of Medical Sciences,35.5–38.9,8260,36.2,479,12.5,1538,70.0,617,20.2,1851,34.4,1536,i-04958233,master_account,0,/world-university-rankings/birjand-university-medical-sciences,714982,Iran,"4,171",12.0,5%,57 : 43,Birjand University of Medical Sciences,False,False,False,
8270,827,"Birla Institute of Technology and Science, Pilani",35.5–38.9,8270,29.0,883,20.9,878,66.9,688,46.1,1025,28.8,1789,i-89858394,master_account,0,/world-university-rankings/birla-institute-technology-and-science-pilani,131761,India,"16,157",15.3,3%,20 : 80,"Birla Institute of Technology and Science, Pilani",False,False,False,
8280,828,Birmingham City University,35.5–38.9,8280,17.9,1782,13.4,1432,65.5,725,25.2,1564,86.3,185,i-63249543,master_account,0,/world-university-rankings/birmingham-city-university,131612,United Kingdom,"27,055",18.5,31%,62 : 38,Birmingham City University,False,False,False,https://www.timeshighereducation.com/student/register-interest/siuk?utm_medium=thewebsite&utm_campaign=cta-link&utm_source=rankings&iid=i-63249543
8290,829,Bucharest University of Economic Studies,35.5–38.9,8290,19.2,1662,11.9,1619,81.5,300,23.1,1671,31.8,1655,i-02692969,master_account,0,/world-university-rankings/bucharest-university-economic-studies,632463,Romania,"21,819",15.8,4%,60 : 40,Bucharest University of Economic Studies,False,False,False,
8300,830,Cairo University,35.5–38.9,8300,29.4,856,20.0,926,60.7,878,42.7,1091,48.6,983,i-31656881,master_account,0,/world-university-rankings/cairo-university,1006,Egypt,"173,478",24.6,7%,60 : 40,Cairo University,False,False,False,
8310,831,Cankaya University,35.5–38.9,8310,15.9,1951,15.9,1207,80.9,315,20.5,1831,51.2,866,i-06992821,master_account,0,/world-university-rankings/cankaya-university,624792,Turkey,"5,609",21.3,1%,44 : 56,Cankaya University,False,False,False,
8320,832,Capital University of Science and Technology,35.5–38.9,8320,18.2,1749,20.1,921,71.0,587,23.8,1641,49.0,969,i-69129648,master_account,0,/world-university-rankings/capital-university-science-and-technology,692890,Pakistan,"6,840",28.9,0%,40 : 60,Capital University of Science and Technology,False,False,False,
8330,833,Carlos III University of Madrid,35.5–38.9,8330,32.6,663,21.7,837,45.7,1285,66.7,600,62.6,567,i-44728521,master_account,6,/world-university-rankings/carlos-iii-university-madrid,131513,Spain,"18,403",10.9,18%,48 : 52,Carlos III University of Madrid,False,False,False,
8340,834,Catholic University of Portugal,35.5–38.9,8340,20.3,1556,24.9,682,61.9,840,30.9,1376,57.7,684,i-85478221,master_account,0,/world-university-rankings/catholic-university-portugal,131737,Portugal,"12,826",22.9,24%,67 : 33,Catholic University of Portugal,False,False,False,
8350,835,Chengdu University,35.5–38.9,8350,17.4,1838,15.7,1226,77.9,390,47.9,985,28.7,1800,i-26890234,master_account,0,/world-university-rankings/chengdu-university,622899,China,"27,472",16.2,2%,54 : 46,Chengdu University,False,False,False,
8360,836,Chonnam National University,35.5–38.9,8360,34.5,557,29.6,527,47.0,1256,60.7,730,33.2,1594,i-80202991,master_account,6,/world-university-rankings/chonnam-national-university,131702,South Korea,"16,714",12.6,8%,51 : 49,Chonnam National University,False,False,False,
8370,837,Clark University,35.5–38.9,8370,27.2,1000,19.3,967,57.2,967,44.2,1066,66.8,479,i-38187082,private,0,/world-university-rankings/clark-university,131481,United States,"3,623",12.5,29%,55 : 45,Clark University,False,False,False,https://www.timeshighereducation.com/student/register-interest/shorelight?utm_medium=thewebsite&utm_campaign=cta-link&utm_source=rankings&iid=i-38187082
8380,838,Daffodil International University (DIU),35.5–38.9,8380,12.1,2157,13.0,1481,81.7,293,20.1,1857,65.4,508,i-82752632,master_account,0,/world-university-rankings/daffodil-international-university-diu,625938,Bangladesh,"17,085",22.0,5%,37 : 63,Daffodil International University (DIU),False,False,False,
8390,839,Delhi Technological University,35.5–38.9,8390,23.9,1245,22.7,782,63.3,803,37.8,1190,21.3,2131,i-37029598,master_account,0,/world-university-rankings/delhi-technological-university,655115,India,"14,340",22.6,4%,17 : 83,Delhi Technological University,False,False,False,
8400,840,École Centrale de Lyon,35.5–38.9,8400,37.2,435,22.8,776,29.5,1705,85.5,261,76.3,326,i-47075543,master_account,0,/world-university-rankings/ecole-centrale-de-lyon,587796,France,"2,251",15.6,25%,29 : 71,École Centrale de Lyon,False,False,False,
8410,841,Empress Catherine II Saint Petersburg Mining University,35.5–38.9,8410,28.7,901,17.9,1058,62.8,822,51.6,908,45.8,1073,i-64252562,master_account,0,/world-university-rankings/empress-catherine-ii-saint-petersburg-mining-university,131618,Russian Federation,"10,462",16.1,17%,43 : 57,Empress Catherine II Saint Petersburg Mining University,False,False,True,
8420,842,Eötvös Loránd University,35.5–38.9,8420,29.6,841,19.8,935,55.4,1026,39.7,1150,50.3,895,i-08630823,master_account,11,/world-university-rankings/eotvos-lorand-university,131314,Hungary,"32,848",17.7,12%,61 : 39,Eötvös Loránd University,False,False,False,
8430,843,European University Cyprus,35.5–38.9,8430,20.4,1551,15.3,1263,65.8,716,19.9,1871,92.9,79,i-56321043,master_account,11,/world-university-rankings/european-university-cyprus,622554,Cyprus,"5,474",15.2,58%,62 : 38,European University Cyprus,False,False,False,
8440,844,Federal University of Minas Gerais,35.5–38.9,8440,41.6,293,25.3,665,42.4,1365,53.0,885,36.9,1413,i-91076913,master_account,0,/world-university-rankings/federal-university-minas-gerais,131770,Brazil,"43,267",14.9,2%,56 : 44,Federal University of Minas Gerais,False,False,False,
8450,845,Ferdowsi University of Mashhad,35.5–38.9,8450,30.4,782,28.0,568,50.7,1157,49.5,955,34.2,1544,i-48025211,master_account,0,/world-university-rankings/ferdowsi-university-mashhad,131530,Iran,"20,937",26.9,6%,54 : 46,Ferdowsi University of Mashhad,False,False,False,
8460,846,Florida Atlantic University,35.5–38.9,8460,21.9,1422,24.6,696,53.7,1072,66.3,609,53.7,791,i-59674483,public,0,/world-university-rankings/florida-atlantic-university,592163,United States,"23,754",19.5,10%,66 : 34,Florida Atlantic University,False,False,False,https://www.timeshighereducation.com/student/register-interest/shorelight?utm_medium=thewebsite&utm_campaign=cta-link&utm_source=rankings&iid=i-59674483
8470,847,Future University in Egypt,35.5–38.9,8470,22.2,1400,10.6,1809,78.6,372,18.0,2019,64.4,527,i-77783251,master_account,0,/world-university-rankings/future-university-egypt,699268,Egypt,"7,962",9.5,11%,45 : 55,Future University in Egypt,False,False,False,
8480,848,Fuzhou University,35.5–38.9,8480,19.2,1663,20.9,880,71.1,585,81.5,310,34.5,1535,i-22215692,master_account,0,/world-university-rankings/fuzhou-university,624006,China,"44,604",17.4,1%,39 : 61,Fuzhou University,False,False,False,
8490,849,Gabriele d‘Annunzio University,35.5–38.9,8490,17.6,1820,20.9,881,63.6,786,56.0,831,38.7,1340,i-70687992,master_account,0,/world-university-rankings/gabriele-dannunzio-university,633264,Italy,"21,794",28.5,3%,65 : 35,Gabriele d‘Annunzio University,False,False,False,
8500,850,Gazipur Agricultural University,35.5–38.9,8500,23.0,1336,9.3,2004,75.3,466,17.3,2081,51.7,851,i-43732663,master_account,0,/world-university-rankings/gazipur-agricultural-university,718786,Bangladesh,"2,027",8.9,2%,54 : 46,Gazipur Agricultural University,False,False,False,
8510,851,German Jordanian University,35.5–38.9,8510,22.4,1387,13.6,1416,60.3,887,24.5,1600,78.6,294,i-16669893,master_account,0,/world-university-rankings/german-jordanian-university,622986,Jordan,"2,830",9.6,15%,36 : 64,German Jordanian University,False,False,False,
8520,852,Ghulam Ishaq Khan Institute of Engineering Sciences and Technology,35.5–38.9,8520,19.5,1639,16.9,1127,66.8,690,29.5,1425,51.0,872,i-71306252,master_account,0,/world-university-rankings/ghulam-ishaq-khan-institute-engineering-sciences-and-technology,131654,Pakistan,"2,267",16.1,0%,14 : 86,Ghulam Ishaq Khan Institute of Engineering Sciences and Technology,False,False,False,
8530,853,Glasgow Caledonian University,35.5–38.9,8530,17.8,1794,15.2,1275,63.7,781,48.7,967,83.5,220,i-01901723,master_account,0,/world-university-rankings/glasgow-caledonian-university,131275,United Kingdom,"17,335",25.9,30%,57 : 43,Glasgow Caledonian University,False,False,False,https://www.timeshighereducation.com/student/into-university-partnerships?utm_medium=thewebsite&utm_campaign=cta-link&utm_source=rankings&iid=i-01901723
8540,854,Gorgan University of Agricultural Sciences and Natural Resources,35.5–38.9,8540,31.4,731,11.8,1636,68.3,654,31.4,1363,38.0,1370,i-66009151,master_account,0,/world-university-rankings/gorgan-university-agricultural-sciences-and-natural-resources,717325,Iran,"3,866",20.5,1%,54 : 46,Gorgan University of Agricultural Sciences and Natural Resources,False,False,False,
8550,855,Government College University Lahore,35.5–38.9,8550,17.5,1832,19.3,969,72.8,533,23.2,1665,49.0,970,i-62065221,master_account,0,/world-university-rankings/government-college-university-lahore,624462,Pakistan,"12,656",32.9,0%,53 : 47,Government College University Lahore,False,False,False,
8560,856,Guangzhou Medical University,35.5–38.9,8560,25.6,1119,11.4,1687,74.5,485,42.0,1100,24.4,2010,i-73644482,master_account,0,/world-university-rankings/guangzhou-medical-university,685576,China,"16,107",2.2,2%,58 : 42,Guangzhou Medical University,False,False,False,
8570,857,Guilan University of Medical Sciences,35.5–38.9,8570,40.0,331,11.6,1654,66.3,705,25.3,1561,25.9,1938,i-01501841,master_account,0,/world-university-rankings/guilan-university-medical-sciences,717335,Iran,"5,752",10.8,1%,57 : 43,Guilan University of Medical Sciences,False,False,False,
8580,858,Guru Gobind Singh Indraprastha University,35.5–38.9,8580,30.8,767,12.4,1554,74.2,491,26.9,1515,26.8,1892,i-42558253,master_account,0,/world-university-rankings/guru-gobind-singh-indraprastha-university,624780,India,"6,027",14.2,4%,29 : 71,Guru Gobind Singh Indraprastha University,False,False,False,
8590,859,Hacettepe University,35.5–38.9,8590,34.8,534,28.6,554,49.0,1204,58.7,764,27.0,1887,i-29760729,master_account,0,/world-university-rankings/hacettepe-university,996,Turkey,"35,176",14.7,3%,61 : 39,Hacettepe University,False,False,False,
8600,860,Halmstad University,35.5–38.9,8600,20.4,1552,16.7,1148,64.8,750,29.0,1436,68.0,465,i-67207131,master_account,0,/world-university-rankings/halmstad-university,661660,Sweden,"4,642",11.9,6%,62 : 38,Halmstad University,False,False,False,
8610,861,Hanoi Medical University,35.5–38.9,8610,32.0,688,11.9,1621,62.2,833,44.8,1058,47.5,1016,i-95388542,master_account,0,/world-university-rankings/hanoi-medical-university,723730,Vietnam,"13,081",10.8,0%,62 : 38,Hanoi Medical University,False,False,False,
8620,862,Ilam University of Medical Sciences,35.5–38.9,8620,34.2,576,12.1,1588,66.7,694,20.3,1846,29.3,1771,i-94131121,master_account,0,/world-university-rankings/ilam-university-medical-sciences,710339,Iran,"3,024",12.9,8%,54 : 46,Ilam University of Medical Sciences,False,False,False,
8630,863,IMT Nord Europe,35.5–38.9,8630,32.9,651,31.0,487,28.8,1725,68.4,553,72.0,407,i-31877192,master_account,0,/world-university-rankings/imt-nord-europe,638030,France,"1,621",18.0,21%,23 : 77,IMT Nord Europe,False,False,False,
8640,864,Inha University,35.5–38.9,8640,31.6,714,28.2,563,46.2,1269,83.6,279,38.1,1364,i-37779672,master_account,0,/world-university-rankings/inha-university,949,South Korea,"14,163",17.0,8%,43 : 57,Inha University,False,False,False,
8650,865,Innopolis University,35.5–38.9,8650,23.9,1247,24.5,699,45.3,1294,58.3,776,80.0,273,i-53266871,master_account,0,/world-university-rankings/innopolis-university,131565,Russian Federation,"1,248",13.7,21%,19 : 81,Innopolis University,False,False,True,
8660,866,"International Islamic University, Islamabad",35.5–38.9,8660,19.0,1678,11.3,1702,77.1,413,20.4,1840,58.0,677,i-02006112,master_account,0,/world-university-rankings/international-islamic-university-islamabad,625050,Pakistan,"24,592",21.9,5%,58 : 42,"International Islamic University, Islamabad",False,False,False,
8670,867,International University of Rabat,35.5–38.9,8670,18.4,1736,12.0,1602,73.2,518,31.0,1374,76.3,327,i-71008692,master_account,0,/world-university-rankings/international-university-rabat,696562,Morocco,"8,278",23.1,5%,55 : 45,International University of Rabat,False,False,False,
8680,868,Iqra University,35.5–38.9,8680,17.8,1795,9.5,1976,80.9,316,24.0,1628,52.6,819,i-00733966,master_account,0,/world-university-rankings/iqra-university,685021,Pakistan,"10,121",13.1,1%,26 : 74,Iqra University,False,False,False,
8690,869,Isra University (Jordan),35.5–38.9,8690,12.9,2133,16.5,1164,80.5,325,16.9,2128,74.1,370,i-38473232,master_account,0,/world-university-rankings/isra-university-jordan,720401,Jordan,"5,275",21.5,24%,52 : 48,Isra University (Jordan),False,False,False,
8700,870,Istanbul Medipol University,35.5–38.9,8700,33.0,644,29.4,535,42.6,1361,54.6,857,65.5,504,i-68151433,master_account,6,/world-university-rankings/istanbul-medipol-university,625248,Turkey,"20,473",34.4,43%,65 : 35,Istanbul Medipol University,False,False,False,
8710,871,Jahangirnagar University,35.5–38.9,8710,19.7,1620,10.0,1895,77.6,398,20.4,1841,49.6,935,i-63368048,master_account,0,/world-university-rankings/jahangirnagar-university,621480,Bangladesh,"11,895",16.9,0%,50 : 50,Jahangirnagar University,False,False,False,
8720,872,Jamia Hamdard University,35.5–38.9,8720,22.5,1381,14.5,1332,68.4,653,39.1,1167,43.0,1175,i-44849201,master_account,0,/world-university-rankings/jamia-hamdard-university,688786,India,"9,927",15.6,2%,45 : 55,Jamia Hamdard University,False,False,False,
8730,873,Jawaharlal Nehru University,35.5–38.9,8730,46.0,201,24.4,705,48.5,1215,39.5,1155,24.1,2027,i-31687191,master_account,0,/world-university-rankings/jawaharlal-nehru-university,985,India,"7,759",11.2,1%,42 : 58,Jawaharlal Nehru University,False,False,False,
8740,874,Jeonbuk National University,35.5–38.9,8740,33.3,619,29.2,536,46.7,1261,69.4,528,36.7,1424,i-01158411,master_account,0,/world-university-rankings/jeonbuk-national-university,131273,South Korea,"18,726",20.3,10%,46 : 54,Jeonbuk National University Chonbuk CBNU,False,False,False,
8750,875,Jönköping University,35.5–38.9,8750,21.0,1498,22.4,798,65.5,727,37.0,1218,66.9,478,i-69250981,master_account,0,/world-university-rankings/jonkoping-university,621903,Sweden,"6,586",13.8,12%,61 : 39,Jönköping University,False,False,False,
8760,876,Jordan University of Science and Technology,35.5–38.9,8760,22.9,1345,16.0,1200,64.8,751,47.2,1003,77.4,311,i-61931931,master_account,0,/world-university-rankings/jordan-university-science-and-technology,131603,Jordan,"17,708",12.0,28%,48 : 52,Jordan University of Science and Technology,False,False,False,
8770,877,JSS Academy of Higher Education and Research,35.5–38.9,8770,41.0,311,11.6,1657,56.4,997,28.8,1444,53.6,795,i-50944022,master_account,0,/world-university-rankings/jss-academy-higher-education-and-research,587919,India,"8,201",9.2,9%,53 : 47,JSS Academy of Higher Education and Research,False,False,False,
8780,878,Kaohsiung Medical University,35.5–38.9,8780,26.6,1045,34.3,393,46.9,1257,89.0,213,31.4,1678,i-40723821,master_account,0,/world-university-rankings/kaohsiung-medical-university,131495,Taiwan,"6,621",12.6,5%,59 : 41,Kaohsiung Medical University,False,False,False,
8790,879,Kazan Federal University,35.5–38.9,8790,46.6,190,22.1,811,27.7,1756,52.2,901,68.4,460,i-61790593,master_account,0,/world-university-rankings/kazan-federal-university,131602,Russian Federation,"22,575",11.1,33%,66 : 34,Kazan Federal University,False,False,True,
8800,880,Kerman University of Medical Sciences,35.5–38.9,8800,40.6,321,15.4,1249,63.7,782,23.8,1643,26.5,1908,i-86520903,master_account,0,/world-university-rankings/kerman-university-medical-sciences,622245,Iran,"5,552",9.5,3%,,Kerman University of Medical Sciences,False,False,False,
8810,881,Khwaja Fareed University of Engineering and Information Technology,35.5–38.9,8810,11.8,2165,12.8,1510,79.6,355,36.3,1237,51.3,862,i-65037134,master_account,0,/world-university-rankings/khwaja-fareed-university-engineering-and-information-technology,703346,Pakistan,"11,504",24.1,0%,45 : 55,Khwaja Fareed University of Engineering and Information Technology,False,False,False,
8820,882,King Mongkut’s University of Technology Thonburi,35.5–38.9,8820,19.8,1610,22.9,770,57.0,977,78.8,349,41.4,1229,i-91734814,master_account,0,/world-university-rankings/king-mongkuts-university-technology-thonburi,901,Thailand,"14,898",19.7,4%,45 : 55,King Mongkut’s University of Technology Thonburi,False,False,False,
8830,883,King Saud bin Abdulaziz University for Health Sciences,35.5–38.9,8830,44.6,226,19.6,943,44.5,1307,45.5,1036,55.0,754,i-32631241,master_account,0,/world-university-rankings/king-saud-bin-abdulaziz-university-health-sciences,624918,Saudi Arabia,"8,509",10.9,0%,53 : 47,King Saud bin Abdulaziz University for Health Sciences,False,False,False,
8840,884,Kingston University,35.5–38.9,8840,20.4,1553,15.4,1250,54.6,1048,48.3,975,90.9,118,i-56928712,master_account,0,/world-university-rankings/kingston-university,131579,United Kingdom,"15,980",20.2,44%,60 : 40,Kingston University,False,False,False,https://www.timeshighereducation.com/student/register-interest/siuk?utm_medium=thewebsite&utm_campaign=cta-link&utm_source=rankings&iid=i-56928712
8850,885,KL University,35.5–38.9,8850,25.6,1121,16.3,1181,75.8,446,19.9,1872,25.5,1961,i-75958372,master_account,0,/world-university-rankings/kl-university,622194,India,"18,766",14.7,2%,38 : 62,KL University,False,False,False,
8860,886,K.N. Toosi University of Technology,35.5–38.9,8860,23.8,1261,22.6,787,59.9,898,47.3,999,37.7,1380,i-89392543,master_account,0,/world-university-rankings/kn-toosi-university-technology,131757,Iran,"7,629",20.2,2%,33 : 67,K.N. Toosi University of Technology,False,False,False,
8870,887,Kurdistan University of Medical Sciences,35.5–38.9,8870,43.0,263,10.4,1842,65.8,717,23.1,1673,33.6,1573,i-69665201,master_account,0,/world-university-rankings/kurdistan-university-medical-sciences,681865,Iran,"3,652",7.0,7%,46 : 54,Kurdistan University of Medical Sciences,False,False,False,
8880,888,Lahore University of Management Sciences,35.5–38.9,8880,23.7,1274,20.2,917,57.4,962,46.1,1026,54.1,780,i-62090171,master_account,0,/world-university-rankings/lahore-university-management-sciences,131604,Pakistan,"4,744",13.6,2%,44 : 56,Lahore University of Management Sciences,False,False,False,
8890,889,Leeds Beckett University,35.5–38.9,8890,19.2,1665,15.9,1212,69.2,634,48.0,983,74.9,359,i-96771323,master_account,0,/world-university-rankings/leeds-beckett-university,131802,United Kingdom,"19,825",17.0,23%,54 : 46,Leeds Beckett University Leeds  United Kingdom UK,False,False,False,https://www.timeshighereducation.com/student/register-interest/siuk?utm_medium=thewebsite&utm_campaign=cta-link&utm_source=rankings&iid=i-96771323
8900,890,Mahsa University,35.5–38.9,8900,19.6,1631,8.7,2094,68.5,649,16.9,2130,81.1,257,i-03237352,master_account,0,/world-university-rankings/mahsa-university,733581,Malaysia,"6,044",13.8,13%,17 : 83,Mahsa University,False,False,False,
8910,891,Makerere University,35.5–38.9,8910,21.5,1455,26.6,616,54.2,1058,32.8,1327,69.7,444,i-87922416,master_account,0,/world-university-rankings/makerere-university,131749,Uganda,"25,506",19.3,4%,43 : 57,Makerere University,False,False,False,
8920,892,Mansoura University,35.5–38.9,8920,20.2,1571,11.9,1623,69.4,629,32.9,1323,76.8,316,i-71107102,master_account,0,/world-university-rankings/mansoura-university,918,Egypt,"165,971",19.0,14%,55 : 45,Mansoura University,False,False,False,
8930,893,Marie and Louis Pasteur University,35.5–38.9,8930,22.7,1361,20.4,908,51.9,1121,64.6,649,68.1,463,i-70379612,master_account,0,/world-university-rankings/marie-and-louis-pasteur-university,736154,France,"27,356",29.5,13%,54 : 46,Marie and Louis Pasteur University,False,False,False,
8940,894,Mashhad University of Medical Sciences,35.5–38.9,8940,33.3,620,15.4,1251,65.4,734,38.1,1187,31.6,1667,i-29287353,master_account,0,/world-university-rankings/mashhad-university-medical-sciences,624726,Iran,"9,296",9.1,5%,55 : 45,Mashhad University of Medical Sciences,False,False,False,
8950,895,Mazandaran University of Medical Sciences,35.5–38.9,8950,37.6,423,13.8,1401,59.0,928,32.1,1347,27.1,1880,i-71323551,master_account,0,/world-university-rankings/mazandaran-university-medical-sciences,622251,Iran,"6,664",10.8,3%,55 : 45,Mazandaran University of Medical Sciences,False,False,False,
8960,896,Medical University of Lodz,35.5–38.9,8960,31.3,739,11.6,1658,65.5,728,46.4,1019,31.1,1690,i-09879286,master_account,0,/world-university-rankings/medical-university-lodz,707777,Poland,"9,642",7.5,9%,69 : 31,Medical University of Lodz,False,False,False,
8970,897,Montanuniversität Leoben,35.5–38.9,8970,40.7,318,21.3,859,34.6,1570,78.6,353,77.6,308,i-75155944,master_account,0,/world-university-rankings/montanuniversitat-leoben,648710,Austria,"1,970",6.3,20%,26 : 74,Montanuniversität Leoben,False,False,False,
8980,898,Najran University,35.5–38.9,8980,16.7,1889,11.9,1624,76.1,436,18.5,1985,78.9,289,i-31312954,master_account,0,/world-university-rankings/najran-university,709730,Saudi Arabia,"16,538",13.3,6%,57 : 43,Najran University,False,False,False,
8990,899,Nanjing Medical University,35.5–38.9,8990,37.1,440,16.4,1175,62.2,835,51.5,912,23.2,2070,i-67606913,master_account,0,/world-university-rankings/nanjing-medical-university,589109,China,"23,163",7.2,3%,,Nanjing Medical University,False,False,False,
9000,900,Nanjing Normal University,35.5–38.9,9000,25.3,1143,17.1,1111,69.8,622,66.5,606,28.6,1806,i-00464441,master_account,0,/world-university-rankings/nanjing-normal-university,587616,China,"36,007",13.7,2%,66 : 34,Nanjing Normal University,False,False,False,
9010,901,Nanjing University of Information Science and Technology,35.5–38.9,9010,19.8,1611,20.5,905,65.8,719,59.8,749,37.7,1381,i-77160708,master_account,0,/world-university-rankings/nanjing-university-information-science-and-technology,642977,China,"36,971",15.5,3%,,Nanjing University of Information Science and Technology,False,False,False,
9020,902,National Autonomous University of Mexico,35.5–38.9,9020,34.2,579,33.8,409,37.5,1499,66.7,601,60.1,622,i-75028412,master_account,0,/world-university-rankings/national-autonomous-university-mexico,897,Mexico,"175,031",16.3,5%,52 : 48,National Autonomous University of Mexico,False,False,False,
9030,903,National Institute of Applied Sciences of Lyon (INSA Lyon),35.5–38.9,9030,38.7,383,22.9,771,36.7,1519,93.3,165,69.6,445,i-16531051,master_account,0,/world-university-rankings/national-institute-applied-sciences-lyon-insa-lyon,131369,France,"6,160",12.6,26%,38 : 62,National Institute of Applied Sciences of Lyon (INSA Lyon),False,False,False,
9040,904,National Institute of Technology Silchar,35.5–38.9,9040,37.5,426,18.9,986,61.7,844,24.5,1601,22.4,2102,i-92094273,master_account,0,/world-university-rankings/national-institute-technology-silchar,690028,India,"4,599",11.7,3%,21 : 79,National Institute of Technology Silchar,False,False,False,
9050,905,"National Institute of Technology, Tiruchirappalli",35.5–38.9,9050,33.2,631,22.1,812,54.0,1061,43.8,1073,22.1,2112,i-76264801,master_account,0,/world-university-rankings/national-institute-technology-tiruchirappalli,623718,India,"7,452",22.2,2%,24 : 76,"National Institute of Technology, Tiruchirappalli",False,False,False,
9060,906,National Technical University of Athens,35.5–38.9,9060,33.3,621,24.4,707,55.1,1034,61.2,719,35.4,1490,i-93125091,master_account,0,/world-university-rankings/national-technical-university-athens,131780,Greece,"13,139",19.5,5%,35 : 65,National Technical University of Athens,False,False,False,
9070,907,National University of Science and Technology (MISiS),35.5–38.9,9070,40.2,327,29.8,521,34.5,1574,74.7,415,54.3,776,i-45210891,master_account,0,/world-university-rankings/national-university-science-and-technology-misis,131519,Russian Federation,"7,305",12.6,19%,42 : 58,National University of Science and Technology (MISiS) Russia Moscow,False,False,True,
9080,908,National Veterinary School of Alfort (EnvA),35.5–38.9,9080,44.3,235,11.9,1625,44.2,1319,44.7,1061,54.7,762,i-54710592,master_account,0,/world-university-rankings/national-veterinary-school-alfort-enva,727139,France,872,5.9,0%,78 : 22,National Veterinary School of Alfort (EnvA),False,False,False,
9090,909,Northeast Agricultural University,35.5–38.9,9090,19.3,1654,15.9,1214,84.5,219,45.1,1051,18.9,2182,i-30854094,master_account,0,/world-university-rankings/northeast-agricultural-university,625071,China,"32,409",20.7,1%,55 : 45,Northeast Agricultural University,False,False,False,
9100,910,Northeast Normal University,35.5–38.9,9100,30.9,759,17.4,1091,65.1,741,50.5,933,32.9,1614,i-69697363,master_account,0,/world-university-rankings/northeast-normal-university,587649,China,"31,316",19.3,3%,69 : 31,Northeast Normal University,False,False,False,
9110,911,Northern Border University,35.5–38.9,9110,26.5,1054,15.8,1221,59.7,907,26.0,1541,75.3,348,i-82468622,master_account,0,/world-university-rankings/northern-border-university,709700,Saudi Arabia,"7,128",8.6,2%,63 : 37,Northern Border University,False,False,False,
9120,912,Northern Illinois University,35.5–38.9,9120,28.6,913,18.5,1005,53.7,1074,54.8,852,54.6,768,i-77425433,public,0,/world-university-rankings/northern-illinois-university,592415,United States,"13,032",14.7,8%,54 : 46,Northern Illinois University,False,False,False,https://www.timeshighereducation.com/student/register-interest/shorelight?utm_medium=thewebsite&utm_campaign=cta-link&utm_source=rankings&iid=i-77425433
9130,913,North South University,35.5–38.9,9130,14.8,2034,11.3,1706,80.3,332,29.4,1427,48.7,980,i-97855983,master_account,0,/world-university-rankings/north-south-university,694156,Bangladesh,"16,380",19.1,0%,44 : 56,North South University,False,False,False,
9140,914,North-West University,35.5–38.9,9140,22.3,1393,18.8,990,63.8,777,45.1,1052,56.4,714,i-56836311,master_account,0,/world-university-rankings/north-west-university,623391,South Africa,"41,784",24.1,2%,63 : 37,North-West University,False,False,False,
9150,915,Norwegian University of Life Sciences,35.5–38.9,9150,32.0,690,15.4,1254,58.4,944,40.8,1128,63.5,547,i-40094581,master_account,0,/world-university-rankings/norwegian-university-life-sciences,587790,Norway,"8,193",8.4,7%,57 : 43,Norwegian University of Life Sciences,False,False,False,
9160,916,Old Dominion University,35.5–38.9,9160,27.5,982,20.7,894,57.4,964,57.6,790,36.1,1452,i-38583381,public,0,/world-university-rankings/old-dominion-university,847,United States,"17,790",16.3,3%,56 : 44,Old Dominion University,False,False,False,https://www.timeshighereducation.com/student/register-interest/shorelight?utm_medium=thewebsite&utm_campaign=cta-link&utm_source=rankings&iid=i-38583381
9170,917,Ontario Tech University,35.5–38.9,9170,17.6,1822,25.3,666,56.4,999,60.3,740,60.6,612,i-80505922,master_account,0,/world-university-rankings/ontario-tech-university,623382,Canada,"9,555",30.0,12%,43 : 57,Ontario Tech University,False,False,False,https://www.timeshighereducation.com/student/register-interest/applyboard?utm_medium=thewebsite&utm_campaign=cta-link&utm_source=rankings&iid=i-80505922
9180,918,Open University of Catalonia,35.5–38.9,9180,18.5,1728,20.5,907,68.3,655,32.8,1329,50.0,910,i-26889289,master_account,0,/world-university-rankings/open-university-catalonia,633087,Spain,"34,578",96.6,6%,57 : 43,Open University of Catalonia,False,False,False,
9190,919,Oxford Brookes University,35.5–38.9,9190,26.9,1024,23.1,755,53.9,1064,30.6,1385,88.1,162,i-71176562,master_account,0,/world-university-rankings/oxford-brookes-university,131653,United Kingdom,"13,930",13.6,30%,56 : 44,Oxford Brookes University,False,False,False,https://www.timeshighereducation.com/student/register-interest/siuk?utm_medium=thewebsite&utm_campaign=cta-link&utm_source=rankings&iid=i-71176562
9200,920,Ozyegin University,35.5–38.9,9200,20.6,1539,30.7,497,47.8,1242,80.9,317,58.2,673,i-06418611,master_account,0,/world-university-rankings/ozyegin-university,589139,Turkey,"6,166",24.1,12%,47 : 53,Ozyegin University,False,False,False,
9210,921,Pablo de Olavide University,35.5–38.9,9210,23.2,1320,19.4,963,57.3,966,55.8,834,52.2,836,i-62943983,master_account,0,/world-university-rankings/pablo-de-olavide-university,633063,Spain,"12,155",14.2,16%,61 : 39,Pablo de Olavide University,False,False,False,
9220,922,Panthéon-Sorbonne University – Paris 1,35.5–38.9,9220,36.9,450,34.0,401,38.0,1487,35.8,1248,63.4,551,i-65069342,master_account,0,/world-university-rankings/pantheon-sorbonne-university-paris-1,928,France,"36,234",29.2,21%,64 : 36,Panthéon-Sorbonne University – Paris 1,False,False,False,
9230,923,Peter the Great St Petersburg Polytechnic University,35.5–38.9,9230,35.7,500,23.0,761,38.0,1488,71.4,476,62.0,583,i-12858691,master_account,0,/world-university-rankings/peter-great-st-petersburg-polytechnic-university,131339,Russian Federation,"16,730",9.9,32%,43 : 57,Peter the Great St Petersburg Polytechnic University,False,False,True,
9240,924,Pontifical Catholic University of Rio de Janeiro (PUC-Rio),35.5–38.9,9240,37.1,441,34.2,397,38.9,1461,72.8,451,45.4,1091,i-46154712,master_account,0,/world-university-rankings/pontifical-catholic-university-rio-de-janeiro-puc-rio,131524,Brazil,"11,715",18.4,2%,50 : 50,Pontifical Catholic University of Rio de Janeiro (PUC-Rio),False,False,False,
9250,925,Portland State University,35.5–38.9,9250,22.3,1394,24.5,701,56.7,989,55.1,846,38.3,1356,i-38682556,public,0,/world-university-rankings/portland-state-university,131485,United States,"16,947",21.0,6%,57 : 43,Portland State University,False,False,False,https://www.timeshighereducation.com/student/register-interest/shorelight?utm_medium=thewebsite&utm_campaign=cta-link&utm_source=rankings&iid=i-38682556
9260,926,Rafsanjan University of Medical Sciences,35.5–38.9,9260,41.7,289,12.2,1581,66.4,701,20.0,1863,23.7,2047,i-00457491,master_account,0,/world-university-rankings/rafsanjan-university-medical-sciences,710333,Iran,"2,169",10.3,0%,59 : 41,Rafsanjan University of Medical Sciences,False,False,False,
9270,927,Reichman University,35.5–38.9,9270,15.0,2021,18.7,994,65.1,742,46.2,1023,57.0,704,i-18663601,master_account,0,/world-university-rankings/reichman-university,623520,Israel,"7,795",32.3,25%,55 : 45,Reichman University,False,False,False,
9280,928,Reykjavík University,35.5–38.9,9280,18.8,1703,25.9,641,62.5,826,33.7,1303,62.4,573,i-14567402,master_account,0,/world-university-rankings/reykjavik-university,131356,Iceland,"2,851",21.5,6%,45 : 55,Reykjavík University,False,False,False,
9290,929,Robert Gordon University,35.5–38.9,9290,17.3,1850,13.9,1390,69.9,619,39.2,1163,90.1,127,i-34564743,master_account,0,/world-university-rankings/robert-gordon-university,131467,United Kingdom,"11,720",22.1,33%,64 : 36,Robert Gordon University,False,False,False,https://www.timeshighereducation.com/student/register-interest/siuk?utm_medium=thewebsite&utm_campaign=cta-link&utm_source=rankings&iid=i-34564743
9300,930,RUDN University,35.5–38.9,9300,39.9,337,27.8,576,40.2,1430,36.6,1223,68.7,454,i-13188319,master_account,0,/world-university-rankings/rudn-university,131343,Russian Federation,"27,303",17.8,34%,59 : 41,RUDN University,False,False,True,
9310,931,Savitribai Phule Pune University,35.5–38.9,9310,40.9,315,13.3,1450,56.2,1009,37.1,1215,23.7,2048,i-97831042,master_account,0,/world-university-rankings/savitribai-phule-pune-university,131809,India,"6,043",12.2,2%,46 : 54,Savitribai Phule Pune University,False,False,False,
9320,932,Shahid Beheshti University,35.5–38.9,9320,32.5,669,23.1,756,49.9,1182,70.9,489,31.1,1692,i-42190022,master_account,0,/world-university-rankings/shahid-beheshti-university,131498,Iran,"23,882",19.0,2%,60 : 40,Shahid Beheshti University,False,False,False,
9330,933,Shahrekord University of Medical Sciences,35.5–38.9,9330,33.8,597,11.2,1719,69.2,635,20.7,1816,25.2,1978,i-01020012,master_account,0,/world-university-rankings/shahrekord-university-medical-sciences,715393,Iran,"3,423",11.4,2%,58 : 42,Shahrekord University of Medical Sciences,False,False,False,
9340,934,Shahroud University of Medical Sciences,35.5–38.9,9340,35.2,517,13.6,1420,72.1,564,21.4,1772,23.7,2049,i-88032623,master_account,0,/world-university-rankings/shahroud-university-medical-sciences,734648,Iran,"1,709",11.4,0%,34 : 66,Shahroud University of Medical Sciences,False,False,False,
9350,935,Sheffield Hallam University,35.5–38.9,9350,18.0,1777,14.1,1367,65.5,731,34.9,1269,73.2,387,i-64588463,master_account,0,/world-university-rankings/sheffield-hallam-university,131621,United Kingdom,"29,535",19.0,23%,55 : 45,Sheffield Hallam University,False,False,False,https://www.timeshighereducation.com/student/register-interest/siuk?utm_medium=thewebsite&utm_campaign=cta-link&utm_source=rankings&iid=i-64588463
9360,936,Shiraz University,35.5–38.9,9360,27.4,990,26.0,634,56.3,1003,62.6,701,33.2,1598,i-18073463,master_account,0,/world-university-rankings/shiraz-university,589124,Iran,"14,298",19.7,3%,55 : 45,Shiraz University,False,False,False,
9370,937,Shri Mata Vaishno Devi University,35.5–38.9,9370,29.4,861,18.5,1006,67.7,666,22.5,1708,26.1,1931,i-35641392,master_account,0,/world-university-rankings/shri-mata-vaishno-devi-university,645761,India,"2,983",20.7,0%,38 : 62,Shri Mata Vaishno Devi University,False,False,False,
9380,938,Siberian Federal University,35.5–38.9,9380,34.2,581,26.9,603,36.6,1521,61.1,722,59.1,650,i-38622624,master_account,0,/world-university-rankings/siberian-federal-university,131484,Russian Federation,"8,610",19.0,13%,47 : 53,Siberian Federal University,False,False,True,
9390,939,Siksha ‘O’ Anusandhan,35.5–38.9,9390,47.1,184,20.4,911,44.9,1301,50.0,947,23.5,2055,i-35900832,master_account,11,/world-university-rankings/siksha-o-anusandhan,653999,India,"11,466",9.4,3%,58 : 42,Siksha ‘O’ Anusandhan,False,False,False,
9400,940,Sogang University,35.5–38.9,9400,30.9,761,31.4,469,42.6,1362,73.7,435,42.6,1184,i-75472603,master_account,0,/world-university-rankings/sogang-university,939,South Korea,"10,317",25.0,18%,46 : 54,Sogang University,False,False,False,
9410,941,Southern Illinois University Carbondale,35.5–38.9,9410,38.3,397,26.3,625,43.7,1327,74.8,412,41.9,1211,i-01114012,public,0,/world-university-rankings/southern-illinois-university-carbondale,592448,United States,"9,238",13.7,7%,53 : 47,Southern Illinois University Carbondale,False,False,False,https://www.timeshighereducation.com/student/register-interest/shorelight?utm_medium=thewebsite&utm_campaign=cta-link&utm_source=rankings&iid=i-01114012
9420,942,Southwest Jiaotong University,35.5–38.9,9420,26.2,1070,25.4,662,60.2,892,83.0,287,22.9,2087,i-90952291,master_account,0,/world-university-rankings/southwest-jiaotong-university,131768,China,"49,014",15.4,1%,33 : 67,Southwest Jiaotong University,False,False,False,
9430,943,SR University,35.5–38.9,9430,15.7,1967,13.9,1392,85.4,206,20.0,1864,34.7,1526,i-80266811,master_account,0,/world-university-rankings/sr-university,720526,India,"6,010",15.9,1%,50 : 50,SR University,False,False,False,
9440,944,The Catholic University of America,35.5–38.9,9440,44.5,229,20.4,912,40.5,1424,70.9,491,48.6,986,i-02364627,private,0,/world-university-rankings/catholic-university-america,592136,United States,"3,614",10.8,6%,54 : 46,The Catholic University of America,False,False,False,https://www.timeshighereducation.com/student/register-interest/shorelight?utm_medium=thewebsite&utm_campaign=cta-link&utm_source=rankings&iid=i-02364627
9450,945,The Islamia University of Bahawalpur,35.5–38.9,9450,17.6,1825,13.3,1453,80.3,333,22.2,1730,49.6,939,i-68171771,master_account,0,/world-university-rankings/islamia-university-bahawalpur,625047,Pakistan,"53,834",40.7,0%,47 : 53,The Islamia University of Bahawalpur,False,False,False,
9460,946,The Open University,35.5–38.9,9460,17.8,1799,14.3,1353,67.0,685,48.0,984,61.5,596,i-69018962,master_account,0,/world-university-rankings/open-university,959,United Kingdom,"70,690",22.7,9%,67 : 33,The Open University,False,False,False,https://www.timeshighereducation.com/student/register-interest/siuk?utm_medium=thewebsite&utm_campaign=cta-link&utm_source=rankings&iid=i-69018962
9470,947,The University of Alabama,35.5–38.9,9470,28.6,915,22.4,800,59.4,918,50.0,948,39.3,1310,i-67678632,public,0,/world-university-rankings/university-alabama,591764,United States,"35,682",20.6,3%,57 : 43,The University of Alabama,False,False,False,https://www.timeshighereducation.com/student/register-interest/shorelight?utm_medium=thewebsite&utm_campaign=cta-link&utm_source=rankings&iid=i-67678632
9480,948,The University of Notre Dame Australia,35.5–38.9,9480,32.4,674,18.0,1053,56.5,995,27.8,1485,59.1,651,i-72993651,master_account,0,/world-university-rankings/university-notre-dame-australia,705371,Australia,"7,652",14.9,5%,72 : 28,The University of Notre Dame Australia,False,False,False,
9490,949,Tomsk Polytechnic University,35.5–38.9,9490,40.9,316,25.1,676,29.8,1697,63.5,679,70.1,435,i-14068881,master_account,0,/world-university-rankings/tomsk-polytechnic-university,131349,Russian Federation,"9,179",11.0,35%,33 : 67,Tomsk Polytechnic University,False,False,True,
9500,950,Universidade Federal de São Paulo (UNIFESP),35.5–38.9,9500,36.0,487,25.3,669,46.2,1270,59.2,757,36.3,1444,i-42891423,master_account,0,/world-university-rankings/universidade-federal-de-sao-paulo-unifesp,583809,Brazil,"20,218",11.8,1%,60 : 40,Universidade Federal de São Paulo (UNIFESP),False,False,False,
9510,951,Universitat Ramon Llull,35.5–38.9,9510,20.8,1523,17.6,1084,63.2,808,36.5,1226,73.7,377,i-75119712,master_account,0,/world-university-rankings/universitat-ramon-llull,715231,Spain,"16,683",22.0,24%,53 : 47,Universitat Ramon Llull,False,False,False,
9520,952,Université de Bretagne Occidentale,35.5–38.9,9520,27.0,1019,19.6,947,51.8,1126,49.4,959,63.3,555,i-14690033,master_account,0,/world-university-rankings/universite-de-bretagne-occidentale,632004,France,"22,138",24.8,12%,59 : 41,Université de Bretagne Occidentale,False,False,False,
9530,953,University of Alcalá,35.5–38.9,9530,29.2,873,17.0,1123,54.3,1052,47.8,989,59.6,634,i-85972181,master_account,0,/world-university-rankings/university-alcala,131740,Spain,"16,459",10.1,22%,67 : 33,University of Alcalá alcala,False,False,False,
9540,954,University of Cape Coast,35.5–38.9,9540,18.2,1757,22.1,815,63.3,805,33.3,1313,44.9,1116,i-30521963,master_account,11,/world-university-rankings/university-cape-coast,628164,Ghana,"36,491",40.0,0%,40 : 60,University of Cape Coast ucc,False,False,False,
9550,955,University of Central Punjab,35.5–38.9,9550,12.9,2136,11.8,1640,81.6,297,20.1,1861,49.9,919,i-43396161,master_account,0,/world-university-rankings/university-central-punjab,654380,Pakistan,"16,612",25.4,0%,36 : 64,University of Central Punjab,False,False,False,
9560,956,University of Córdoba,35.5–38.9,9560,27.4,991,20.7,897,60.4,886,45.8,1031,50.6,890,i-87370942,master_account,0,/world-university-rankings/university-cordoba,633045,Spain,"17,571",11.8,11%,59 : 41,University of Córdoba,False,False,False,
9570,957,University of Debrecen,35.5–38.9,9570,41.7,290,18.2,1040,45.7,1287,50.6,931,58.0,678,i-06337693,master_account,6,/world-university-rankings/university-debrecen,986,Hungary,"20,923",12.2,25%,56 : 44,University of Debrecen,False,False,False,
9580,958,University of Dhaka,35.5–38.9,9580,17.7,1815,13.3,1457,76.5,427,33.2,1318,45.0,1110,i-77217982,master_account,0,/world-university-rankings/university-dhaka,131689,Bangladesh,"35,843",18.6,0%,44 : 56,University of Dhaka,False,False,False,
9590,959,"University of Engineering and Technology, Taxila",35.5–38.9,9590,19.3,1657,14.4,1344,80.8,319,28.1,1468,48.9,973,i-96431263,master_account,0,/world-university-rankings/university-engineering-and-technology-taxila,720793,Pakistan,"5,282",19.9,2%,22 : 78,"University of Engineering and Technology, Taxila",False,False,False,
9600,960,University of Foggia,35.5–38.9,9600,16.8,1886,26.0,636,63.6,792,38.0,1189,32.2,1636,i-45856733,master_account,0,/world-university-rankings/university-foggia,623514,Italy,"9,947",34.9,1%,66 : 34,University of Foggia,False,False,False,
9610,961,University of Gujrat,35.5–38.9,9610,14.9,2027,11.6,1664,79.0,364,21.5,1768,49.3,955,i-90270811,master_account,0,/world-university-rankings/university-gujrat,719085,Pakistan,"18,353",26.7,1%,67 : 33,University of Gujrat,False,False,False,
9620,962,University of Hagen,35.5–38.9,9620,30.1,817,36.3,334,42.4,1366,46.4,1021,44.5,1126,i-27607993,master_account,0,/world-university-rankings/university-hagen,632073,Germany,"22,592",226.1,11%,56 : 44,University of Hagen,False,False,False,
9630,963,University of Ibadan,35.5–38.9,9630,29.6,845,15.6,1238,63.5,798,22.1,1738,43.8,1148,i-20314911,master_account,0,/world-university-rankings/university-ibadan,131386,Nigeria,"36,851",17.6,0%,50 : 50,University of Ibadan,False,False,False,
9640,964,University of Indonesia,35.5–38.9,9640,45.0,223,22.0,820,37.2,1507,60.4,738,63.9,538,i-97858501,master_account,0,/world-university-rankings/university-indonesia,131810,Indonesia,"42,674",8.3,17%,73 : 27,University of Indonesia Universitas Indonesia UI,False,False,False,
9650,965,University of Jaén,35.5–38.9,9650,23.9,1254,20.7,898,67.0,686,39.2,1166,50.2,901,i-92703782,master_account,0,/world-university-rankings/university-jaen,589253,Spain,"13,280",13.9,10%,58 : 42,University of Jaén,False,False,False,
9660,966,University of Lagos,35.5–38.9,9660,18.4,1741,20.1,923,66.7,695,32.6,1336,45.6,1083,i-51343553,master_account,0,/world-university-rankings/university-lagos,622488,Nigeria,"36,484",22.4,0%,51 : 49,University of Lagos,False,False,False,
9670,967,University of Ljubljana,35.5–38.9,9670,27.8,966,23.8,732,56.0,1015,69.1,537,42.6,1186,i-27666792,master_account,0,/world-university-rankings/university-ljubljana,131432,Slovenia,"37,509",12.8,9%,60 : 40,University of Ljubljana,False,False,False,
9680,968,University of Lleida,35.5–38.9,9680,23.2,1325,20.3,914,59.6,912,61.4,716,43.3,1163,i-65847201,master_account,0,/world-university-rankings/university-lleida,623301,Spain,"9,739",17.0,9%,59 : 41,University of Lleida,False,False,False,
9690,969,University of Malakand,35.5–38.9,9690,25.6,1124,12.9,1502,70.6,603,42.6,1094,50.7,887,i-93855772,master_account,0,/world-university-rankings/university-malakand,670542,Pakistan,"8,902",27.1,1%,28 : 72,University of Malakand,False,False,False,
9700,970,University of Malta,35.5–38.9,9700,24.9,1180,18.2,1041,61.6,850,36.8,1221,56.2,720,i-28987931,master_account,0,/world-university-rankings/university-malta,626004,Malta,"9,650",11.8,18%,61 : 39,University of Malta,False,False,False,
9710,971,University of Management and Technology,35.5–38.9,9710,16.5,1903,11.0,1761,83.5,254,26.6,1526,52.1,841,i-24217323,master_account,0,/world-university-rankings/university-management-and-technology,625932,Pakistan,"22,028",17.2,2%,49 : 51,University of Management and Technology,False,False,False,
9720,972,University of Medicine and Pharmacy Carol Davila,35.5–38.9,9720,26.1,1081,12.5,1545,73.4,513,30.2,1403,37.0,1410,i-49566998,master_account,0,/world-university-rankings/university-medicine-and-pharmacy-carol-davila,717333,Romania,"12,809",9.2,17%,68 : 32,University of Medicine and Pharmacy Carol Davila,False,False,False,
9730,973,University of Namur,35.5–38.9,9730,26.8,1035,26.7,613,49.0,1206,62.4,706,70.6,429,i-98560498,master_account,0,/world-university-rankings/university-namur,623949,Belgium,"6,480",20.0,17%,58 : 42,University of Namur,False,False,False,
9740,974,University of Nova Gorica,35.5–38.9,9740,29.9,827,19.0,985,49.5,1194,29.6,1423,86.7,183,i-59910404,master_account,0,/world-university-rankings/university-nova-gorica,131592,Slovenia,448,3.0,61%,48 : 52,University of Nova Gorica,False,False,False,
9750,975,University of Patras,35.5–38.9,9750,18.5,1734,23.6,738,60.0,896,73.2,442,34.2,1549,i-81275841,master_account,0,/world-university-rankings/university-patras,131718,Greece,"28,311",27.5,6%,51 : 49,University of Patras,False,False,False,
9760,976,University of Petra,35.5–38.9,9760,15.2,2011,12.4,1563,76.1,438,17.5,2066,67.4,472,i-50173395,master_account,0,/world-university-rankings/university-petra,651644,Jordan,"5,154",17.3,18%,54 : 46,University of Petra,False,False,False,
9770,977,University of Regina,35.5–38.9,9770,18.4,1742,20.9,885,61.9,843,43.8,1074,65.7,500,i-09815163,master_account,11,/world-university-rankings/university-regina,131321,Canada,"14,331",22.9,34%,60 : 40,University of Regina,False,False,False,
9780,978,University of Rhode Island,35.5–38.9,9780,29.6,846,23.0,763,55.0,1038,53.2,883,51.6,856,i-12493713,public,0,/world-university-rankings/university-rhode-island,594419,United States,"15,859",17.4,3%,58 : 42,University of Rhode Island,False,False,False,https://www.timeshighereducation.com/student/register-interest/shorelight?utm_medium=thewebsite&utm_campaign=cta-link&utm_source=rankings&iid=i-12493713
9790,979,University of Roehampton,35.5–38.9,9790,18.9,1698,22.8,780,55.0,1039,27.6,1494,88.2,161,i-93316802,master_account,0,/world-university-rankings/university-roehampton,131781,United Kingdom,"11,170",30.2,61%,57 : 43,University of Roehampton,False,False,False,https://www.timeshighereducation.com/student/register-interest/siuk?utm_medium=thewebsite&utm_campaign=cta-link&utm_source=rankings&iid=i-93316802
9800,980,University of Rome III,35.5–38.9,9800,22.7,1367,25.6,653,54.7,1046,63.2,690,42.2,1202,i-17163233,master_account,0,/world-university-rankings/university-rome-iii,1016,Italy,"36,386",48.1,6%,61 : 39,University of Rome III,False,False,False,
9810,981,University of Salamanca,35.5–38.9,9810,32.0,695,24.8,689,47.9,1238,46.6,1014,54.5,771,i-26480031,master_account,0,/world-university-rankings/university-salamanca,131422,Spain,"25,749",14.6,16%,61 : 39,University of Salamanca,False,False,False,
9820,982,University of Salento,35.5–38.9,9820,27.2,1006,21.4,855,61.4,860,55.8,836,35.6,1482,i-73218634,master_account,0,/world-university-rankings/university-salento,854,Italy,"14,502",23.5,3%,62 : 38,University of Salento,False,False,False,
9830,983,University of Salford,35.5–38.9,9830,19.0,1684,14.8,1307,64.9,748,57.0,808,84.8,202,i-72056655,master_account,0,/world-university-rankings/university-salford,131658,United Kingdom,"22,475",20.9,30%,56 : 44,University of Salford,False,False,False,https://www.timeshighereducation.com/student/register-interest/siuk?utm_medium=thewebsite&utm_campaign=cta-link&utm_source=rankings&iid=i-72056655
9840,984,University of Seville,35.5–38.9,9840,24.9,1182,27.9,575,55.8,1021,60.4,739,47.4,1023,i-79842474,master_account,0,/world-university-rankings/university-seville,131701,Spain,"60,471",19.0,12%,57 : 43,University of Seville,False,False,False,
9850,985,University of the Balearic Islands,35.5–38.9,9850,27.9,961,16.9,1135,56.6,992,38.4,1184,52.1,842,i-47433692,master_account,0,/world-university-rankings/university-balearic-islands,624171,Spain,"12,091",9.2,8%,58 : 42,University of the Balearic Islands,False,False,False,
9860,986,University of the Punjab,35.5–38.9,9860,28.4,931,15.2,1282,64.4,760,31.5,1362,50.6,891,i-90439812,master_account,0,/world-university-rankings/university-punjab,621513,Pakistan,"28,679",21.6,1%,62 : 38,University of the Punjab,False,False,False,
9870,987,University of Tunis El Manar,35.5–38.9,9870,45.7,208,27.2,596,32.9,1615,70.4,504,55.2,750,i-91261583,master_account,0,/world-university-rankings/university-tunis-el-manar,131771,Tunisia,"16,341",8.1,10%,75 : 25,University of Tunis El Manar,False,False,False,
9880,988,University of Vic – Central University of Catalonia,35.5–38.9,9880,21.4,1472,14.1,1370,70.8,597,23.6,1650,55.8,734,i-64614001,master_account,0,/world-university-rankings/university-vic-central-university-catalonia,131622,Spain,"7,881",12.7,17%,61 : 39,University of Vic – Central University of Catalonia,False,False,False,
9890,989,University of Vigo,35.5–38.9,9890,25.2,1154,19.8,939,60.9,874,60.1,742,49.8,929,i-07524773,master_account,0,/world-university-rankings/university-vigo,908,Spain,"17,290",14.6,7%,51 : 49,University of Vigo,False,False,False,
9900,990,University of Westminster,35.5–38.9,9900,19.0,1685,16.5,1170,63.1,811,48.7,970,85.4,197,i-65712765,master_account,0,/world-university-rankings/university-westminster,131626,United Kingdom,"19,530",20.0,51%,59 : 41,University of Westminster,False,False,False,https://www.timeshighereducation.com/student/register-interest/siuk?utm_medium=thewebsite&utm_campaign=cta-link&utm_source=rankings&iid=i-65712765
9910,991,University of Wolverhampton,35.5–38.9,9910,20.3,1563,15.6,1240,59.3,920,47.3,1001,78.8,292,i-43161403,master_account,0,/world-university-rankings/university-wolverhampton,621402,United Kingdom,"13,835",17.9,28%,64 : 36,University of Wolverhampton,False,False,False,https://www.timeshighereducation.com/student/register-interest/siuk?utm_medium=thewebsite&utm_campaign=cta-link&utm_source=rankings&iid=i-43161403
9920,992,University of Wyoming,35.5–38.9,9920,36.4,471,15.3,1271,57.2,971,54.1,871,39.6,1293,i-13001174,public,0,/world-university-rankings/university-wyoming,864,United States,"9,462",13.3,5%,53 : 47,University of Wyoming,False,False,False,https://www.timeshighereducation.com/student/register-interest/shorelight?utm_medium=thewebsite&utm_campaign=cta-link&utm_source=rankings&iid=i-13001174
9930,993,Ural Federal University,35.5–38.9,9930,25.7,1115,29.2,538,44.4,1314,58.3,779,60.5,614,i-40514762,master_account,0,/world-university-rankings/ural-federal-university,131493,Russian Federation,"29,855",15.7,15%,52 : 48,Ural Federal University,False,False,True,
9940,994,Urmia University,35.5–38.9,9940,31.4,738,23.6,740,56.6,993,34.7,1283,50.0,915,i-26069911,master_account,0,/world-university-rankings/urmia-university,622248,Iran,"13,411",27.3,13%,49 : 51,Urmia University,False,False,False,
9950,995,Vilnius University,35.5–38.9,9950,26.8,1036,26.5,619,53.6,1082,58.3,780,49.8,930,i-87763151,master_account,0,/world-university-rankings/vilnius-university,131748,Lithuania,"19,929",11.7,12%,65 : 35,Vilnius University,False,False,False,
9960,996,Wakayama Medical University,35.5–38.9,9960,36.4,472,12.6,1536,57.8,956,58.5,771,20.2,2156,i-06467901,master_account,0,/world-university-rankings/wakayama-medical-university,610842,Japan,"1,917",4.4,0%,46 : 54,Wakayama Medical University,False,False,False,
9970,997,Waseda University,35.5–38.9,9970,34.0,591,26.9,606,43.5,1334,68.0,567,53.3,808,i-20054232,master_account,6,/world-university-rankings/waseda-university,862,Japan,"44,876",14.2,12%,39 : 61,Waseda University Waseda Japan Tokyo,False,False,False,
9980,998,Wenzhou University,35.5–38.9,9980,15.3,2005,16.6,1163,79.3,362,54.7,856,31.9,1653,i-03126483,master_account,0,/world-university-rankings/wenzhou-university,623643,China,"25,175",19.6,2%,51 : 49,Wenzhou University,False,False,False,
9990,999,William & Mary,35.5–38.9,9990,39.2,365,22.6,791,53.9,1067,45.7,1032,36.9,1416,i-84416933,public,0,/world-university-rankings/william-mary,611,United States,"8,786",11.8,6%,58 : 42,William & Mary,False,False,False,https://www.timeshighereducation.com/student/register-interest/shorelight?utm_medium=thewebsite&utm_campaign=cta-link&utm_source=rankings&iid=i-84416933
10000,1000,Zahedan University of Medical Sciences,35.5–38.9,10000,35.0,529,11.5,1686,67.5,670,20.4,1845,24.5,2009,i-13413437,master_account,0,/world-university-rankings/zahedan-university-medical-sciences,724865,Iran,"4,274",10.6,1%,55 : 45,Zahedan University of Medical Sciences,False,False,False,
10010,1001,Zanjan University of Medical Sciences,35.5–38.9,10010,36.0,489,12.5,1549,64.8,755,31.0,1375,28.0,1836,i-43231625,master_account,0,/world-university-rankings/zanjan-university-medical-sciences,678546,Iran,"5,887",11.1,3%,55 : 45,Zanjan University of Medical Sciences,False,False,False,
10020,1002,Zhejiang Gongshang University,35.5–38.9,10020,20.9,1516,15.4,1261,74.3,490,45.1,1054,34.4,1541,i-11092671,master_account,0,/world-university-rankings/zhejiang-gongshang-university,622350,China,"19,572",13.2,4%,58 : 42,Zhejiang Gongshang University,False,False,False,
10030,1003,"Adam Mickiewicz University, Poznań",32.1–35.4,10030,20.6,1537,30.7,495,46.8,1259,37.3,1207,38.2,1358,i-85495914,master_account,0,/world-university-rankings/adam-mickiewicz-university-poznan,131738,Poland,"30,005",23.1,7%,68 : 32,"Adam Mickiewicz University, Poznań",False,False,False,
10040,1004,AGH University of Krakow,32.1–35.4,10040,32.7,656,21.6,843,39.8,1440,71.6,470,34.8,1514,i-27630271,master_account,0,/world-university-rankings/agh-university-krakow,131429,Poland,"17,827",10.2,4%,33 : 67,AGH University of Krakow,False,False,False,
10050,1005,Al-Balqa Applied University,32.1–35.4,10050,13.4,2109,16.9,1124,64.7,756,30.3,1397,47.4,1020,i-54225412,master_account,0,/world-university-rankings/al-balqa-applied-university,623748,Jordan,"24,503",23.7,3%,58 : 42,Al-Balqa Applied University,False,False,False,
10060,1006,Anadolu University,32.1–35.4,10060,23.4,1302,10.8,1779,62.6,824,22.1,1732,33.4,1585,i-57509481,master_account,0,/world-university-rankings/anadolu-university,131583,Turkey,"27,577",21.0,6%,53 : 47,Anadolu University,False,False,False,
10070,1007,Anhui University,32.1–35.4,10070,18.6,1716,16.6,1155,63.0,812,55.5,840,22.2,2107,i-52162974,master_account,0,/world-university-rankings/anhui-university,623325,China,"41,446",17.4,1%,,Anhui University,False,False,False,
10080,1008,"Arab Academy for Science, Technology and Maritime Transport",32.1–35.4,10080,35.1,519,20.6,900,44.3,1317,28.6,1453,57.8,681,i-01640241,master_account,0,/world-university-rankings/arab-academy-science-technology-and-maritime-transport,704825,Egypt,"32,274",10.6,14%,48 : 52,"Arab Academy for Science, Technology and Maritime Transport",False,False,False,
10090,1009,Ardabil University of Medical Sciences,32.1–35.4,10090,28.0,950,11.1,1729,61.5,851,21.5,1765,21.6,2123,i-31457901,master_account,0,/world-university-rankings/ardabil-university-medical-sciences,730209,Iran,"3,986",12.1,1%,53 : 47,Ardabil University of Medical Sciences,False,False,False,
10100,1010,Aswan University,32.1–35.4,10100,16.0,1946,11.9,1618,64.9,744,22.6,1701,50.2,899,i-13424071,master_account,0,/world-university-rankings/aswan-university,644084,Egypt,"32,185",31.6,0%,50 : 50,Aswan University,False,False,False,
10110,1011,Ateneo de Manila University,32.1–35.4,10110,27.0,1014,11.2,1712,64.7,757,23.8,1640,35.6,1476,i-94149623,master_account,0,/world-university-rankings/ateneo-de-manila-university,131786,Philippines,"14,540",10.1,1%,56 : 44,Ateneo de Manila University,False,False,False,
10120,1012,Athens University of Economics and Business,32.1–35.4,10120,18.7,1707,24.6,695,45.3,1293,63.4,682,43.4,1156,i-74741069,master_account,0,/world-university-rankings/athens-university-economics-and-business,131674,Greece,"9,211",44.7,5%,46 : 54,Athens University of Economics and Business,False,False,False,
10130,1013,Bahria University,32.1–35.4,10130,15.0,2013,10.6,1804,65.4,732,34.7,1275,51.5,858,i-94518031,master_account,0,/world-university-rankings/bahria-university,670476,Pakistan,"23,030",20.0,1%,48 : 52,Bahria University,False,False,False,
10140,1014,Bangladesh Agricultural University (BAU),32.1–35.4,10140,21.2,1477,10.3,1850,65.2,737,24.6,1591,49.4,944,i-27907928,master_account,0,/world-university-rankings/bangladesh-agricultural-university-bau,673872,Bangladesh,"7,855",13.3,1%,45 : 55,Bangladesh Agricultural University (BAU),False,False,False,
10150,1015,Bangladesh University of Engineering and Technology,32.1–35.4,10150,23.1,1326,15.2,1273,65.4,733,38.4,1182,33.5,1579,i-38803563,master_account,0,/world-university-rankings/bangladesh-university-engineering-and-technology,624465,Bangladesh,"5,814",11.3,0%,22 : 78,Bangladesh University of Engineering and Technology buet BUET,False,False,False,
10160,1016,Bartin University,32.1–35.4,10160,13.7,2093,14.3,1346,69.5,627,18.5,1982,41.3,1236,i-23633702,master_account,0,/world-university-rankings/bartin-university,714892,Turkey,"10,537",21.8,14%,49 : 51,Bartin University,False,False,False,
10170,1017,Bayero University,32.1–35.4,10170,22.5,1379,11.0,1749,60.7,877,18.0,2017,49.6,934,i-75077429,master_account,0,/world-university-rankings/bayero-university,718256,Nigeria,"29,362",16.9,0%,44 : 56,Bayero University,False,False,False,
10180,1018,Beni-Suef University,32.1–35.4,10180,25.8,1100,11.3,1698,59.4,917,22.8,1690,55.6,737,i-51163812,master_account,0,/world-university-rankings/beni-suef-university,131552,Egypt,"82,628",44.9,1%,48 : 52,Beni-Suef University,False,False,False,
10190,1019,Birla Institute of Technology,32.1–35.4,10190,22.7,1357,20.0,925,58.1,949,45.5,1035,21.3,2129,i-97638862,master_account,0,/world-university-rankings/birla-institute-technology,621675,India,"5,296",16.7,0%,25 : 75,Birla Institute of Technology,False,False,False,
10200,1020,BRAC University,32.1–35.4,10200,13.6,2100,13.4,1433,74.9,476,19.9,1868,43.3,1161,i-04294086,master_account,0,/world-university-rankings/brac-university,587673,Bangladesh,"17,235",21.2,1%,45 : 55,BRAC University,False,False,False,
10210,1021,Cardiff Metropolitan University,32.1–35.4,10210,20.7,1531,14.4,1340,51.3,1136,26.8,1518,86.8,181,i-81172192,master_account,0,/world-university-rankings/cardiff-metropolitan-university,131715,United Kingdom,"11,975",19.5,29%,52 : 48,Cardiff Metropolitan University,False,False,False,https://www.timeshighereducation.com/student/register-interest/siuk?utm_medium=thewebsite&utm_campaign=cta-link&utm_source=rankings&iid=i-81172192
10220,1022,Central Michigan University,32.1–35.4,10220,30.2,799,16.8,1137,49.6,1187,47.4,997,40.7,1257,i-78180591,public,0,/world-university-rankings/central-michigan-university,593036,United States,"13,765",19.8,10%,59 : 41,Central Michigan University,False,False,False,https://www.timeshighereducation.com/student/register-interest/shorelight?utm_medium=thewebsite&utm_campaign=cta-link&utm_source=rankings&iid=i-78180591
10230,1023,Central University of Haryana,32.1–35.4,10230,19.3,1652,16.8,1138,63.6,785,17.6,2049,25.9,1936,i-19937441,master_account,0,/world-university-rankings/central-university-haryana,734714,India,"4,612",19.8,0%,44 : 56,Central University of Haryana,False,False,False,
10240,1024,Central University of Jammu,32.1–35.4,10240,42.5,274,10.5,1820,50.8,1151,17.4,2070,24.1,2024,i-08297744,master_account,0,/world-university-rankings/central-university-jammu,734188,India,"1,086",4.8,0%,45 : 55,Central University of Jammu,False,False,False,
10250,1025,Chang’an University,32.1–35.4,10250,30.1,810,17.0,1116,45.8,1279,77.9,360,27.3,1865,i-59314662,master_account,0,/world-university-rankings/changan-university,643160,China,"40,205",10.3,5%,31 : 69,Chang’an University,False,False,False,
10260,1026,Changsha University of Science and Technology,32.1–35.4,10260,16.3,1911,15.3,1262,63.4,800,77.2,371,23.8,2041,i-75686608,master_account,0,/world-university-rankings/changsha-university-science-and-technology,623160,China,"41,350",17.4,1%,35 : 65,Changsha University of Science and Technology,False,False,False,
10270,1027,Chiang Mai University,32.1–35.4,10270,29.0,884,18.8,989,51.7,1127,55.0,849,39.3,1308,i-98854093,master_account,0,/world-university-rankings/chiang-mai-university,997,Thailand,"35,691",13.9,4%,61 : 39,Chiang Mai University,False,False,False,
10280,1028,Chiba University,32.1–35.4,10280,33.7,601,21.1,868,43.7,1326,70.3,506,34.1,1551,i-56677163,master_account,0,/world-university-rankings/chiba-university,937,Japan,"13,630",8.6,5%,38 : 62,Chiba University,False,False,False,
10290,1029,China Pharmaceutical University,32.1–35.4,10290,25.6,1117,20.7,892,55.8,1019,85.5,260,21.1,2138,i-84860363,master_account,0,/world-university-rankings/china-pharmaceutical-university,624234,China,"19,664",16.7,2%,63 : 37,China Pharmaceutical University,False,False,False,
10300,1030,Chungbuk National University,32.1–35.4,10300,33.5,610,31.4,465,36.3,1526,70.2,510,36.5,1432,i-91614003,master_account,0,/world-university-rankings/chungbuk-national-university,623469,South Korea,"11,274",13.3,11%,43 : 57,Chungbuk National University CBNU,False,False,False,
10310,1031,Chungnam National University,32.1–35.4,10310,30.1,811,30.7,496,37.9,1491,72.0,463,25.4,1967,i-23889591,master_account,0,/world-university-rankings/chungnam-national-university,131405,South Korea,"20,792",20.2,3%,47 : 53,Chungnam National University CNU Chung Nam National University Chung-Nam,False,False,False,
10320,1032,Clarkson University,32.1–35.4,10320,32.6,664,18.2,1030,36.8,1514,63.6,673,65.4,507,i-68513222,private,0,/world-university-rankings/clarkson-university,593486,United States,"3,546",13.2,13%,35 : 65,Clarkson University,False,False,False,https://www.timeshighereducation.com/student/register-interest/shorelight?utm_medium=thewebsite&utm_campaign=cta-link&utm_source=rankings&iid=i-68513222
10330,1033,Cochin University of Science and Technology,32.1–35.4,10330,40.3,326,29.0,541,31.6,1650,75.2,400,25.0,1984,i-09350636,master_account,0,/world-university-rankings/cochin-university-science-and-technology,131318,India,"4,378",14.7,2%,57 : 43,Cochin University of Science and Technology,False,False,False,
10340,1034,Covenant University,32.1–35.4,10340,21.6,1441,27.5,586,50.8,1152,55.7,837,42.3,1194,i-69863949,master_account,11,/world-university-rankings/covenant-university,614223,Nigeria,"9,690",22.2,0%,39 : 61,Covenant University CU,False,False,False,
10350,1035,CY Cergy Paris University,32.1–35.4,10350,26.3,1064,20.5,904,38.1,1479,56.5,819,90.1,126,i-80512682,master_account,0,/world-university-rankings/cy-cergy-paris-university,705635,France,"16,674",16.0,27%,50 : 50,CY Cergy Paris University,False,False,False,
10360,1036,Damietta University,32.1–35.4,10360,18.0,1772,10.6,1807,69.0,637,19.6,1888,48.1,997,i-54812253,master_account,0,/world-university-rankings/damietta-university,646151,Egypt,"37,333",32.3,1%,62 : 38,Damietta University,False,False,False,
10370,1037,Datta Meghe Institute of Higher Education & Research (Deemed to be University),32.1–35.4,10370,24.4,1208,11.5,1670,63.1,809,29.9,1412,38.5,1345,i-83368878,master_account,0,/world-university-rankings/datta-meghe-institute-higher-education-research-deemed-be-university,624966,India,"9,257",13.4,3%,61 : 39,Datta Meghe Institute of Higher Education & Research (Deemed to be University),False,False,False,
10380,1038,Delta University for Science and Technology,32.1–35.4,10380,21.4,1464,11.0,1751,70.9,591,18.0,2018,51.7,850,i-61450731,master_account,0,/world-university-rankings/delta-university-science-and-technology,703538,Egypt,"11,762",18.2,1%,46 : 54,Delta University for Science and Technology,False,False,False,
10390,1039,Dr B.R. Ambedkar National Institute of Technology Jalandhar,32.1–35.4,10390,25.6,1118,17.0,1118,59.1,923,25.8,1544,19.3,2169,i-74571822,master_account,0,/world-university-rankings/dr-br-ambedkar-national-institute-technology-jalandhar,707725,India,"5,637",20.5,0%,25 : 75,Dr B.R. Ambedkar National Institute of Technology Jalandhar,False,False,False,
10400,1040,Edge Hill University,32.1–35.4,10400,18.5,1725,14.2,1356,62.2,832,30.7,1382,58.7,657,i-77734513,master_account,0,/world-university-rankings/edge-hill-university,131691,United Kingdom,"11,925",15.7,9%,71 : 29,Edge Hill University,False,False,False,https://www.timeshighereducation.com/student/register-interest/siuk?utm_medium=thewebsite&utm_campaign=cta-link&utm_source=rankings&iid=i-77734513
10410,1041,European University of Madrid,32.1–35.4,10410,24.8,1184,10.0,1891,61.2,863,18.5,1983,65.5,503,i-27812784,master_account,0,/world-university-rankings/european-university-madrid,633081,Spain,"15,141",8.2,38%,51 : 49,European University of Madrid,False,False,False,
10420,1042,Financial University under the Government of the Russian Federation,32.1–35.4,10420,30.0,819,21.1,869,42.5,1363,35.2,1259,40.3,1275,i-68325582,master_account,0,/world-university-rankings/financial-university-under-government-russian-federation,624054,Russian Federation,"16,514",13.7,13%,57 : 43,Financial University under the Government of the Russian Federation,False,False,True,
10430,1043,Firat University,32.1–35.4,10430,24.4,1210,13.9,1384,57.0,975,32.7,1332,38.3,1352,i-41357352,master_account,0,/world-university-rankings/firat-university,624366,Turkey,"30,050",26.0,9%,49 : 51,Firat University,False,False,False,
10440,1044,Florida Agricultural and Mechanical University,32.1–35.4,10440,33.8,594,19.8,936,43.1,1341,46.5,1015,50.0,908,i-61414832,public,0,/world-university-rankings/florida-agricultural-and-mechanical-university,592160,United States,"8,805",13.2,1%,67 : 33,Florida Agricultural and Mechanical University,False,False,False,https://www.timeshighereducation.com/student/register-interest/shorelight?utm_medium=thewebsite&utm_campaign=cta-link&utm_source=rankings&iid=i-61414832
10450,1045,Florida Institute of Technology,32.1–35.4,10450,29.4,858,17.8,1066,45.8,1281,60.5,735,60.6,611,i-81668434,private,0,/world-university-rankings/florida-institute-technology,873,United States,"6,456",18.3,21%,48 : 52,Florida Institute of Technology,False,False,False,https://www.timeshighereducation.com/student/register-interest/shorelight?utm_medium=thewebsite&utm_campaign=cta-link&utm_source=rankings&iid=i-81668434
10460,1046,Fujian Agriculture and Forestry University,32.1–35.4,10460,20.1,1581,13.3,1443,64.2,764,45.1,1049,26.5,1906,i-27345071,master_account,0,/world-university-rankings/fujian-agriculture-and-forestry-university,624978,China,"34,200",14.1,1%,52 : 48,Fujian Agriculture and Forestry University,False,False,False,
10470,1047,Fujita Health University,32.1–35.4,10470,27.9,957,13.1,1469,58.0,951,57.7,786,23.7,2045,i-29453553,master_account,0,/world-university-rankings/fujita-health-university,609558,Japan,"3,025",3.4,2%,60 : 40,Fujita Health University Fujita Gakuen Fujita Medical  Fujita Academy,False,False,False,
10480,1048,Gdańsk University of Technology,32.1–35.4,10480,22.1,1409,19.3,968,55.0,1037,60.6,732,42.1,1204,i-12605031,master_account,0,/world-university-rankings/gdansk-university-technology,131337,Poland,"14,684",20.3,7%,39 : 61,Gdańsk University of Technology,False,False,False,
10490,1049,GLA University,32.1–35.4,10490,18.0,1773,15.6,1231,72.5,547,20.6,1823,34.8,1516,i-42185453,master_account,0,/world-university-rankings/gla-university,719262,India,"15,294",16.6,0%,27 : 73,GLA University,False,False,False,
10500,1050,Gonabad University of Medical Sciences,32.1–35.4,10500,32.1,686,10.7,1788,59.9,897,19.3,1911,23.6,2051,i-86418381,master_account,0,/world-university-rankings/gonabad-university-medical-sciences,735926,Iran,"1,937",14.3,3%,58 : 42,Gonabad University of Medical Sciences,False,False,False,
10510,1051,Hamadan University of Medical Sciences (UMSHA),32.1–35.4,10510,32.7,657,16.8,1141,59.1,924,24.3,1607,24.6,1997,i-69293502,master_account,0,/world-university-rankings/hamadan-university-medical-sciences-umsha,622338,Iran,"7,882",14.8,6%,56 : 44,Hamadan University of Medical Sciences (UMSHA),False,False,False,
10520,1052,Hamamatsu University School of Medicine,32.1–35.4,10520,34.2,575,18.6,1000,42.8,1352,60.5,736,26.0,1933,i-94235127,master_account,0,/world-university-rankings/hamamatsu-university-school-medicine,609237,Japan,"1,205",3.9,3%,47 : 53,Hamamatsu University School of Medicine,False,False,False,
10530,1053,Hangzhou Normal University,32.1–35.4,10530,16.8,1884,14.9,1294,70.3,607,42.3,1095,26.6,1900,i-12008932,master_account,0,/world-university-rankings/hangzhou-normal-university,622941,China,"32,552",16.8,1%,,Hangzhou Normal University,False,False,False,
10540,1054,Hazara University Mansehra,32.1–35.4,10540,17.1,1860,11.6,1655,68.1,658,17.1,2105,49.8,925,i-65405315,master_account,0,/world-university-rankings/hazara-university-mansehra,691315,Pakistan,"12,789",24.6,0%,45 : 55,Hazara University Mansehra,False,False,False,
10550,1055,Imam Khomeini International University,32.1–35.4,10550,30.4,783,18.0,1049,50.5,1162,25.5,1554,37.4,1392,i-58516162,master_account,0,/world-university-rankings/imam-khomeini-international-university,622263,Iran,"9,129",25.4,12%,55 : 45,Imam Khomeini International University,False,False,False,
10560,1056,Indian Institute of Technology Gandhinagar,32.1–35.4,10560,40.0,332,26.6,615,38.1,1483,39.7,1151,33.5,1580,i-55840871,master_account,0,/world-university-rankings/indian-institute-technology-gandhinagar,648707,India,"2,360",14.8,1%,29 : 71,Indian Institute of Technology Gandhinagar,False,False,False,
10570,1057,Indian Institute of Technology Mandi,32.1–35.4,10570,34.3,564,14.9,1295,54.9,1042,28.8,1443,27.9,1837,i-01910482,master_account,0,/world-university-rankings/indian-institute-technology-mandi,688816,India,"2,684",14.8,1%,25 : 75,Indian Institute of Technology Mandi,False,False,False,
10580,1058,Indian Institute of Technology Ropar,32.1–35.4,10580,40.6,320,21.0,874,46.0,1275,40.4,1139,24.9,1988,i-13073211,master_account,0,/world-university-rankings/indian-institute-technology-ropar,625269,India,"2,955",16.7,1%,24 : 76,Indian Institute of Technology Ropar,False,False,False,
10590,1059,Indraprastha Institute of Information Technology Delhi,32.1–35.4,10590,25.3,1141,14.6,1323,52.4,1109,52.6,892,41.5,1226,i-51591313,master_account,0,/world-university-rankings/indraprastha-institute-information-technology-delhi,637730,India,"3,033",16.5,6%,18 : 82,Indraprastha Institute of Information Technology Delhi,False,False,False,
10600,1060,Institute for Advanced Studies in Basic Sciences (IASBS),32.1–35.4,10600,37.6,421,9.1,2038,51.2,1139,25.6,1551,62.4,572,i-28243456,master_account,0,/world-university-rankings/institute-advanced-studies-basic-sciences-iasbs,724806,Iran,"1,053",9.4,5%,57 : 43,Institute for Advanced Studies in Basic Sciences (IASBS),False,False,False,
10610,1061,Institute of Space Technology,32.1–35.4,10610,23.2,1316,10.4,1839,59.1,925,22.5,1707,49.2,958,i-66950391,master_account,0,/world-university-rankings/institute-space-technology,622356,Pakistan,"2,193",10.1,0%,34 : 66,Institute of Space Technology,False,False,False,
10620,1062,Islamic University of Madinah,32.1–35.4,10620,29.7,837,10.0,1893,53.6,1077,17.7,2044,88.7,145,i-28465843,master_account,0,/world-university-rankings/islamic-university-madinah,718628,Saudi Arabia,"17,328",24.6,77%,2 : 98,Islamic University of Madinah,False,False,False,
10630,1063,Istanbul Gelisim University,32.1–35.4,10630,12.8,2139,9.4,1991,71.7,571,16.2,2182,60.7,607,i-68672741,master_account,0,/world-university-rankings/istanbul-gelisim-university,622281,Turkey,"38,924",37.8,17%,46 : 54,Istanbul Gelisim University,False,False,False,
10640,1064,İstinye University,32.1–35.4,10640,12.9,2134,18.4,1017,61.1,866,17.4,2072,76.6,319,i-26347681,master_account,0,/world-university-rankings/istinye-university,670500,Turkey,"9,114",24.1,19%,62 : 38,İstinye University,False,False,False,
10650,1065,ITMO University,32.1–35.4,10650,30.4,784,29.9,518,33.0,1611,80.6,320,57.9,680,i-96996131,master_account,0,/world-university-rankings/itmo-university,131805,Russian Federation,"14,352",17.8,17%,32 : 68,ITMO University,False,False,True,
10660,1066,Izmir Institute of Technology,32.1–35.4,10660,31.1,747,29.8,520,32.2,1637,60.4,737,38.1,1365,i-85108312,master_account,0,/world-university-rankings/izmir-institute-technology,587835,Turkey,"4,000",14.2,4%,47 : 53,Izmir Institute of Technology,False,False,False,
10670,1067,Jadavpur University,32.1–35.4,10670,36.6,463,15.9,1209,45.0,1298,53.9,873,20.3,2153,i-29528632,master_account,0,/world-university-rankings/jadavpur-university,979,India,"12,547",19.0,0%,32 : 68,Jadavpur University,False,False,False,
10680,1068,Jashore University of Science and Technology,32.1–35.4,10680,15.2,2006,11.5,1675,74.8,478,19.4,1907,47.6,1011,i-96242363,master_account,0,/world-university-rankings/jashore-university-science-and-technology,718874,Bangladesh,"4,510",14.7,0%,33 : 67,Jashore University of Science and Technology,False,False,False,
10690,1069,Jaume I University,32.1–35.4,10690,25.7,1109,21.9,825,50.4,1168,46.7,1010,44.3,1128,i-89506691,master_account,0,/world-university-rankings/jaume-i-university,624213,Spain,"12,039",14.3,11%,58 : 42,Jaume I University,False,False,False,
10700,1070,Jawaharlal Nehru Technological University Anantapur (JNTUA),32.1–35.4,10700,31.5,723,19.9,931,59.6,910,22.4,1714,20.9,2143,i-35404573,master_account,0,/world-university-rankings/jawaharlal-nehru-technological-university-anantapur-jntua,587907,India,"5,743",17.9,0%,39 : 61,Jawaharlal Nehru Technological University Anantapur (JNTUA),False,False,False,
10710,1071,Jaypee University of Information Technology,32.1–35.4,10710,23.9,1249,16.8,1142,62.9,815,33.4,1309,23.0,2081,i-38238733,master_account,0,/world-university-rankings/jaypee-university-information-technology,624582,India,"1,938",19.0,1%,32 : 68,Jaypee University of Information Technology,False,False,False,
10720,1072,Jiangsu University of Science and Technology,32.1–35.4,10720,16.1,1936,16.7,1149,60.3,888,68.5,549,22.7,2090,i-08410263,master_account,0,/world-university-rankings/jiangsu-university-science-and-technology,685267,China,"29,068",16.0,3%,,Jiangsu University of Science and Technology,False,False,False,
10730,1073,Kalasalingam Academy of Research and Education,32.1–35.4,10730,27.8,963,9.2,2020,61.5,852,22.8,1692,43.2,1166,i-29184933,master_account,0,/world-university-rankings/kalasalingam-academy-research-and-education,622206,India,"6,792",4.4,9%,51 : 49,Kalasalingam Academy of Research and Education,False,False,False,
10740,1074,Kanazawa University,32.1–35.4,10740,36.0,484,21.8,831,35.6,1547,67.5,581,34.6,1530,i-43032167,master_account,0,/world-university-rankings/kanazawa-university,954,Japan,"10,216",9.9,6%,36 : 64,Kanazawa University,False,False,False,
10750,1075,Kaunas University of Technology,32.1–35.4,10750,25.2,1150,19.9,932,52.8,1098,46.8,1007,42.2,1200,i-15055592,master_account,6,/world-university-rankings/kaunas-university-technology,131361,Lithuania,"7,308",13.0,11%,34 : 66,Kaunas University of Technology,False,False,False,
10760,1076,Khulna University of Engineering and Technology (KUET),32.1–35.4,10760,13.8,2089,8.7,2093,78.6,374,22.1,1734,36.0,1462,i-39415043,master_account,0,/world-university-rankings/khulna-university-engineering-and-technology-kuet,662302,Bangladesh,"7,985",17.8,0%,32 : 68,Khulna University of Engineering and Technology (KUET),False,False,False,
10770,1077,Kore University of Enna,32.1–35.4,10770,17.8,1797,16.6,1156,57.8,953,43.0,1086,41.3,1237,i-61409932,master_account,0,/world-university-rankings/kore-university-enna,638540,Italy,"6,035",16.8,1%,72 : 28,Kore University of Enna,False,False,False,
10780,1078,Kumamoto University,32.1–35.4,10780,33.6,605,19.3,970,41.3,1402,82.0,304,37.0,1406,i-45287153,master_account,0,/world-university-rankings/kumamoto-university,131520,Japan,"9,401",9.5,6%,39 : 61,Kumamoto University,False,False,False,
10790,1079,Kyoto Prefectural University of Medicine,32.1–35.4,10790,33.4,616,15.9,1211,53.9,1063,70.9,488,21.2,2135,i-82123201,master_account,0,/world-university-rankings/kyoto-prefectural-university-medicine,610866,Japan,"1,355",3.1,1%,47 : 53,Kyoto Prefectural University of Medicine,False,False,False,
10800,1080,Lakehead University,32.1–35.4,10800,18.0,1775,25.6,651,52.8,1099,41.6,1108,58.5,663,i-77286983,master_account,11,/world-university-rankings/lakehead-university,622965,Canada,"8,464",25.6,22%,58 : 42,Lakehead University,False,False,False,
10810,1081,Landmark University,32.1–35.4,10810,20.2,1569,18.4,1018,61.9,841,22.1,1735,37.2,1401,i-23061584,master_account,0,/world-university-rankings/landmark-university,717283,Nigeria,"3,426",13.0,1%,33 : 67,Landmark University,False,False,False,
10820,1082,Lithuanian University of Health Sciences,32.1–35.4,10820,29.9,823,13.6,1417,57.5,959,29.0,1438,55.8,732,i-42664732,master_account,0,/world-university-rankings/lithuanian-university-health-sciences,709574,Lithuania,"6,326",8.6,28%,81 : 19,Lithuanian University of Health Sciences,False,False,False,
10830,1083,Mae Fah Luang University,32.1–35.4,10830,16.3,1917,13.9,1386,61.4,856,36.8,1220,64.1,533,i-37970573,master_account,0,/world-university-rankings/mae-fah-luang-university,587664,Thailand,"15,574",19.4,10%,70 : 30,Mae Fah Luang University,False,False,False,
10840,1084,"Maulana Abul Kalam Azad University of Technology, West Bengal",32.1–35.4,10840,18.7,1710,24.2,712,59.2,921,39.1,1168,20.0,2160,i-58033618,master_account,0,/world-university-rankings/maulana-abul-kalam-azad-university-technology-west-bengal,727087,India,"3,108",17.2,0%,39 : 61,"Maulana Abul Kalam Azad University of Technology, West Bengal",False,False,False,
10850,1085,Medical University of Gdańsk,32.1–35.4,10850,26.8,1031,12.0,1606,55.8,1020,45.5,1037,38.3,1355,i-72683097,master_account,0,/world-university-rankings/medical-university-gdansk,623631,Poland,"6,729",5.3,12%,74 : 26,Medical University of Gdańsk,False,False,False,
10860,1086,Medical University of Warsaw,32.1–35.4,10860,28.7,903,12.6,1530,52.2,1113,48.8,966,33.3,1589,i-34839831,master_account,0,/world-university-rankings/medical-university-warsaw,670554,Poland,"10,277",6.4,10%,73 : 27,Medical University of Warsaw,False,False,False,
10870,1087,Ming Chi University of Technology,32.1–35.4,10870,18.3,1747,29.7,523,49.6,1188,69.7,521,38.2,1360,i-65778991,master_account,0,/world-university-rankings/ming-chi-university-technology,707840,Taiwan,"4,304",18.0,3%,27 : 73,Ming Chi University of Technology,False,False,False,
10880,1088,Minia University,32.1–35.4,10880,18.5,1727,9.5,1977,65.2,739,24.1,1621,50.9,878,i-51436271,master_account,0,/world-university-rankings/minia-university,644081,Egypt,"72,863",16.5,1%,57 : 43,Minia University,False,False,False,
10890,1089,Montana State University,32.1–35.4,10890,24.7,1190,21.7,838,48.7,1211,64.5,655,36.3,1441,i-43390872,public,0,/world-university-rankings/montana-state-university,131503,United States,"14,162",17.3,2%,48 : 52,Montana State University,False,False,False,https://www.timeshighereducation.com/student/register-interest/shorelight?utm_medium=thewebsite&utm_campaign=cta-link&utm_source=rankings&iid=i-43390872
10900,1090,Moscow Technical University of Communications and Informatics,32.1–35.4,10900,14.3,2062,11.6,1659,71.0,588,47.7,990,23.8,2042,i-12254246,master_account,0,/world-university-rankings/moscow-technical-university-communications-and-informatics,624105,Russian Federation,"6,443",24.5,6%,21 : 79,Moscow Technical University of Communications and Informatics,False,False,True,
10910,1091,Multimedia University,32.1–35.4,10910,26.1,1076,21.3,860,38.7,1465,74.8,410,64.0,535,i-15876442,master_account,0,/world-university-rankings/multimedia-university,625128,Malaysia,"8,957",12.9,17%,45 : 55,Multimedia University,False,False,False,
10920,1092,National Central University,32.1–35.4,10920,31.0,756,25.1,674,30.7,1673,99.0,93,41.8,1215,i-90823113,master_account,0,/world-university-rankings/national-central-university,841,Taiwan,"11,391",10.1,7%,37 : 63,National Central University,False,False,False,
10930,1093,"National Institute of Technology, Raipur",32.1–35.4,10930,28.9,891,16.1,1192,60.2,891,28.7,1451,17.3,2190,i-13357542,master_account,0,/world-university-rankings/national-institute-technology-raipur,731307,India,"5,465",20.1,0%,24 : 76,"National Institute of Technology, Raipur",False,False,False,
10940,1094,New Valley University,32.1–35.4,10940,23.9,1250,8.6,2108,63.7,783,17.1,2106,49.1,965,i-50594902,master_account,0,/world-university-rankings/new-valley-university,724372,Egypt,"3,856",8.6,0%,68 : 32,New Valley University,False,False,False,
10950,1095,Nguyen Tat Thanh University,32.1–35.4,10950,12.0,2159,9.7,1947,74.5,487,21.5,1766,45.2,1098,i-76285514,master_account,0,/world-university-rankings/nguyen-tat-thanh-university,724772,Vietnam,"34,341",24.4,1%,54 : 46,Nguyen Tat Thanh University,False,False,False,
10960,1096,Nippon Medical School,32.1–35.4,10960,30.0,820,11.4,1692,58.7,937,51.5,913,22.3,2105,i-21867872,master_account,0,/world-university-rankings/nippon-medical-school,609546,Japan,970,1.0,1%,32 : 68,Nippon Medical School,False,False,False,
10970,1097,Northwest University (China),32.1–35.4,10970,27.9,960,14.7,1311,54.0,1062,51.4,914,25.5,1962,i-29475977,master_account,0,/world-university-rankings/northwest-university-china,624174,China,"26,259",13.2,3%,54 : 46,Northwest University (China),False,False,False,
10980,1098,Nova Southeastern University,32.1–35.4,10980,39.4,358,13.8,1402,41.8,1387,48.9,963,37.4,1393,i-69434011,private,0,/world-university-rankings/nova-southeastern-university,592181,United States,"18,393",16.2,6%,71 : 29,Nova Southeastern University,False,False,False,https://www.timeshighereducation.com/student/register-interest/shorelight?utm_medium=thewebsite&utm_campaign=cta-link&utm_source=rankings&iid=i-69434011
10990,1099,Novosibirsk State University,32.1–35.4,10990,38.4,394,29.6,528,24.0,1853,57.0,804,49.3,953,i-35909811,master_account,0,/world-university-rankings/novosibirsk-state-university,1030,Russian Federation,"7,300",6.6,23%,,Novosibirsk State University,False,False,True,
11000,1100,Okayama University,32.1–35.4,11000,34.5,558,23.1,754,39.2,1451,87.1,235,38.8,1337,i-13366721,master_account,0,/world-university-rankings/okayama-university,945,Japan,"13,057",10.3,9%,40 : 60,Okayama University,False,False,False,
11010,1101,O.P. Jindal Global University,32.1–35.4,11010,26.0,1084,16.3,1182,51.1,1142,16.8,2141,56.6,710,i-29283142,master_account,0,/world-university-rankings/op-jindal-global-university,624957,India,"8,674",7.9,1%,50 : 50,O.P. Jindal Global University,False,False,False,
11020,1102,Palacký University Olomouc,32.1–35.4,11020,23.3,1312,25.0,681,47.3,1251,41.0,1122,60.0,623,i-76547988,master_account,0,/world-university-rankings/palacky-university-olomouc,131685,Czechia,"19,564",14.8,13%,68 : 32,Palacký University Olomouc,False,False,False,
11030,1103,PMAS Arid Agriculture University Rawalpindi,32.1–35.4,11030,28.1,947,12.5,1543,61.7,846,25.2,1565,49.1,966,i-32211831,master_account,0,/world-university-rankings/pmas-arid-agriculture-university-rawalpindi,623190,Pakistan,"10,983",36.5,0%,45 : 55,PMAS Arid Agriculture University Rawalpindi,False,False,False,
11040,1104,Pontifical Catholic University of Rio Grande do Sul (PUCRS),32.1–35.4,11040,33.6,606,19.6,946,40.2,1429,57.8,785,36.1,1453,i-06802341,master_account,0,/world-university-rankings/pontifical-catholic-university-rio-grande-do-sul-pucrs,131304,Brazil,"13,166",23.8,1%,52 : 48,Pontifical Catholic University of Rio Grande do Sul (PUCRS),False,False,False,
11050,1105,Riga Technical University,32.1–35.4,11050,27.1,1010,25.3,667,33.6,1598,56.4,823,65.4,509,i-80368474,master_account,0,/world-university-rankings/riga-technical-university,131704,Latvia,"10,472",31.7,33%,35 : 65,Riga Technical University,False,False,False,
11060,1106,Riphah International University,32.1–35.4,11060,20.0,1594,10.4,1846,71.2,582,17.8,2035,50.9,879,i-84339202,master_account,0,/world-university-rankings/riphah-international-university,718398,Pakistan,"26,970",11.9,0%,58 : 42,Riphah International University,False,False,False,
11070,1107,San Diego State University,32.1–35.4,11070,22.9,1347,12.8,1513,57.2,969,57.0,805,34.2,1547,i-78657722,public,0,/world-university-rankings/san-diego-state-university,969,United States,"33,402",25.5,4%,59 : 41,San Diego State University,False,False,False,https://www.timeshighereducation.com/student/register-interest/shorelight?utm_medium=thewebsite&utm_campaign=cta-link&utm_source=rankings&iid=i-78657722
11080,1108,Sechenov University,32.1–35.4,11080,30.2,803,19.4,964,43.6,1331,40.7,1131,54.9,758,i-08955034,master_account,0,/world-university-rankings/sechenov-university,131316,Russian Federation,"21,906",11.3,23%,65 : 35,Sechenov University,False,False,True,
11090,1109,Selçuk University,32.1–35.4,11090,32.1,687,23.7,734,37.9,1492,67.1,589,33.6,1575,i-22226242,master_account,0,/world-university-rankings/selcuk-university,624627,Turkey,"29,826",21.4,8%,51 : 49,Selçuk University,False,False,False,
11100,1110,Semnan University,32.1–35.4,11100,27.2,1001,17.3,1101,52.2,1115,48.6,971,31.9,1650,i-93805412,master_account,0,/world-university-rankings/semnan-university,624741,Iran,"15,754",28.9,6%,53 : 47,Semnan University,False,False,False,
11110,1111,Shanghai Normal University,32.1–35.4,11110,32.0,692,16.6,1159,53.9,1065,40.1,1144,27.6,1851,i-47510073,master_account,0,/world-university-rankings/shanghai-normal-university,621540,China,"30,111",14.1,2%,70 : 30,Shanghai Normal University,False,False,False,
11120,1112,Shantou University,32.1–35.4,11120,18.3,1748,18.2,1036,63.8,778,43.9,1071,36.1,1454,i-43308592,master_account,0,/world-university-rankings/shantou-university,131502,China,"21,935",16.7,1%,48 : 52,Shantou University,False,False,False,
11130,1113,Shaqra University,32.1–35.4,11130,17.1,1866,9.4,1996,67.0,684,17.1,2107,73.4,382,i-71131856,master_account,0,/world-university-rankings/shaqra-university,709586,Saudi Arabia,"20,402",15.5,1%,59 : 41,Shaqra University,False,False,False,
11140,1114,Silesian University of Technology,32.1–35.4,11140,27.7,971,17.7,1074,50.7,1159,45.4,1045,36.0,1464,i-11206922,master_account,0,/world-university-rankings/silesian-university-technology,660953,Poland,"16,354",11.2,6%,31 : 69,Silesian University of Technology,False,False,False,
11150,1115,South Dakota Mines,32.1–35.4,11150,25.8,1106,21.3,861,42.9,1351,73.1,444,51.8,848,i-45816404,public,0,/world-university-rankings/south-dakota-mines,594494,United States,"2,057",12.5,5%,24 : 76,South Dakota Mines,False,False,False,https://www.timeshighereducation.com/student/register-interest/shorelight?utm_medium=thewebsite&utm_campaign=cta-link&utm_source=rankings&iid=i-45816404
11160,1116,SRM Institute of Science and Technology,32.1–35.4,11160,25.0,1167,13.6,1421,67.4,671,27.8,1483,26.2,1926,i-56140504,master_account,0,/world-university-rankings/srm-institute-science-and-technology,131575,India,"53,777",13.1,2%,43 : 57,SRM Institute of Science and Technology SRM Institute of Science and Technology SRMIST SRM University,False,False,False,
11170,1117,Suez University,32.1–35.4,11170,17.7,1813,10.5,1830,66.1,712,25.9,1542,50.0,914,i-71278095,master_account,0,/world-university-rankings/suez-university,644069,Egypt,"18,398",16.9,3%,56 : 44,Suez University,False,False,False,
11180,1118,Sumy State University,32.1–35.4,11180,20.6,1540,16.4,1177,56.1,1013,21.6,1762,49.7,931,i-26567757,master_account,0,/world-university-rankings/sumy-state-university,131425,Ukraine,"7,608",13.1,7%,39 : 61,Sumy State University,False,False,False,
11190,1119,Taibah University,32.1–35.4,11190,16.1,1938,11.2,1720,60.4,885,23.0,1680,74.7,362,i-50670991,master_account,0,/world-university-rankings/taibah-university,625053,Saudi Arabia,"45,990",19.5,2%,63 : 37,Taibah University,False,False,False,
11200,1120,Taiz University,32.1–35.4,11200,17.1,1867,8.4,2131,70.8,595,17.2,2098,58.3,670,i-61711332,master_account,0,/world-university-rankings/taiz-university,719196,Yemen,"32,637",15.0,1%,36 : 64,Taiz University,False,False,False,
11210,1121,Tallinn University,32.1–35.4,11210,27.2,1003,24.5,703,47.8,1244,24.4,1605,55.2,747,i-26998034,master_account,0,/world-university-rankings/tallinn-university,660746,Estonia,"3,770",7.9,11%,72 : 28,Tallinn University,False,False,False,
11220,1122,Tanta University,32.1–35.4,11220,20.0,1596,9.5,1979,66.3,707,23.5,1655,49.1,967,i-01543011,master_account,0,/world-university-rankings/tanta-university,626190,Egypt,"128,933",20.0,1%,54 : 46,Tanta University,False,False,False,
11230,1123,Tashkent State Technical University,32.1–35.4,11230,21.0,1499,8.6,2110,75.3,468,16.6,2153,26.6,1902,i-74824749,master_account,0,/world-university-rankings/tashkent-state-technical-university,670578,Uzbekistan,"14,012",13.9,1%,18 : 82,Tashkent State Technical University,False,False,False,
11240,1124,Technical University of Madrid,32.1–35.4,11240,27.8,965,18.1,1044,45.7,1286,71.2,478,53.8,789,i-11742988,master_account,0,/world-university-rankings/technical-university-madrid,131334,Spain,"39,646",15.7,16%,34 : 66,Technical University of Madrid,False,False,False,
11250,1125,Technische Universität Ilmenau,32.1–35.4,11250,31.4,734,21.9,826,37.1,1509,70.9,490,64.8,516,i-45178234,master_account,0,/world-university-rankings/technische-universitat-ilmenau,623304,Germany,"4,752",17.8,40%,29 : 71,Technische Universität Ilmenau,False,False,False,
11260,1126,The Hashemite University,32.1–35.4,11260,14.0,2081,16.1,1194,59.7,909,34.7,1278,60.9,605,i-57931212,master_account,11,/world-university-rankings/hashemite-university,587787,Jordan,"21,051",23.5,13%,64 : 36,The Hashemite University,False,False,False,
11270,1127,The New School,32.1–35.4,11270,29.9,825,14.3,1352,43.5,1333,25.7,1550,66.6,481,i-72116571,private,0,/world-university-rankings/new-school,131659,United States,"9,536",10.1,38%,75 : 25,The New School,False,False,False,https://www.timeshighereducation.com/student/register-interest/shorelight?utm_medium=thewebsite&utm_campaign=cta-link&utm_source=rankings&iid=i-72116571
11280,1128,The University of Haripur,32.1–35.4,11280,16.0,1949,12.8,1515,71.7,572,18.4,1990,51.4,859,i-06630084,master_account,0,/world-university-rankings/university-haripur,719825,Pakistan,"7,331",29.8,1%,40 : 60,The University of Haripur,False,False,False,
11290,1129,Tishk International University,32.1–35.4,11290,15.4,1997,13.3,1454,69.8,623,19.0,1946,68.6,457,i-17796493,master_account,0,/world-university-rankings/tishk-international-university,715252,Iraq,"4,665",16.1,1%,50 : 50,Tishk International University,False,False,False,
11300,1130,Tokyo Medical University,32.1–35.4,11300,33.2,634,18.1,1045,50.9,1149,71.5,473,21.3,2133,i-79027653,master_account,0,/world-university-rankings/tokyo-medical-university,609450,Japan,"1,322",3.4,1%,51 : 49,Tokyo Medical University,False,False,False,
11310,1131,TU Bergakademie Freiberg,32.1–35.4,11310,38.0,408,25.5,658,28.5,1734,57.0,806,68.1,464,i-31683082,master_account,0,/world-university-rankings/tu-bergakademie-freiberg,683494,Germany,"4,242",10.8,55%,33 : 67,TU Bergakademie Freiberg,False,False,False,
11320,1132,Universidade Federal de Santa Catarina,32.1–35.4,11320,36.3,475,22.4,801,40.8,1416,65.5,629,37.0,1408,i-26060231,master_account,0,/world-university-rankings/universidade-federal-de-santa-catarina,131416,Brazil,"36,229",14.9,3%,50 : 50,Universidade Federal de Santa Catarina,False,False,False,
11330,1133,Universidad Peruana Cayetano Heredia,32.1–35.4,11330,20.2,1574,16.1,1195,61.2,865,33.7,1304,49.7,932,i-04225823,master_account,0,/world-university-rankings/universidad-peruana-cayetano-heredia,622863,Peru,"8,598",15.1,1%,67 : 33,Universidad Peruana Cayetano Heredia,False,False,False,
11340,1134,Universitas Sebelas Maret,32.1–35.4,11340,25.1,1160,23.8,730,42.2,1370,51.0,927,41.1,1247,i-16843154,master_account,0,/world-university-rankings/universitas-sebelas-maret,690685,Indonesia,"27,604",16.7,3%,65 : 35,Universitas Sebelas Maret,False,False,False,
11350,1135,Universitat Internacional de Catalunya,32.1–35.4,11350,26.1,1079,11.2,1723,50.2,1176,21.3,1780,69.9,440,i-23615583,master_account,11,/world-university-rankings/universitat-internacional-de-catalunya,681874,Spain,"5,729",4.5,32%,65 : 35,Universitat Internacional de Catalunya,False,False,False,
11360,1136,Université Bourgogne Europe,32.1–35.4,11360,19.5,1641,16.0,1206,58.8,935,61.1,723,58.4,668,i-68448541,master_account,0,/world-university-rankings/university-burgundy,131642,France,"33,421",28.3,12%,58 : 42,University of Burgundy,False,False,False,
11370,1137,Universiti Malaysia Sarawak (UNIMAS),32.1–35.4,11370,31.4,735,22.1,813,29.7,1699,77.7,362,60.2,621,i-45733652,master_account,0,/world-university-rankings/universiti-malaysia-sarawak-unimas,625668,Malaysia,"11,981",15.5,14%,70 : 30,Universiti Malaysia Sarawak (UNIMAS),False,False,False,
11380,1138,Universiti Malaysia Terengganu (UMT),32.1–35.4,11380,22.6,1374,20.2,920,55.1,1036,36.6,1224,61.2,600,i-30534672,master_account,0,/world-university-rankings/universiti-malaysia-terengganu-umt,625662,Malaysia,"9,037",13.7,11%,69 : 31,Universiti Malaysia Terengganu (UMT),False,False,False,
11390,1139,Universiti Sultan Zainal Abidin,32.1–35.4,11390,26.0,1088,13.6,1423,58.8,936,22.5,1709,52.1,840,i-16107987,master_account,0,/world-university-rankings/universiti-sultan-zainal-abidin,707858,Malaysia,"11,380",14.8,7%,66 : 34,Universiti Sultan Zainal Abidin,False,False,False,
11400,1140,Universiti Tunku Abdul Rahman (UTAR),32.1–35.4,11400,20.8,1524,17.8,1068,51.5,1130,63.5,680,52.0,844,i-60614171,master_account,0,/world-university-rankings/universiti-tunku-abdul-rahman-utar,606450,Malaysia,"15,730",12.9,13%,52 : 48,Universiti Tunku Abdul Rahman (UTAR),False,False,False,
11410,1141,University of Algarve,32.1–35.4,11410,19.6,1635,22.1,814,54.1,1060,29.7,1420,62.8,564,i-06570641,master_account,0,/world-university-rankings/university-algarve,622284,Portugal,"9,726",15.3,19%,55 : 45,University of Algarve,False,False,False,
11420,1142,University of Alicante,32.1–35.4,11420,27.6,979,21.2,865,47.9,1237,56.1,830,41.7,1218,i-51498933,master_account,0,/world-university-rankings/university-alicante,623361,Spain,"21,841",13.4,9%,59 : 41,University of Alicante,False,False,False,
11430,1143,University of Almería,32.1–35.4,11430,22.7,1365,21.2,866,51.0,1146,34.5,1287,45.0,1108,i-79958564,master_account,0,/world-university-rankings/university-almeria,624291,Spain,"13,100",16.9,12%,56 : 44,University of Almería,False,False,False,
11440,1144,University of Angers,32.1–35.4,11440,18.8,1705,23.1,758,51.1,1143,58.6,767,70.9,425,i-82148073,master_account,0,/world-university-rankings/university-angers,632022,France,"25,244",26.0,14%,65 : 35,University of Angers,False,False,False,
11450,1145,University of Bahrain,32.1–35.4,11450,14.0,2083,15.2,1280,60.8,876,21.4,1773,62.2,575,i-80577143,master_account,0,/world-university-rankings/university-bahrain,131708,Bahrain,"22,268",25.2,6%,73 : 27,University of Bahrain,False,False,False,
11460,1146,University of Bedfordshire,32.1–35.4,11460,18.1,1765,14.0,1381,55.3,1029,32.9,1324,86.7,182,i-21492601,master_account,0,/world-university-rankings/university-bedfordshire,131393,United Kingdom,"12,295",25.1,68%,61 : 39,University of Bedfordshire,False,False,False,https://www.timeshighereducation.com/student/register-interest/siuk?utm_medium=thewebsite&utm_campaign=cta-link&utm_source=rankings&iid=i-21492601
11470,1147,University of Belgrade,32.1–35.4,11470,22.6,1375,27.3,589,50.9,1150,31.9,1352,41.6,1221,i-04360355,master_account,0,/world-university-rankings/university-belgrade,131292,Serbia,"91,512",18.1,5%,61 : 39,University of Belgrade,False,False,False,
11480,1148,University of Bisha,32.1–35.4,11480,19.4,1647,8.8,2088,59.5,915,16.9,2133,74.7,364,i-30557411,master_account,0,/world-university-rankings/university-bisha,720404,Saudi Arabia,"14,581",12.2,2%,63 : 37,University of Bisha,False,False,False,
11490,1149,University of Botswana,32.1–35.4,11490,14.5,2052,13.2,1465,62.9,818,19.1,1936,58.9,656,i-63084154,master_account,0,/world-university-rankings/university-botswana,625998,Botswana,"18,913",25.1,5%,61 : 39,University of Botswana,False,False,False,
11500,1150,University of Bucharest,32.1–35.4,11500,21.6,1451,24.1,717,58.4,945,27.0,1512,30.9,1702,i-48402878,master_account,0,/world-university-rankings/university-bucharest,131536,Romania,"31,127",32.1,2%,70 : 30,University of Bucharest,False,False,False,
11510,1151,University of Camerino (Unicam),32.1–35.4,11510,21.7,1440,18.3,1027,54.2,1059,58.5,769,55.1,751,i-46738752,master_account,0,/world-university-rankings/university-camerino-unicam,685039,Italy,"7,780",26.1,13%,51 : 49,University of Camerino (Unicam),False,False,False,
11520,1152,University of Campania Luigi Vanvitelli,32.1–35.4,11520,18.4,1740,10.0,1903,75.0,474,51.2,922,31.5,1675,i-82837753,master_account,0,/world-university-rankings/university-campania-luigi-vanvitelli,623937,Italy,"33,016",27.1,2%,55 : 45,University of Campania Luigi Vanvitelli,False,False,False,
11530,1153,University of Castilla-La Mancha,32.1–35.4,11530,24.0,1243,17.9,1060,52.8,1102,53.5,879,45.0,1109,i-63326994,master_account,0,/world-university-rankings/university-castilla-la-mancha,131613,Spain,"25,421",13.5,10%,57 : 43,University of Castilla-La Mancha,False,False,False,
11540,1154,University of Chile,32.1–35.4,11540,26.6,1049,21.5,850,48.3,1225,56.5,820,49.3,954,i-43814334,master_account,0,/world-university-rankings/university-chile,1000,Chile,"42,010",17.3,3%,49 : 51,University of Chile,False,False,False,
11550,1155,University of Clermont Auvergne,32.1–35.4,11550,20.8,1525,18.6,1003,49.3,1196,60.1,741,65.4,511,i-86393921,master_account,0,/world-university-rankings/university-clermont-auvergne,638036,France,"35,429",19.9,15%,59 : 41,University of Clermont Auvergne,False,False,False,
11560,1156,University of Colombo,32.1–35.4,11560,26.0,1089,11.7,1650,67.1,681,27.4,1498,40.7,1260,i-36242853,master_account,0,/world-university-rankings/university-colombo,589250,Sri Lanka,"35,859",32.1,1%,61 : 39,University of Colombo,False,False,False,
11570,1157,University of East London,32.1–35.4,11570,23.6,1288,15.3,1268,49.5,1193,32.2,1345,87.5,171,i-53004296,master_account,0,/world-university-rankings/university-east-london,131563,United Kingdom,"18,135",28.6,57%,49 : 51,University of East London,False,False,False,https://www.timeshighereducation.com/student/register-interest/siuk?utm_medium=thewebsite&utm_campaign=cta-link&utm_source=rankings&iid=i-53004296
11580,1158,"University of Education, Lahore",32.1–35.4,11580,13.6,2105,8.8,2089,70.3,608,16.4,2171,50.5,894,i-95730513,master_account,0,/world-university-rankings/university-education-lahore,654377,Pakistan,"29,744",17.4,0%,57 : 43,"University of Education, Lahore",False,False,False,
11590,1159,"University of Engineering and Technology, Peshawar",32.1–35.4,11590,17.8,1802,12.8,1517,62.9,819,28.0,1473,53.7,794,i-05986794,master_account,0,/world-university-rankings/university-engineering-and-technology-peshawar,716798,Pakistan,"7,425",16.6,2%,13 : 87,"University of Engineering and Technology, Peshawar",False,False,False,
11600,1160,University of Ghana,32.1–35.4,11600,17.0,1873,32.2,447,49.2,1201,46.8,1009,50.3,897,i-14429614,master_account,0,/world-university-rankings/university-ghana,131352,Ghana,"72,334",46.5,1%,49 : 51,University of Ghana,False,False,False,
11610,1161,University of Girona,32.1–35.4,11610,21.2,1485,24.6,698,51.5,1131,53.4,880,55.9,729,i-73642933,master_account,0,/world-university-rankings/university-girona,623268,Spain,"14,130",21.4,14%,58 : 42,University of Girona,False,False,False,
11620,1162,University of Gloucestershire,32.1–35.4,11620,18.5,1733,14.2,1360,58.7,939,27.1,1506,72.2,404,i-96448393,master_account,0,/world-university-rankings/university-gloucestershire,131800,United Kingdom,"7,140",15.5,20%,60 : 40,University of Gloucestershire,False,False,False,https://www.timeshighereducation.com/student/register-interest/siuk?utm_medium=thewebsite&utm_campaign=cta-link&utm_source=rankings&iid=i-96448393
11630,1163,University of Hafr Al Batin,32.1–35.4,11630,19.9,1606,14.8,1306,54.3,1055,24.8,1582,78.5,297,i-33387862,master_account,0,/world-university-rankings/university-hafr-al-batin,718348,Saudi Arabia,"13,026",17.0,6%,59 : 41,University of Hafr Al Batin,False,False,False,
11640,1164,University of Hradec Králové,32.1–35.4,11640,20.6,1544,15.8,1225,61.7,847,34.7,1282,63.5,549,i-16361812,master_account,0,/world-university-rankings/university-hradec-kralove,660770,Czechia,"6,300",12.2,3%,63 : 37,University of Hradec Králové,False,False,False,
11650,1165,University of Hyderabad,32.1–35.4,11650,42.4,276,21.6,845,41.6,1395,48.4,974,24.8,1990,i-68634193,master_account,0,/world-university-rankings/university-hyderabad,131643,India,"5,071",12.7,1%,46 : 54,University of Hyderabad,False,False,False,
11660,1166,University of Kashan,32.1–35.4,11660,18.6,1722,18.0,1054,64.2,766,34.6,1285,48.0,1001,i-97238463,master_account,0,/world-university-rankings/university-kashan,624345,Iran,"8,035",23.4,26%,45 : 55,University of Kashan,False,False,False,
11670,1167,University of Kurdistan,32.1–35.4,11670,16.1,1943,15.9,1215,70.1,613,34.5,1288,40.6,1265,i-44162271,master_account,0,/world-university-rankings/university-kurdistan,624348,Iran,"10,254",24.9,5%,56 : 44,University of Kurdistan,False,False,False,
11680,1168,University of la Costa,32.1–35.4,11680,11.9,2164,13.1,1476,72.5,550,17.4,2077,55.6,738,i-34074692,master_account,0,/world-university-rankings/university-la-costa,656375,Colombia,"11,922",28.5,1%,45 : 55,University of la Costa,False,False,False,
11690,1169,University of La Laguna,32.1–35.4,11690,23.4,1308,16.1,1196,55.2,1031,36.2,1240,49.3,956,i-14597372,master_account,0,/world-university-rankings/university-la-laguna,131357,Spain,"18,459",12.8,5%,57 : 43,University of La Laguna,False,False,False,
11700,1170,University of Lancashire,32.1–35.4,11700,18.7,1713,13.4,1442,57.2,970,38.7,1178,82.6,231,i-99203141,master_account,0,/world-university-rankings/university-lancashire,131822,United Kingdom,"21,550",15.3,35%,58 : 42,University of Lancashire,False,False,False,https://www.timeshighereducation.com/student/register-interest/siuk?utm_medium=thewebsite&utm_campaign=cta-link&utm_source=rankings&iid=i-99203141
11710,1171,University of Latvia,32.1–35.4,11710,20.5,1549,31.3,478,42.3,1367,52.3,898,50.7,886,i-36667849,master_account,0,/world-university-rankings/university-latvia,131474,Latvia,"11,634",30.9,9%,67 : 33,University of Latvia,False,False,False,
11720,1172,University of Medicine and Pharmacy of Craiova,32.1–35.4,11720,26.1,1082,10.4,1847,59.4,919,23.0,1682,36.8,1422,i-05615212,master_account,0,/world-university-rankings/university-medicine-and-pharmacy-craiova,715414,Romania,"4,578",9.3,14%,70 : 30,University of Medicine and Pharmacy of Craiova,False,False,False,
11730,1173,University of Memphis,32.1–35.4,11730,30.1,818,19.3,974,48.6,1214,62.7,698,45.8,1076,i-86982282,public,0,/world-university-rankings/university-memphis,594551,United States,"15,761",14.3,10%,60 : 40,University of Memphis,False,False,False,https://www.timeshighereducation.com/student/register-interest/shorelight?utm_medium=thewebsite&utm_campaign=cta-link&utm_source=rankings&iid=i-86982282
11740,1174,University of Mohaghegh Ardabili,32.1–35.4,11740,20.4,1555,17.4,1094,56.3,1005,20.6,1829,45.6,1084,i-24524436,master_account,0,/world-university-rankings/university-mohaghegh-ardabili,622257,Iran,"15,213",34.4,10%,52 : 48,University of Mohaghegh Ardabili,False,False,False,
11750,1175,University of Murcia,32.1–35.4,11750,25.6,1125,19.4,965,55.2,1032,55.1,847,36.5,1435,i-10914079,master_account,0,/world-university-rankings/university-murcia,131331,Spain,"26,754",15.2,5%,63 : 37,University of Murcia,False,False,False,
11760,1176,University of Okara,32.1–35.4,11760,8.6,2191,16.5,1169,73.4,514,16.8,2144,49.6,940,i-99522362,master_account,0,/world-university-rankings/university-okara,698548,Pakistan,"19,640",145.5,0%,36 : 64,University of Okara,False,False,False,
11770,1177,University of Oviedo,32.1–35.4,11770,30.3,798,19.8,938,48.0,1232,48.3,978,40.6,1266,i-62371411,master_account,0,/world-university-rankings/university-oviedo,131605,Spain,"18,268",9.0,7%,53 : 47,University of Oviedo,False,False,False,
11780,1178,University of Pécs,32.1–35.4,11780,32.4,675,18.7,996,38.3,1475,40.6,1137,55.9,730,i-98496814,master_account,1,/world-university-rankings/university-pecs,131815,Hungary,"15,829",15.2,24%,60 : 40,University of Pécs,False,False,False,
11790,1179,University of Peshawar,32.1–35.4,11790,24.0,1244,12.0,1615,59.1,927,34.8,1273,49.4,948,i-98251213,master_account,0,/world-university-rankings/university-peshawar,131812,Pakistan,"19,301",34.0,0%,24 : 76,University of Peshawar,False,False,False,
11800,1180,University of Piraeus,32.1–35.4,11800,16.7,1895,21.7,841,53.3,1089,88.3,222,25.6,1959,i-12449754,master_account,0,/world-university-rankings/university-piraeus,661034,Greece,"14,493",58.2,2%,43 : 57,University of Piraeus,False,False,False,
11810,1181,University of Rajshahi,32.1–35.4,11810,16.5,1905,9.9,1921,77.0,416,22.1,1739,42.0,1208,i-58989903,master_account,0,/world-university-rankings/university-rajshahi,626010,Bangladesh,"19,819",17.8,0%,36 : 64,University of Rajshahi,False,False,False,
11820,1182,University of Sadat City,32.1–35.4,11820,17.8,1804,11.0,1764,66.4,703,19.1,1937,50.7,888,i-12274553,master_account,0,/world-university-rankings/university-sadat-city,646154,Egypt,"36,086",55.3,1%,48 : 52,University of Sadat City,False,False,False,
11830,1183,University of Sannio,32.1–35.4,11830,30.4,787,16.8,1147,56.5,996,42.8,1090,29.7,1759,i-49970851,master_account,0,/world-university-rankings/university-sannio,661606,Italy,"2,637",12.9,4%,47 : 53,University of Sannio,False,False,False,
11840,1184,University of Savoie Mont Blanc,32.1–35.4,11840,17.8,1805,17.6,1085,58.4,947,55.1,848,62.9,563,i-55512863,master_account,0,/world-university-rankings/university-savoie-mont-blanc,623607,France,"14,444",24.6,11%,50 : 50,University of Savoie Mont Blanc,False,False,False,
11850,1185,University of Seoul,32.1–35.4,11850,31.8,704,28.3,562,38.5,1472,50.3,940,38.2,1362,i-28294413,master_account,0,/world-university-rankings/university-seoul,1017,South Korea,"9,555",13.5,7%,44 : 56,University of Seoul,False,False,False,
11860,1186,University of South Bohemia in České Budějovice,32.1–35.4,11860,23.5,1299,17.4,1096,50.4,1172,25.1,1574,55.1,752,i-53384683,master_account,0,/world-university-rankings/university-south-bohemia-ceske-budejovice,623619,Czechia,"9,375",14.0,10%,69 : 31,University of South Bohemia in České Budějovice,False,False,False,
11870,1187,University of South Dakota,32.1–35.4,11870,36.2,481,16.9,1134,43.7,1328,38.3,1185,33.3,1593,i-24622404,public,0,/world-university-rankings/university-south-dakota,131409,United States,"6,756",15.3,5%,63 : 37,University of South Dakota,False,False,False,https://www.timeshighereducation.com/student/register-interest/shorelight?utm_medium=thewebsite&utm_campaign=cta-link&utm_source=rankings&iid=i-24622404
11880,1188,University of Sulaimani,32.1–35.4,11880,23.8,1269,8.6,2115,66.9,689,17.8,2041,34.2,1550,i-50449521,master_account,0,/world-university-rankings/university-sulaimani,587601,Iraq,"24,212",11.6,0%,61 : 39,University of Sulaimani,False,False,False,
11890,1189,University of Szeged,32.1–35.4,11890,31.2,745,16.4,1179,42.3,1369,48.7,969,53.8,790,i-93399959,master_account,0,/world-university-rankings/university-szeged,1005,Hungary,"21,326",13.2,19%,56 : 44,University of Szeged,False,False,False,
11900,1190,University of Tarapacá,32.1–35.4,11900,12.7,2144,23.6,739,55.4,1027,21.7,1759,58.7,659,i-93864353,master_account,0,/world-university-rankings/university-tarapaca,625482,Chile,"10,738",29.9,3%,54 : 46,University of Tarapacá,False,False,False,
11910,1191,"University of Technology, Iraq",32.1–35.4,11910,26.1,1083,10.3,1863,68.7,644,25.0,1578,26.1,1932,i-92548132,master_account,0,/world-university-rankings/university-technology-iraq,662395,Iraq,"12,215",6.9,0%,47 : 53,"University of Technology, Iraq",False,False,False,
11920,1192,University of Texas at El Paso,32.1–35.4,11920,28.0,955,30.2,512,41.7,1394,43.7,1075,44.7,1121,i-04696203,public,0,/world-university-rankings/university-texas-el-paso,131296,United States,"17,147",21.7,6%,55 : 45,University of Texas at El Paso,False,False,False,https://www.timeshighereducation.com/student/register-interest/shorelight?utm_medium=thewebsite&utm_campaign=cta-link&utm_source=rankings&iid=i-04696203
11930,1193,University of the Aegean,32.1–35.4,11930,18.1,1766,24.0,723,52.7,1104,83.5,282,32.0,1646,i-74506172,master_account,0,/world-university-rankings/university-aegean,625977,Greece,"21,442",58.4,2%,55 : 45,University of the Aegean,False,False,False,
11940,1194,"University of the Andes, Colombia",32.1–35.4,11940,25.4,1139,22.2,807,49.8,1184,43.2,1083,57.8,683,i-00861042,master_account,0,/world-university-rankings/university-andes-colombia,896,Colombia,"15,735",14.1,2%,46 : 54,"University of the Andes, Colombia",False,False,False,
11950,1195,University of the Free State,32.1–35.4,11950,23.1,1332,20.0,929,49.6,1189,30.6,1387,51.7,854,i-68584232,master_account,0,/world-university-rankings/university-free-state,707798,South Africa,"31,599",30.9,2%,64 : 36,University of the Free State,False,False,False,
11960,1196,University of the South Pacific,32.1–35.4,11960,16.1,1945,17.2,1109,56.8,986,28.8,1449,73.1,391,i-27327842,master_account,0,/world-university-rankings/university-south-pacific,661082,Fiji,"10,583",32.6,19%,59 : 41,University of the South Pacific,False,False,False,
11970,1197,University of Thessaly,32.1–35.4,11970,14.3,2066,15.5,1245,64.7,759,43.1,1085,34.7,1528,i-18895242,master_account,0,/world-university-rankings/university-thessaly,660830,Greece,"26,976",28.7,3%,51 : 49,University of Thessaly,False,False,False,
11980,1198,University of Tours,32.1–35.4,11980,30.9,764,15.9,1218,42.7,1359,47.7,994,59.0,654,i-74333922,master_account,0,/world-university-rankings/university-tours,632010,France,"29,179",18.1,13%,61 : 39,University of Tours,False,False,False,
11990,1199,University of Zaragoza,32.1–35.4,11990,29.0,888,20.6,903,47.9,1239,71.0,487,42.3,1197,i-29759523,master_account,0,/world-university-rankings/university-zaragoza,866,Spain,"27,923",11.2,8%,54 : 46,University of Zaragoza,False,False,False,
12000,1200,Veltech University,32.1–35.4,12000,18.0,1781,13.6,1425,67.4,673,30.4,1396,27.8,1844,i-32670742,master_account,0,/world-university-rankings/veltech-university,606420,India,"11,475",15.6,2%,20 : 80,Veltech University Vel Tech VelTech University Veltech Dr.RR &amp; Dr.SR University,False,False,False,
12010,1201,Yokohama City University,32.1–35.4,12010,28.2,944,10.8,1787,62.0,838,65.0,640,28.9,1788,i-98883884,master_account,0,/world-university-rankings/yokohama-city-university,131820,Japan,"5,142",5.4,3%,55 : 45,Yokohama City University,False,False,False,
12020,1202,York St John University,32.1–35.4,12020,17.3,1852,15.4,1260,60.1,894,16.0,2191,66.1,490,i-06033651,master_account,0,/world-university-rankings/york-st-john-university,131302,United Kingdom,"8,150",20.6,30%,62 : 38,York St John University,False,False,False,https://www.timeshighereducation.com/student/register-interest/siuk?utm_medium=thewebsite&utm_campaign=cta-link&utm_source=rankings&iid=i-06033651
12030,1203,Zagazig University,32.1–35.4,12030,17.9,1792,11.2,1726,71.2,583,36.4,1233,50.7,889,i-19272483,master_account,0,/world-university-rankings/zagazig-university,621630,Egypt,"172,762",21.8,3%,52 : 48,Zagazig University,False,False,False,
12040,1204,ZHAW Zurich University of Applied Sciences,32.1–35.4,12040,23.3,1315,17.3,1105,50.8,1156,62.3,708,69.1,452,i-75009662,master_account,0,/world-university-rankings/zhaw-zurich-university-applied-sciences,707804,Switzerland,"11,059",12.0,12%,54 : 46,ZHAW Zurich University of Applied Sciences,False,False,False,
12050,1205,Adolfo Ibáñez University,27.3–32.0,12050,15.6,1974,17.4,1090,44.3,1316,22.7,1697,62.5,569,i-52790452,master_account,0,/world-university-rankings/adolfo-ibanez-university,131561,Chile,"10,615",20.9,5%,38 : 62,Adolfo Ibáñez University,False,False,False,
12060,1206,Ahmadu Bello University,27.3–32.0,12060,24.3,1220,10.0,1888,58.9,930,20.6,1822,44.2,1131,i-56392813,master_account,0,/world-university-rankings/ahmadu-bello-university,707846,Nigeria,"46,669",16.5,0%,37 : 63,Ahmadu Bello University,False,False,False,
12070,1207,Aichi Medical University,27.3–32.0,12070,31.0,753,15.0,1288,47.7,1245,54.7,853,22.4,2100,i-81635443,master_account,0,/world-university-rankings/aichi-medical-university,609288,Japan,"1,285",2.8,1%,58 : 42,Aichi Medical University,False,False,False,
12080,1208,Akdeniz University,27.3–32.0,12080,25.1,1155,26.3,624,38.2,1477,60.9,727,25.5,1960,i-24220297,master_account,0,/world-university-rankings/akdeniz-university,624630,Turkey,"39,309",29.4,4%,54 : 46,Akdeniz University,False,False,False,
12090,1209,Al-Baha University,27.3–32.0,12090,19.5,1638,9.1,2036,54.9,1041,21.9,1746,75.4,345,i-20445342,master_account,0,/world-university-rankings/al-baha-university,709412,Saudi Arabia,"17,782",12.7,2%,55 : 45,Al-Baha University,False,False,False,
12100,1210,Al-Farabi Kazakh National University,27.3–32.0,12100,30.1,807,14.6,1320,27.8,1749,24.1,1615,80.4,263,i-04405031,master_account,0,/world-university-rankings/al-farabi-kazakh-national-university,131293,Kazakhstan,"20,321",4.5,26%,61 : 39,Al-Farabi Kazakh National University,False,False,False,
12110,1211,Al-Hussein Bin Talal University,27.3–32.0,12110,10.8,2178,11.6,1653,62.8,821,18.6,1976,50.0,907,i-58455882,master_account,0,/world-university-rankings/al-hussein-bin-talal-university,710704,Jordan,"12,333",33.2,1%,55 : 45,Al-Hussein Bin Talal University,False,False,False,
12120,1212,American International University – Bangladesh,27.3–32.0,12120,11.9,2163,9.2,2016,59.1,922,25.1,1568,39.5,1294,i-89232602,master_account,0,/world-university-rankings/american-international-university-bangladesh,715558,Bangladesh,"13,515",21.8,2%,26 : 74,American International University – Bangladesh,False,False,False,
12130,1213,"Amity University, Gurugram",27.3–32.0,12130,24.9,1172,13.4,1430,53.6,1075,17.3,2079,33.0,1609,i-55850771,master_account,0,/world-university-rankings/amity-university-gurugram,718349,India,"5,677",14.8,1%,52 : 48,"Amity University, Gurugram",False,False,False,
12140,1214,Ankara University,27.3–32.0,12140,35.5,504,17.0,1115,41.3,1400,35.5,1252,33.3,1588,i-20663973,master_account,0,/world-university-rankings/ankara-university,131389,Turkey,"46,452",19.7,7%,57 : 43,Ankara University,False,False,False,
12150,1215,Ariel University,27.3–32.0,12150,19.7,1619,21.0,873,41.8,1381,37.3,1208,34.7,1521,i-94338144,master_account,0,/world-university-rankings/ariel-university,623703,Israel,"12,587",18.4,1%,50 : 50,Ariel University,False,False,False,
12160,1216,Assiut University,27.3–32.0,12160,23.6,1279,12.4,1551,48.3,1222,25.3,1560,57.9,679,i-80404877,master_account,0,/world-university-rankings/assiut-university,624267,Egypt,"86,744",13.2,5%,51 : 49,Assiut University,False,False,False,
12170,1217,Austral University,27.3–32.0,12170,23.0,1334,11.8,1633,50.6,1160,22.0,1740,52.5,824,i-16901303,master_account,0,/world-university-rankings/austral-university,131370,Argentina,"6,488",10.8,8%,55 : 45,Austral University,False,False,False,
12180,1218,Autonomous University of Sinaloa,27.3–32.0,12180,16.9,1875,7.6,2184,55.8,1018,16.9,2125,39.1,1317,i-87224423,master_account,0,/world-university-rankings/autonomous-university-sinaloa,625512,Mexico,"79,206",17.3,9%,55 : 45,Autonomous University of Sinaloa Universidad Autonoma de Sinaloa UAS,False,False,False,
12190,1219,Azarbaijan Shahid Madani University,27.3–32.0,12190,19.3,1650,13.7,1407,61.0,868,20.4,1839,39.4,1303,i-50884594,master_account,0,/world-university-rankings/azarbaijan-shahid-madani-university,644540,Iran,"7,326",17.8,9%,57 : 43,Azarbaijan Shahid Madani University,False,False,False,
12200,1220,Babeş-Bolyai University,27.3–32.0,12200,20.7,1530,18.6,998,48.1,1228,32.9,1322,39.3,1307,i-94404393,master_account,0,/world-university-rankings/babes-bolyai-university,131789,Romania,"40,388",18.8,5%,64 : 36,Babeş-Bolyai University,False,False,False,
12210,1221,Banasthali University,27.3–32.0,12210,29.8,829,13.4,1431,50.1,1178,29.4,1426,23.3,2061,i-12590092,master_account,0,/world-university-rankings/banasthali-university,624999,India,"12,751",22.4,2%,99 : 1,Banasthali University,False,False,False,
12220,1222,Benha University,27.3–32.0,12220,16.5,1900,10.3,1852,63.9,771,22.0,1741,49.0,968,i-30693877,master_account,0,/world-university-rankings/benha-university,645758,Egypt,"111,190",28.9,1%,46 : 54,Benha University,False,False,False,
12230,1223,Bharathidasan University,27.3–32.0,12230,34.7,544,18.3,1025,41.1,1406,32.3,1341,31.9,1647,i-25884371,master_account,0,/world-university-rankings/bharathidasan-university,624273,India,"3,430",20.1,0%,53 : 47,Bharathidasan University,False,False,False,
12240,1224,BINUS University,27.3–32.0,12240,21.4,1463,23.5,741,34.2,1579,50.6,930,36.3,1438,i-72843833,master_account,0,/world-university-rankings/binus-university,625413,Indonesia,"15,258",13.9,4%,41 : 59,BINUS University,False,False,False,
12250,1225,Biruni University,27.3–32.0,12250,14.7,2037,11.3,1699,58.8,932,17.9,2023,56.4,713,i-49815365,master_account,0,/world-university-rankings/biruni-university,700313,Turkey,"12,510",22.2,17%,70 : 30,Biruni University,False,False,False,
12260,1226,Botswana International University of Science and Technology (BIUST),27.3–32.0,12260,23.7,1272,14.1,1362,33.1,1609,19.6,1887,73.2,386,i-56702881,master_account,0,/world-university-rankings/botswana-international-university-science-and-technology-biust,718258,Botswana,"2,491",12.2,10%,37 : 63,Botswana International University of Science and Technology (BIUST),False,False,False,
12270,1227,Brno University of Technology,27.3–32.0,12270,24.6,1194,17.7,1070,34.5,1573,73.7,432,59.0,653,i-11382601,master_account,0,/world-university-rankings/brno-university-technology,999,Czechia,"17,555",14.5,26%,28 : 72,Brno University of Technology,False,False,False,
12280,1228,Brock University,27.3–32.0,12280,15.0,2014,18.4,1013,48.0,1230,42.1,1099,56.2,717,i-42195486,master_account,0,/world-university-rankings/brock-university,688672,Canada,"21,118",22.0,19%,57 : 43,Brock University,False,False,False,https://www.timeshighereducation.com/student/register-interest/applyboard?utm_medium=thewebsite&utm_campaign=cta-link&utm_source=rankings&iid=i-42195486
12290,1229,Bu-Ali Sina University,27.3–32.0,12290,27.0,1015,20.9,879,47.6,1247,26.9,1513,32.6,1621,i-43183051,master_account,0,/world-university-rankings/bu-ali-sina-university,624336,Iran,"10,698",24.0,7%,58 : 42,Bu-Ali Sina University,False,False,False,
12300,1230,Budapest University of Technology and Economics,27.3–32.0,12300,23.0,1335,18.4,1014,34.2,1580,65.1,634,38.9,1332,i-10800652,master_account,0,/world-university-rankings/budapest-university-technology-and-economics,131330,Hungary,"18,656",16.3,15%,32 : 68,Budapest University of Technology and Economics,False,False,False,
12310,1231,Canterbury Christ Church University,27.3–32.0,12310,18.0,1769,13.5,1427,46.3,1266,19.0,1940,74.1,369,i-56524491,master_account,0,/world-university-rankings/canterbury-christ-church-university,131578,United Kingdom,"23,395",38.4,55%,57 : 43,Canterbury Christ Church University,False,False,False,https://www.timeshighereducation.com/student/register-interest/siuk?utm_medium=thewebsite&utm_campaign=cta-link&utm_source=rankings&iid=i-56524491
12320,1232,Changzhou University,27.3–32.0,12320,15.5,1989,14.4,1341,54.3,1051,66.9,592,21.1,2137,i-84089902,master_account,0,/world-university-rankings/changzhou-university,624948,China,"29,126",17.0,2%,,Changzhou University,False,False,False,
12330,1233,Chaoyang University of Technology,27.3–32.0,12330,15.5,1990,22.8,775,42.6,1360,53.7,875,45.3,1093,i-67894933,master_account,0,/world-university-rankings/chaoyang-university-technology,131639,Taiwan,"13,390",34.9,6%,55 : 45,Chaoyang University of Technology,False,False,False,
12340,1234,Chaudhary Charan Singh University - Meerut,27.3–32.0,12340,34.4,560,11.0,1750,45.8,1280,32.1,1346,32.9,1612,i-33470711,master_account,0,/world-university-rankings/chaudhary-charan-singh-university-meerut,726489,India,"3,519",15.0,0%,36 : 64,Chaudhary Charan Singh University - Meerut,False,False,False,
12350,1235,Chittagong University of Engineering & Technology,27.3–32.0,12350,13.7,2094,11.7,1644,67.2,674,23.1,1672,32.0,1642,i-77768661,master_account,0,/world-university-rankings/chittagong-university-engineering-technology,724036,Bangladesh,"5,758",17.4,0%,23 : 77,Chittagong University of Engineering & Technology,False,False,False,
12360,1236,Chung Yuan Christian University,27.3–32.0,12360,18.9,1688,24.2,710,36.4,1524,64.9,643,42.2,1198,i-54976131,master_account,0,/world-university-rankings/chung-yuan-christian-university,935,Taiwan,"14,676",30.2,8%,47 : 53,Chung Yuan Christian University,False,False,False,
12370,1237,Comenius University Bratislava,27.3–32.0,12370,29.4,857,17.0,1117,37.2,1505,30.0,1410,52.9,815,i-38950933,master_account,0,/world-university-rankings/comenius-university-bratislava,131488,Slovakia,"22,226",10.4,17%,65 : 35,Comenius University Bratislava,False,False,False,
12380,1238,Czech Technical University in Prague,27.3–32.0,12380,30.9,758,17.8,1065,32.6,1625,63.7,671,59.2,642,i-09840984,master_account,0,/world-university-rankings/czech-technical-university-prague,131322,Czechia,"15,476",8.2,21%,31 : 69,Czech Technical University in Prague,False,False,False,
12390,1239,Damanhour University,27.3–32.0,12390,15.0,2015,9.4,1985,56.9,980,17.2,2088,49.1,962,i-91910097,master_account,0,/world-university-rankings/damanhour-university,709718,Egypt,"52,549",34.5,0%,62 : 38,Damanhour University,False,False,False,
12400,1240,Democritus University of Thrace,27.3–32.0,12400,17.4,1839,16.8,1139,56.1,1011,37.0,1217,28.7,1801,i-12223213,master_account,0,/world-university-rankings/democritus-university-thrace,623433,Greece,"23,828",33.9,4%,57 : 43,Democritus University of Thrace,False,False,False,
12410,1241,Diego Portales University,27.3–32.0,12410,16.1,1934,12.2,1574,57.4,961,19.2,1922,54.1,779,i-26216562,master_account,0,/world-university-rankings/diego-portales-university,131418,Chile,"18,505",17.1,3%,50 : 50,Diego Portales University,False,False,False,
12420,1242,DIT University,27.3–32.0,12420,18.7,1708,11.3,1700,63.2,807,17.1,2104,25.7,1951,i-43532741,master_account,0,/world-university-rankings/dit-university,624909,India,"5,304",15.8,3%,31 : 69,DIT University,False,False,False,
12430,1243,"Dr D. Y. Patil Vidyapeeth, Pune",27.3–32.0,12430,43.5,249,11.1,1733,38.7,1463,20.0,1862,45.5,1085,i-00052313,master_account,0,/world-university-rankings/dr-d-y-patil-vidyapeeth-pune,625203,India,"5,568",10.2,2%,62 : 38,"Dr D. Y. Patil Vidyapeeth, Pune",False,False,False,
12440,1244,Duzce University,27.3–32.0,12440,19.3,1653,20.1,922,48.3,1223,56.6,817,29.9,1740,i-47486961,master_account,0,/world-university-rankings/duzce-university,622842,Turkey,"21,362",32.2,7%,46 : 54,Duzce University,False,False,False,
12450,1245,Ege University,27.3–32.0,12450,35.0,524,14.0,1374,34.2,1581,51.3,916,27.1,1879,i-62059881,master_account,0,/world-university-rankings/ege-university,623316,Turkey,"30,191",13.7,4%,53 : 47,Ege University,False,False,False,
12460,1246,Erciyes University,27.3–32.0,12460,25.0,1165,13.6,1415,43.0,1345,41.0,1121,34.3,1542,i-94116961,master_account,0,/world-university-rankings/erciyes-university,131784,Turkey,"37,763",26.1,9%,50 : 50,Erciyes University,False,False,False,
12470,1247,Fayoum University,27.3–32.0,12470,18.3,1745,12.2,1575,60.9,870,23.6,1648,47.5,1015,i-99193511,master_account,0,/world-university-rankings/fayoum-university,621408,Egypt,"52,796",16.3,1%,62 : 38,Fayoum University,False,False,False,
12480,1248,Federal University of São Carlos,27.3–32.0,12480,34.3,563,21.5,846,33.5,1602,55.4,841,33.1,1600,i-73092512,master_account,0,/world-university-rankings/federal-university-sao-carlos,131663,Brazil,"20,250",14.2,1%,50 : 50,Federal University of São Carlos,False,False,False,
12490,1249,"Federal University of Technology, Minna",27.3–32.0,12490,22.3,1392,8.5,2121,51.8,1124,17.8,2030,44.6,1122,i-19874194,master_account,0,/world-university-rankings/federal-university-technology-minna,718263,Nigeria,"26,887",23.7,0%,22 : 78,"Federal University of Technology, Minna",False,False,False,
12500,1250,Fu Jen Catholic University,27.3–32.0,12500,23.1,1328,27.6,580,28.5,1732,76.6,379,30.0,1736,i-77325094,master_account,0,/world-university-rankings/fu-jen-catholic-university,131690,Taiwan,"19,288",25.9,5%,59 : 41,Fu Jen Catholic University,False,False,False,
12510,1251,Galgotias University,27.3–32.0,12510,21.3,1473,10.9,1768,64.2,765,19.5,1894,28.3,1819,i-43305612,master_account,0,/world-university-rankings/galgotias-university,623811,India,"18,462",14.8,3%,36 : 64,Galgotias University,False,False,False,
12520,1252,Gauhati University,27.3–32.0,12520,39.4,357,15.4,1248,31.4,1657,22.4,1713,21.9,2118,i-41585243,master_account,0,/world-university-rankings/gauhati-university,623247,India,"5,733",12.7,0%,60 : 40,Gauhati University,False,False,False,
12530,1253,Gazi University,27.3–32.0,12530,27.3,995,19.6,942,37.1,1508,69.5,525,24.5,2003,i-06997925,master_account,0,/world-university-rankings/gazi-university,131307,Turkey,"44,013",19.9,4%,52 : 48,Gazi University,False,False,False,
12540,1254,Gebze Technical University,27.3–32.0,12540,24.9,1175,22.5,792,40.0,1436,37.3,1209,40.5,1270,i-19342863,master_account,0,/world-university-rankings/gebze-technical-university,624369,Turkey,"8,171",25.3,5%,45 : 55,Gebze Technical University,False,False,False,
12550,1255,Gifu University,27.3–32.0,12550,27.7,969,23.9,724,30.0,1689,68.9,541,31.3,1683,i-10204411,master_account,0,/world-university-rankings/gifu-university,131324,Japan,"7,064",15.3,4%,38 : 62,Gifu University,False,False,False,
12560,1256,Guru Jambheshwar University of Science and Technology,27.3–32.0,12560,31.5,722,11.4,1688,49.9,1181,32.3,1342,18.3,2188,i-72165372,master_account,0,/world-university-rankings/guru-jambheshwar-university-science-and-technology,623166,India,"7,520",18.9,0%,45 : 55,Guru Jambheshwar University of Science and Technology,False,False,False,
12570,1257,Gyeongsang National University,27.3–32.0,12570,27.8,962,19.5,952,36.0,1535,55.7,838,25.9,1939,i-13577702,master_account,0,/world-university-rankings/gyeongsang-national-university,624294,South Korea,"16,298",12.6,2%,44 : 56,Gyeongsang National University,False,False,False,
12580,1258,Hakim Sabzevari University,27.3–32.0,12580,18.1,1762,11.5,1673,63.5,795,18.6,1978,43.7,1149,i-43114711,master_account,0,/world-university-rankings/hakim-sabzevari-university,688807,Iran,"11,500",24.4,4%,60 : 40,Hakim Sabzevari University,False,False,False,
12590,1259,Hallym University,27.3–32.0,12590,26.8,1029,19.9,930,39.7,1443,62.5,703,24.5,2004,i-14431903,master_account,0,/world-university-rankings/hallym-university,589301,South Korea,"7,676",8.5,4%,,Hallym University,False,False,False,
12600,1260,Hangzhou Dianzi University (HDU),27.3–32.0,12600,17.7,1809,17.9,1059,50.1,1179,71.7,469,33.8,1566,i-38417931,master_account,0,/world-university-rankings/hangzhou-dianzi-university-hdu,684994,China,"27,192",15.7,4%,24 : 76,Hangzhou Dianzi University (HDU),False,False,False,
12610,1261,HES-SO University of Applied Sciences and Arts of Western Switzerland,27.3–32.0,12610,24.5,1201,13.8,1398,36.2,1529,29.6,1421,84.0,210,i-41897212,master_account,0,/world-university-rankings/hes-so-university-applied-sciences-and-arts-western-switzerland,633090,Switzerland,"17,517",6.0,29%,54 : 46,HES-SO University of Applied Sciences and Arts of Western Switzerland,False,False,False,
12620,1262,Hindustan Institute of Technology and Science,27.3–32.0,12620,26.1,1075,10.6,1810,59.8,901,20.5,1832,28.8,1790,i-20949493,master_account,0,/world-university-rankings/hindustan-institute-technology-and-science,624861,India,"7,766",10.6,6%,40 : 60,Hindustan Institute of Technology and Science,False,False,False,
12630,1263,Hitotsubashi University,27.3–32.0,12630,32.5,667,21.8,830,27.6,1760,25.7,1548,64.1,532,i-64162711,master_account,0,/world-university-rankings/hitotsubashi-university,131617,Japan,"6,105",14.6,14%,33 : 67,Hitotsubashi University,False,False,False,
12640,1264,Ho Chi Minh City Open University,27.3–32.0,12640,10.1,2187,10.9,1769,63.1,810,16.2,2181,39.2,1314,i-94910853,master_account,11,/world-university-rankings/ho-chi-minh-city-open-university,688693,Vietnam,"29,906",45.6,0%,64 : 36,Ho Chi Minh City Open University,False,False,False,
12650,1265,Holy Spirit University of Kaslik,27.3–32.0,12650,23.0,1337,9.9,1914,38.5,1470,19.5,1895,80.3,266,i-24903261,master_account,0,/world-university-rankings/holy-spirit-university-kaslik,623229,Lebanon,"7,374",13.0,14%,55 : 45,Holy Spirit University of Kaslik,False,False,False,
12660,1266,Hosei University,27.3–32.0,12660,16.3,1913,11.3,1701,49.3,1195,35.2,1260,40.2,1279,i-19893122,master_account,0,/world-university-rankings/hosei-university,589151,Japan,"28,578",37.4,5%,39 : 61,Hosei University,False,False,False,
12670,1267,Huaqiao University,27.3–32.0,12670,15.8,1959,15.0,1290,51.4,1133,46.4,1018,68.2,461,i-00185274,master_account,0,/world-university-rankings/huaqiao-university,623787,China,"35,586",18.0,21%,48 : 52,Huaqiao University,False,False,False,
12680,1268,Hungarian University of Agriculture and Life Sciences,27.3–32.0,12680,33.2,628,13.2,1462,42.0,1375,25.3,1562,61.2,599,i-76110433,master_account,0,/world-university-rankings/hungarian-university-agriculture-and-life-sciences,715198,Hungary,"9,478",11.0,16%,59 : 41,Hungarian University of Agriculture and Life Sciences,False,False,False,
12690,1269,Hyogo Medical University,27.3–32.0,12690,31.0,755,14.2,1357,45.0,1297,52.3,897,20.4,2150,i-36540641,master_account,0,/world-university-rankings/hyogo-medical-university,723682,Japan,"2,613",4.7,1%,59 : 41,Hyogo Medical University,False,False,False,
12700,1270,Ibn Tofaïl University,27.3–32.0,12700,26.6,1044,22.2,805,47.8,1241,22.6,1703,27.2,1871,i-41675731,master_account,0,/world-university-rankings/ibn-tofail-university,670422,Morocco,"60,057",73.1,3%,58 : 42,Ibn Tofaïl University,False,False,False,
12710,1271,Ibn Zohr University,27.3–32.0,12710,20.9,1507,11.8,1637,55.1,1033,21.0,1802,33.8,1567,i-91181699,master_account,0,/world-university-rankings/ibn-zohr-university,709712,Morocco,"145,463",130.0,1%,50 : 50,Ibn Zohr University,False,False,False,
12720,1272,Icesi University,27.3–32.0,12720,20.3,1559,12.1,1587,57.0,976,21.4,1770,41.8,1213,i-39354902,master_account,0,/world-university-rankings/icesi-university,625305,Colombia,"5,974",11.9,3%,52 : 48,Icesi University,False,False,False,
12730,1273,IFHE Hyderabad,27.3–32.0,12730,17.3,1848,10.3,1855,57.2,968,18.4,1987,21.0,2142,i-50709975,master_account,0,/world-university-rankings/ifhe-hyderabad,626055,India,"8,438",18.7,0%,42 : 58,IFHE Hyderabad,False,False,False,
12740,1274,I. Horbachevsky Ternopil National Medical University,27.3–32.0,12740,24.9,1176,9.8,1928,60.0,895,16.5,2161,37.8,1377,i-20275754,master_account,0,/world-university-rankings/i-horbachevsky-ternopil-national-medical-university,729099,Ukraine,"5,206",8.0,18%,71 : 29,I. Horbachevsky Ternopil National Medical University,False,False,False,
12750,1275,Ilam University,27.3–32.0,12750,23.1,1329,12.3,1565,54.2,1057,36.4,1228,35.0,1509,i-13035819,master_account,0,/world-university-rankings/ilam-university,696412,Iran,"4,588",19.0,10%,49 : 51,Ilam University,False,False,False,
12760,1276,Ilia State University,27.3–32.0,12760,18.9,1689,9.7,1946,47.6,1248,17.5,2059,53.0,814,i-90283173,master_account,0,/world-university-rankings/ilia-state-university,629217,Georgia,"16,579",12.2,5%,61 : 39,Ilia State University,False,False,False,
12770,1277,Immanuel Kant Baltic Federal University,27.3–32.0,12770,37.1,439,22.1,810,20.3,1937,37.1,1213,58.0,676,i-34471861,master_account,0,/world-university-rankings/immanuel-kant-baltic-federal-university,587652,Russian Federation,"6,711",16.3,19%,58 : 42,Immanuel Kant Baltic Federal University,False,False,True,
12780,1278,Incheon National University,27.3–32.0,12780,19.4,1643,18.4,1016,38.7,1464,48.2,979,35.5,1484,i-97721244,master_account,0,/world-university-rankings/incheon-national-university,623847,South Korea,"17,160",21.2,3%,39 : 61,Incheon National University,False,False,False,
12790,1279,Indian Institute of Science Education and Research Bhopal,27.3–32.0,12790,38.3,396,21.5,847,29.4,1708,25.1,1569,23.9,2036,i-17289431,master_account,0,/world-university-rankings/indian-institute-science-education-and-research-bhopal,691285,India,"2,194",14.2,0%,39 : 61,Indian Institute of Science Education and Research Bhopal,False,False,False,
12800,1280,"Indian Institute of Science Education and Research, Pune",27.3–32.0,12800,36.5,467,19.8,937,31.8,1644,31.4,1364,37.6,1384,i-18324662,master_account,0,/world-university-rankings/indian-institute-science-education-and-research-pune,131377,India,"1,816",11.9,0%,32 : 68,"Indian Institute of Science Education and Research, Pune",False,False,False,
12810,1281,Inönü University,27.3–32.0,12810,23.1,1330,15.5,1241,52.6,1106,31.6,1358,22.6,2096,i-00894293,master_account,0,/world-university-rankings/inonu-university,624951,Turkey,"26,262",29.7,3%,52 : 48,Inönü University,False,False,False,
12820,1282,Institut Teknologi Bandung,27.3–32.0,12820,23.9,1248,25.6,649,34.8,1563,68.9,542,31.0,1697,i-36566953,master_account,0,/world-university-rankings/institut-teknologi-bandung,589106,Indonesia,"28,425",19.4,6%,44 : 56,Institut Teknologi Bandung,False,False,False,
12830,1283,I-Shou University,27.3–32.0,12830,16.3,1915,21.1,870,38.2,1478,60.0,744,39.3,1309,i-85742212,master_account,0,/world-university-rankings/i-shou-university,131739,Taiwan,"10,364",26.8,15%,50 : 50,I-Shou University,False,False,False,
12840,1284,Istanbul Medeniyet University,27.3–32.0,12840,19.2,1664,10.9,1770,53.6,1078,18.5,1984,28.0,1832,i-70153011,master_account,0,/world-university-rankings/istanbul-medeniyet-university,694414,Turkey,"14,298",15.2,3%,52 : 48,Istanbul Medeniyet University,False,False,False,
12850,1285,Istanbul University,27.3–32.0,12850,32.2,681,25.6,650,33.2,1607,56.8,813,38.4,1349,i-86702911,master_account,0,/world-university-rankings/istanbul-university,993,Turkey,"55,489",22.0,8%,56 : 44,Istanbul University,False,False,False,
12860,1286,Istanbul University-Cerrahpaşa,27.3–32.0,12860,30.3,792,21.2,863,39.1,1455,63.6,674,27.5,1855,i-50389893,master_account,0,/world-university-rankings/istanbul-university-cerrahpasa,705875,Turkey,"23,338",18.0,6%,52 : 48,Istanbul University-Cerrahpaşa,False,False,False,
12870,1287,Iuliu Haţieganu University of Medicine and Pharmacy Cluj-Napoca,27.3–32.0,12870,26.2,1067,12.4,1555,51.3,1137,31.1,1370,49.9,918,i-18492141,master_account,0,/world-university-rankings/iuliu-hatieganu-university-medicine-and-pharmacy-cluj-napoca,622491,Romania,"8,247",8.7,37%,68 : 32,Iuliu Haţieganu University of Medicine and Pharmacy Cluj-Napoca,False,False,False,
12880,1288,Jeju National University,27.3–32.0,12880,25.3,1142,20.2,916,38.6,1467,44.1,1069,29.8,1748,i-12360903,master_account,0,/world-university-rankings/jeju-national-university,623649,South Korea,"10,335",15.0,4%,53 : 47,Jeju National University JNU Cheju Je ju NU,False,False,False,
12890,1289,Jiangxi Normal University (JXNU),27.3–32.0,12890,13.7,2096,13.0,1482,60.2,890,38.7,1176,20.7,2147,i-71947804,master_account,0,/world-university-rankings/jiangxi-normal-university-jxnu,624429,China,"35,356",20.5,0%,67 : 33,Jiangxi Normal University (JXNU),False,False,False,
12900,1290,Kangwon National University,27.3–32.0,12900,24.6,1195,24.9,683,36.6,1520,54.1,868,25.3,1971,i-13208863,master_account,11,/world-university-rankings/kangwon-national-university,623622,South Korea,"20,621",20.1,3%,42 : 58,Kangwon National University Kangwon KNU Korea,False,False,False,
12910,1291,Kansai Medical University,27.3–32.0,12910,29.4,859,12.2,1579,51.6,1129,50.0,946,22.0,2116,i-10984272,master_account,0,/world-university-rankings/kansai-medical-university,610089,Japan,"1,545",2.9,2%,57 : 43,Kansai Medical University,False,False,False,
12920,1292,Karunya Institute of Technology and Sciences,27.3–32.0,12920,22.2,1401,15.6,1235,60.6,880,27.6,1492,22.4,2101,i-18964542,master_account,0,/world-university-rankings/karunya-institute-technology-and-sciences,622209,India,"7,715",15.2,0%,37 : 63,Karunya Institute of Technology and Sciences,False,False,False,
12930,1293,Kashan University of Medical Sciences and Health Services,27.3–32.0,12930,29.2,872,9.0,2058,48.7,1210,17.9,2024,29.0,1785,i-38822442,master_account,0,/world-university-rankings/kashan-university-medical-sciences-and-health-services,701449,Iran,"3,416",0.7,4%,57 : 43,Kashan University of Medical Sciences and Health Services,False,False,False,
12940,1294,Kharazmi University,27.3–32.0,12940,25.2,1151,14.7,1310,41.8,1384,27.3,1500,33.9,1560,i-93372193,master_account,0,/world-university-rankings/kharazmi-university,624744,Iran,"12,192",16.3,3%,55 : 45,Kharazmi University,False,False,False,
12950,1295,Khon Kaen University,27.3–32.0,12950,28.6,910,17.3,1100,41.8,1385,49.5,956,35.5,1485,i-46140051,master_account,0,/world-university-rankings/khon-kaen-university,131523,Thailand,"32,602",16.3,2%,61 : 39,Khon Kaen University,False,False,False,
12960,1296,Khulna University,27.3–32.0,12960,17.3,1849,9.9,1916,50.7,1158,18.7,1966,45.2,1096,i-42462092,master_account,0,/world-university-rankings/khulna-university,693583,Bangladesh,"8,131",13.9,0%,45 : 55,Khulna University,False,False,False,
12970,1297,Kindai University,27.3–32.0,12970,17.6,1821,13.3,1445,53.6,1079,60.0,745,33.5,1581,i-58944492,master_account,0,/world-university-rankings/kindai-university,131589,Japan,"34,923",23.2,2%,32 : 68,Kindai University,False,False,False,
12980,1298,King Mongkut's University of Technology North Bangkok,27.3–32.0,12980,17.8,1796,15.3,1264,55.9,1016,57.3,796,29.6,1761,i-81412617,master_account,0,/world-university-rankings/king-mongkuts-university-technology-north-bangkok,131719,Thailand,"27,960",22.6,1%,40 : 60,King Mongkut's University of Technology North Bangkok,False,False,False,
12990,1299,Kohat University of Science and Technology,27.3–32.0,12990,17.1,1863,13.0,1483,51.0,1144,21.7,1755,57.7,685,i-08430321,master_account,0,/world-university-rankings/kohat-university-science-and-technology,721620,Pakistan,"10,175",45.4,0%,25 : 75,Kohat University of Science and Technology,False,False,False,
13000,1300,Kookmin University,27.3–32.0,13000,28.6,911,21.3,858,27.0,1776,59.7,750,38.1,1366,i-65978311,master_account,0,/world-university-rankings/kookmin-university,624924,South Korea,"15,777",18.5,13%,49 : 51,Kookmin University,False,False,False,
13010,1301,Kurume University,27.3–32.0,13010,28.6,912,13.3,1446,52.2,1112,49.8,950,23.7,2046,i-36055551,master_account,0,/world-university-rankings/kurume-university,609486,Japan,"4,659",8.1,1%,,Kurume University,False,False,False,
13020,1302,Kuwait University,27.3–32.0,13020,18.0,1774,11.4,1689,53.7,1073,33.1,1319,60.2,620,i-23395933,master_account,11,/world-university-rankings/kuwait-university,589247,Kuwait,"29,943",18.3,13%,73 : 27,Kuwait University,False,False,False,
13030,1303,Kwame Nkrumah University of Science and Technology,27.3–32.0,13030,17.7,1810,16.6,1157,53.3,1087,26.7,1520,46.5,1053,i-49228333,master_account,0,/world-university-rankings/kwame-nkrumah-university-science-and-technology,699439,Ghana,"76,838",46.8,1%,39 : 61,Kwame Nkrumah University of Science and Technology,False,False,False,
13040,1304,Kyushu Institute of Technology (Kyutech),27.3–32.0,13040,26.4,1060,16.5,1165,30.9,1669,66.9,593,39.1,1320,i-00810401,master_account,0,/world-university-rankings/kyushu-institute-technology-kyutech,725,Japan,"5,616",16.1,4%,14 : 86,Kyushu Institute of Technology (Kyutech),False,False,False,
13050,1305,Lahore College for Women University (LCWU),27.3–32.0,13050,22.2,1402,11.3,1704,48.4,1217,17.4,2074,45.5,1087,i-48251367,master_account,0,/world-university-rankings/lahore-college-women-university-lcwu,645974,Pakistan,"10,137",21.0,0%,100 : 0,Lahore College for Women University (LCWU),False,False,False,
13060,1306,Lebanese University,27.3–32.0,13060,34.8,537,14.0,1376,21.5,1909,22.8,1693,77.8,306,i-42987143,master_account,0,/world-university-rankings/lebanese-university,624447,Lebanon,"44,105",13.6,18%,55 : 45,Lebanese University,False,False,False,
13070,1307,Lorestan University,27.3–32.0,13070,22.9,1346,11.3,1705,51.9,1120,24.6,1596,34.7,1523,i-98525002,master_account,0,/world-university-rankings/lorestan-university,681397,Iran,"9,397",23.7,7%,46 : 54,Lorestan University,False,False,False,
13080,1308,Madan Mohan Malaviya University of Technology,27.3–32.0,13080,25.1,1158,9.3,2006,53.8,1068,20.6,1824,18.5,2184,i-20967462,master_account,0,/world-university-rankings/madan-mohan-malaviya-university-technology,724870,India,"3,276",11.1,0%,44 : 56,Madan Mohan Malaviya University of Technology,False,False,False,
13090,1309,Maharishi Markandeshwar University (MMU),27.3–32.0,13090,28.8,897,10.3,1856,50.5,1163,19.1,1932,31.3,1684,i-75364511,master_account,0,/world-university-rankings/maharishi-markandeshwar-university-mmu,621447,India,"11,662",12.5,6%,43 : 57,Maharishi Markandeshwar University (MMU),False,False,False,
13100,1310,Manipal University Jaipur,27.3–32.0,13100,22.5,1383,13.9,1387,51.1,1141,27.8,1482,30.7,1711,i-68632113,master_account,0,/world-university-rankings/manipal-university-jaipur,719281,India,"12,438",14.0,5%,46 : 54,Manipal University Jaipur,False,False,False,
13110,1311,Mawlana Bhashani Science and Technology University,27.3–32.0,13110,13.8,2090,8.7,2095,64.8,752,19.6,1889,46.8,1038,i-87368192,master_account,0,/world-university-rankings/mawlana-bhashani-science-and-technology-university,734729,Bangladesh,"4,644",17.1,0%,41 : 59,Mawlana Bhashani Science and Technology University,False,False,False,
13120,1312,Medical University of Bialystok,27.3–32.0,13120,31.9,697,12.1,1590,39.1,1456,41.4,1114,30.3,1728,i-11685532,master_account,0,/world-university-rankings/medical-university-bialystok,707302,Poland,"5,930",12.5,8%,77 : 23,Medical University of Bialystok,False,False,False,
13130,1313,Medical University of Lublin,27.3–32.0,13130,33.5,611,14.6,1324,35.2,1553,38.5,1181,33.6,1574,i-00280363,master_account,0,/world-university-rankings/medical-university-lublin,707816,Poland,"6,902",5.9,13%,73 : 27,Medical University of Lublin,False,False,False,
13140,1314,Medical University of Silesia in Katowice,27.3–32.0,13140,30.1,813,13.0,1485,42.9,1349,32.0,1351,26.2,1920,i-82002493,master_account,0,/world-university-rankings/medical-university-silesia-katowice,707993,Poland,"10,184",6.9,5%,74 : 26,Medical University of Silesia in Katowice,False,False,False,
13150,1315,"Mehran University of Engineering and Technology, Jamshoro, Pakistan",27.3–32.0,13150,16.1,1937,11.0,1755,56.2,1006,32.2,1344,49.6,937,i-11649561,master_account,0,/world-university-rankings/mehran-university-engineering-and-technology-jamshoro-pakistan,670644,Pakistan,"8,176",18.4,0%,25 : 75,"Mehran University of Engineering and Technology, Jamshoro, Pakistan",False,False,False,
13160,1316,Mendel University in Brno,27.3–32.0,13160,25.4,1133,18.2,1034,39.7,1444,23.1,1674,57.0,703,i-34313989,master_account,0,/world-university-rankings/mendel-university-brno,656387,Czechia,"9,185",16.2,17%,54 : 46,Mendel University in Brno,False,False,False,
13170,1317,Menoufia University,27.3–32.0,13170,15.9,1952,10.5,1824,59.7,905,28.2,1463,48.8,977,i-44157212,master_account,0,/world-university-rankings/menoufia-university,645425,Egypt,"129,699",26.1,1%,45 : 55,Menoufia University,False,False,False,
13180,1318,Miguel Hernández University of Elche,27.3–32.0,13180,22.0,1417,18.4,1020,42.9,1350,62.6,700,42.6,1183,i-22801704,master_account,0,/world-university-rankings/miguel-hernandez-university-elche,633069,Spain,"11,551",15.2,11%,52 : 48,Miguel Hernández University of Elche,False,False,False,
13190,1319,M. Kumarasamy College of Engineering,27.3–32.0,13190,15.9,1954,9.1,2043,59.7,906,17.9,2025,19.1,2178,i-54959123,master_account,0,/world-university-rankings/m-kumarasamy-college-engineering,715258,India,"4,228",17.8,0%,47 : 53,M. Kumarasamy College of Engineering,False,False,False,
13200,1320,"MNS University of Agriculture, Multan",27.3–32.0,13200,12.5,2151,11.4,1690,56.9,983,19.0,1943,49.3,952,i-53405154,master_account,0,/world-university-rankings/mns-university-agriculture-multan,702782,Pakistan,"4,477",22.5,0%,28 : 72,"MNS University of Agriculture, Multan",False,False,False,
13210,1321,Mohammed V University of Rabat,27.3–32.0,13210,29.3,863,16.1,1191,41.9,1378,43.6,1076,32.1,1638,i-05623811,master_account,0,/world-university-rankings/mohammed-v-university-rabat,131298,Morocco,"82,902",37.8,4%,55 : 45,Mohammed V University of Rabat,False,False,False,
13220,1322,Mutah University,27.3–32.0,13220,25.4,1134,13.7,1410,39.2,1450,18.0,2021,57.1,702,i-89425071,master_account,0,/world-university-rankings/mutah-university,661172,Jordan,"15,579",21.6,13%,53 : 47,Mutah University,False,False,False,
13230,1323,Nagasaki University,27.3–32.0,13230,30.1,814,16.0,1202,35.4,1549,55.2,845,40.3,1276,i-44353731,master_account,0,/world-university-rankings/nagasaki-university,131509,Japan,"8,747",6.7,5%,39 : 61,Nagasaki University,False,False,False,
13240,1324,Nagoya City University,27.3–32.0,13240,30.8,768,18.0,1051,38.5,1471,69.5,526,26.2,1922,i-86173973,master_account,0,/world-university-rankings/nagoya-city-university,589313,Japan,"4,602",5.8,4%,54 : 46,Nagoya City University,False,False,False,
13250,1325,National Chengchi University,27.3–32.0,13250,27.1,1008,28.9,546,25.1,1826,62.5,704,53.8,786,i-72139311,master_account,0,/world-university-rankings/national-chengchi-university,1004,Taiwan,"13,230",15.7,16%,57 : 43,National Chengchi University,False,False,False,
13260,1326,National Chung Cheng University,27.3–32.0,13260,21.4,1466,24.8,687,28.4,1736,77.3,369,30.6,1715,i-49211321,master_account,0,/world-university-rankings/national-chung-cheng-university,943,Taiwan,"9,183",14.8,4%,46 : 54,National Chung Cheng University,False,False,False,
13270,1327,National Chung Hsing University,27.3–32.0,13270,24.6,1197,25.4,661,35.8,1542,74.6,417,36.6,1428,i-99331234,master_account,0,/world-university-rankings/national-chung-hsing-university,951,Taiwan,"16,156",13.0,9%,43 : 57,National Chung Hsing University NCHU Taiwan Zhong Xing,False,False,False,
13280,1328,National Dong Hwa University,27.3–32.0,13280,20.2,1573,25.0,680,29.0,1721,45.1,1050,52.6,820,i-78326993,master_account,0,/world-university-rankings/national-dong-hwa-university,623850,Taiwan,"10,094",18.4,10%,54 : 46,National Dong Hwa University NDHU,False,False,False,
13290,1329,National Institute of Technology Delhi,27.3–32.0,13290,32.7,658,13.9,1388,44.5,1308,20.7,1814,26.3,1916,i-33926079,master_account,0,/world-university-rankings/national-institute-technology-delhi,725306,India,"1,329",13.8,3%,49 : 51,National Institute of Technology Delhi,False,False,False,
13300,1330,National Institute of Technology Meghalaya,27.3–32.0,13300,32.7,659,12.3,1567,39.1,1457,29.1,1434,28.5,1811,i-57441162,master_account,0,/world-university-rankings/national-institute-technology-meghalaya,727152,India,"1,020",13.2,3%,20 : 80,National Institute of Technology Meghalaya,False,False,False,
13310,1331,National Institute of Technology Srinagar,27.3–32.0,13310,30.5,778,13.3,1447,41.7,1392,19.3,1913,28.3,1820,i-76414402,master_account,0,/world-university-rankings/national-institute-technology-srinagar,724811,India,"3,598",13.3,0%,23 : 77,National Institute of Technology Srinagar,False,False,False,
13320,1332,National Institute of Technology Warangal,27.3–32.0,13320,26.6,1046,13.3,1448,45.9,1278,27.7,1489,25.6,1957,i-99717701,master_account,0,/world-university-rankings/national-institute-technology-warangal,724904,India,"6,938",16.5,5%,21 : 79,National Institute of Technology Warangal,False,False,False,
13330,1333,National Kaohsiung University of Science and Technology,27.3–32.0,13330,17.0,1870,22.8,777,41.7,1393,71.0,483,29.1,1780,i-13155693,master_account,0,/world-university-rankings/national-kaohsiung-university-science-and-technology,690697,Taiwan,"28,069",32.6,2%,36 : 64,National Kaohsiung University of Science and Technology,False,False,False,
13340,1334,National Taipei University of Technology,27.3–32.0,13340,26.4,1062,22.5,795,36.5,1522,82.8,289,36.1,1451,i-06917502,master_account,0,/world-university-rankings/national-taipei-university-technology,131306,Taiwan,"10,608",12.4,5%,29 : 71,National Taipei University of Technology,False,False,False,
13350,1335,National Taiwan Ocean University,27.3–32.0,13350,19.9,1603,27.2,594,29.3,1713,70.0,515,35.9,1467,i-62292771,master_account,0,/world-university-rankings/national-taiwan-ocean-university,844,Taiwan,"8,418",16.1,8%,32 : 68,National Taiwan Ocean University,False,False,False,
13360,1336,National Textile University,27.3–32.0,13360,14.2,2069,13.5,1428,50.4,1169,30.8,1380,47.5,1017,i-34653722,master_account,0,/world-university-rankings/national-textile-university,714985,Pakistan,"3,839",17.5,0%,30 : 70,National Textile University,False,False,False,
13370,1337,National University of Computer and Emerging Sciences,27.3–32.0,13370,13.6,2102,9.1,2044,66.6,697,30.7,1383,53.1,813,i-05561183,master_account,0,/world-university-rankings/national-university-computer-and-emerging-sciences,716621,Pakistan,"17,199",22.4,2%,26 : 74,National University of Computer and Emerging Sciences,False,False,False,
13380,1338,National University of Distance Education (UNED),27.3–32.0,13380,17.2,1856,19.4,962,41.8,1386,50.2,943,33.3,1590,i-60315822,master_account,0,/world-university-rankings/national-university-distance-education-uned,633321,Spain,"64,730",50.0,4%,58 : 42,National University of Distance Education (UNED),False,False,False,
13390,1339,National University of Uzbekistan named after Mirzo Ulugbek,27.3–32.0,13390,24.4,1213,10.9,1771,40.9,1410,25.4,1557,59.1,649,i-87656151,master_account,6,/world-university-rankings/national-university-uzbekistan-named-after-mirzo-ulugbek,670434,Uzbekistan,"19,704",19.3,4%,48 : 52,National University of Uzbekistan named after Mirzo Ulugbek,False,False,False,
13400,1340,Necmettin Erbakan University,27.3–32.0,13400,37.5,428,15.2,1277,37.3,1504,23.3,1662,40.7,1259,i-25290803,master_account,0,/world-university-rankings/necmettin-erbakan-university,625161,Turkey,"18,947",12.0,13%,52 : 48,Necmettin Erbakan University,False,False,False,
13410,1341,Nelson Mandela University,27.3–32.0,13410,20.9,1510,16.8,1145,43.2,1336,34.0,1295,43.8,1144,i-41726471,master_account,0,/world-university-rankings/nelson-mandela-university,703856,South Africa,"24,272",34.8,2%,60 : 40,Nelson Mandela University,False,False,False,
13420,1342,Netaji Subhas University of Technology,27.3–32.0,13420,17.7,1811,8.1,2160,57.4,963,20.8,1811,21.5,2125,i-19117342,master_account,0,/world-university-rankings/netaji-subhas-university-technology,720044,India,"8,856",15.5,2%,22 : 78,Netaji Subhas University of Technology,False,False,False,
13430,1343,Nicolaus Copernicus University in Toruń,27.3–32.0,13430,29.6,842,23.1,753,38.6,1468,33.2,1314,35.6,1479,i-43906702,master_account,0,/world-university-rankings/nicolaus-copernicus-university-torun,131506,Poland,"17,163",11.1,6%,67 : 33,Nicolaus Copernicus University in Toruń,False,False,False,
13440,1344,Niigata University,27.3–32.0,13440,31.2,743,15.7,1228,40.9,1411,54.3,861,29.1,1781,i-06232697,master_account,0,/world-university-rankings/niigata-university,131303,Japan,"11,826",7.1,3%,37 : 63,Niigata University,False,False,False,
13450,1345,Nitte (Deemed to be University),27.3–32.0,13450,43.2,255,12.5,1541,40.5,1423,19.5,1898,28.6,1807,i-94316931,master_account,0,/world-university-rankings/nitte-deemed-be-university,624864,India,"5,020",8.9,2%,67 : 33,Nitte (Deemed to be University),False,False,False,
13460,1346,Noakhali Science and Technology University (NSTU),27.3–32.0,13460,11.3,2174,9.4,1994,65.5,729,17.0,2119,48.1,998,i-97478016,master_account,0,/world-university-rankings/noakhali-science-and-technology-university-nstu,734571,Bangladesh,"9,184",22.2,0%,44 : 56,Noakhali Science and Technology University (NSTU),False,False,False,
13470,1347,Oakland University,27.3–32.0,13470,27.7,970,16.7,1150,44.5,1309,50.8,929,38.5,1346,i-32714413,public,0,/world-university-rankings/oakland-university,131458,United States,"12,914",15.8,4%,58 : 42,Oakland University,False,False,False,https://www.timeshighereducation.com/student/register-interest/shorelight?utm_medium=thewebsite&utm_campaign=cta-link&utm_source=rankings&iid=i-32714413
13480,1348,October 6 University,27.3–32.0,13480,19.8,1613,8.4,2130,61.7,845,16.8,2140,41.0,1252,i-71636812,master_account,0,/world-university-rankings/october-6-university,688663,Egypt,"28,613",15.3,7%,53 : 47,October 6 University,False,False,False,
13490,1349,Opole University of Technology,27.3–32.0,13490,18.6,1720,14.4,1343,45.8,1282,24.1,1622,47.0,1032,i-57770983,master_account,0,/world-university-rankings/opole-university-technology,623451,Poland,"4,752",14.6,9%,30 : 70,Opole University of Technology,False,False,False,
13500,1350,Osaka Metropolitan University,27.3–32.0,13500,31.3,741,16.9,1129,28.8,1726,78.3,356,27.2,1873,i-52752541,master_account,0,/world-university-rankings/osaka-metropolitan-university,719862,Japan,"15,703",8.7,4%,37 : 63,Osaka Metropolitan University,False,False,False,
13510,1351,Osmania University,27.3–32.0,13510,34.7,546,19.0,982,39.2,1452,34.3,1289,23.1,2076,i-97817294,master_account,0,/world-university-rankings/osmania-university,587967,India,"10,493",25.3,2%,48 : 52,Osmania University,False,False,False,
13520,1352,Pavol Jozef Šafárik University in Košice,27.3–32.0,13520,41.7,288,11.2,1717,24.5,1842,24.7,1585,59.3,639,i-73829601,master_account,0,/world-university-rankings/pavol-jozef-safarik-university-kosice,685387,Slovakia,"6,854",9.1,25%,67 : 33,Pavol Jozef Šafárik University in Košice,False,False,False,
13530,1353,Persian Gulf University,27.3–32.0,13530,19.6,1632,15.1,1284,56.1,1012,24.1,1623,46.5,1054,i-86554874,master_account,0,/world-university-rankings/persian-gulf-university,699265,Iran,"4,978",21.2,7%,57 : 43,Persian Gulf University,False,False,False,
13540,1354,Pondicherry University,27.3–32.0,13540,34.1,586,17.4,1092,40.6,1420,41.0,1123,22.7,2092,i-74952364,master_account,0,/world-university-rankings/pondicherry-university,624612,India,"9,378",20.3,0%,46 : 54,Pondicherry University,False,False,False,
13550,1355,Pontifícia Universidade Católica do Paraná,27.3–32.0,13550,26.3,1065,13.1,1471,40.6,1421,52.4,894,31.4,1680,i-88143052,master_account,0,/world-university-rankings/pontificia-universidade-catolica-do-parana,131752,Brazil,"11,606",12.7,1%,54 : 46,Pontifícia Universidade Católica do Paraná,False,False,False,
13560,1356,Port Said University,27.3–32.0,13560,13.3,2115,10.3,1860,61.4,858,29.7,1417,48.6,984,i-25173843,master_account,0,/world-university-rankings/port-said-university,644456,Egypt,"31,634",33.5,1%,55 : 45,Port Said University,False,False,False,
13570,1357,Poznań University of Life Sciences,27.3–32.0,13570,26.5,1056,12.8,1512,41.0,1408,30.3,1399,30.2,1731,i-00127794,master_account,0,/world-university-rankings/poznan-university-life-sciences,685375,Poland,"5,626",7.7,8%,59 : 41,Poznań University of Life Sciences,False,False,False,
13580,1358,Poznan University of Medical Sciences,27.3–32.0,13580,31.1,750,14.3,1350,47.8,1243,44.1,1070,33.1,1603,i-84129302,master_account,0,/world-university-rankings/poznan-university-medical-sciences,622959,Poland,"7,512",5.7,10%,73 : 27,Poznan University of Medical Sciences,False,False,False,
13590,1359,Prince of Songkla University,27.3–32.0,13590,24.3,1222,16.0,1205,39.4,1449,51.6,910,39.2,1315,i-15759761,master_account,0,/world-university-rankings/prince-songkla-university,1002,Thailand,"33,623",13.1,2%,68 : 32,Prince of Songkla University,False,False,False,
13600,1360,Public University of Navarre,27.3–32.0,13600,25.5,1130,15.2,1278,49.2,1200,43.3,1081,47.3,1025,i-84685862,master_account,0,/world-university-rankings/public-university-navarre,633027,Spain,"8,824",11.4,9%,52 : 48,Public University of Navarre,False,False,False,
13610,1361,Pukyong National University,27.3–32.0,13610,30.3,794,20.4,909,36.1,1532,54.1,870,35.1,1507,i-17880383,master_account,0,/world-university-rankings/pukyong-national-university,625224,South Korea,"16,710",18.1,8%,47 : 53,Pukyong National University,False,False,False,
13620,1362,Reshetnev Siberian State University of Science and Technology,27.3–32.0,13620,21.1,1494,9.2,2025,53.0,1095,37.8,1192,22.0,2117,i-48215223,master_account,0,/world-university-rankings/reshetnev-siberian-state-university-science-and-technology,131535,Russian Federation,"9,412",11.3,4%,34 : 66,Reshetnev Siberian State University of Science and Technology,False,False,True,
13630,1363,Riga Stradiņš University,27.3–32.0,13630,18.5,1729,16.9,1130,39.1,1458,25.0,1577,64.6,521,i-13199222,master_account,0,/world-university-rankings/riga-stradins-university,131344,Latvia,"8,229",24.6,35%,75 : 25,Riga Stradiņš University,False,False,False,
13640,1364,Rowan University,27.3–32.0,13640,29.6,843,13.2,1464,45.3,1295,40.6,1135,39.8,1287,i-08296732,public,0,/world-university-rankings/rowan-university,131313,United States,"17,484",13.3,6%,50 : 50,Rowan University,False,False,False,https://www.timeshighereducation.com/student/register-interest/shorelight?utm_medium=thewebsite&utm_campaign=cta-link&utm_source=rankings&iid=i-08296732
13650,1365,Sahand University of Technology,27.3–32.0,13650,28.8,899,13.6,1419,47.9,1236,47.6,995,35.2,1502,i-15374231,master_account,0,/world-university-rankings/sahand-university-technology,622254,Iran,"6,325",28.6,12%,43 : 57,Sahand University of Technology,False,False,False,
13660,1366,Sakarya University,27.3–32.0,13660,21.8,1431,13.8,1403,49.7,1186,26.7,1521,33.2,1596,i-88332641,master_account,0,/world-university-rankings/sakarya-university,624642,Turkey,"41,615",36.6,9%,52 : 48,Sakarya University,False,False,False,
13670,1367,Salahaddin University–Erbil,27.3–32.0,13670,23.4,1306,8.3,2146,60.1,893,17.0,2120,29.7,1754,i-06632582,master_account,0,/world-university-rankings/salahaddin-university-erbil,672225,Iraq,"26,525",10.5,1%,54 : 46,Salahaddin University–Erbil,False,False,False,
13680,1368,Sapporo Medical University,27.3–32.0,13680,31.4,733,13.4,1439,38.3,1474,57.5,793,18.4,2187,i-67750446,master_account,0,/world-university-rankings/sapporo-medical-university,609579,Japan,"1,307",3.3,0%,45 : 55,Sapporo Medical University,False,False,False,
13690,1369,SASTRA University,27.3–32.0,13690,27.6,976,11.0,1757,42.8,1353,41.6,1109,27.4,1861,i-21898361,master_account,0,/world-university-rankings/sastra-university,587904,India,"11,847",13.9,0%,51 : 49,SASTRA University,False,False,False,
13700,1370,Sathyabama Institute of Science and Technology,27.3–32.0,13700,30.9,760,10.7,1798,48.6,1212,24.0,1630,27.8,1842,i-69241474,master_account,6,/world-university-rankings/sathyabama-institute-science-and-technology,131645,India,"17,560",12.5,4%,49 : 51,Sathyabama Institute of Science and Technology,False,False,False,
13710,1371,Saudi Electronic University,27.3–32.0,13710,10.6,2183,9.6,1961,65.4,735,19.1,1934,75.8,337,i-20810901,master_account,0,/world-university-rankings/saudi-electronic-university,715228,Saudi Arabia,"32,325",36.4,8%,46 : 54,Saudi Electronic University,False,False,False,
13720,1372,Sefako Makgatho Health Sciences University,27.3–32.0,13720,26.0,1085,11.1,1740,42.7,1356,19.2,1925,50.0,912,i-70584673,master_account,0,/world-university-rankings/sefako-makgatho-health-sciences-university,717530,South Africa,"5,570",7.1,2%,65 : 35,Sefako Makgatho Health Sciences University,False,False,False,
13730,1373,Seoul National University of Science and Technology (SeoulTech),27.3–32.0,13730,30.3,795,21.7,840,35.1,1556,52.6,893,34.2,1548,i-66508503,master_account,0,/world-university-rankings/seoul-national-university-science-and-technology-seoultech,606465,South Korea,"8,106",11.8,13%,38 : 62,Seoul National University of Science and Technology (SeoulTech),False,False,False,
13740,1374,Shahid Bahonar University of Kerman,27.3–32.0,13740,19.1,1672,13.8,1404,50.4,1171,32.4,1339,30.0,1739,i-30315193,master_account,0,/world-university-rankings/shahid-bahonar-university-kerman,624735,Iran,"13,683",22.7,2%,60 : 40,Shahid Bahonar University of Kerman,False,False,False,
13750,1375,​Shahid Chamran University of Ahvaz,27.3–32.0,13750,29.4,860,11.0,1758,42.0,1377,47.5,996,28.6,1808,i-55903471,master_account,0,/world-university-rankings/shahid-chamran-university-ahvaz,622239,Iran,"13,351",22.4,2%,57 : 43,​Shahid Chamran University of Ahvaz,False,False,False,
13760,1376,Shahrekord University,27.3–32.0,13760,24.0,1241,13.4,1440,48.8,1208,20.5,1833,27.7,1847,i-55795073,master_account,0,/world-university-rankings/shahrekord-university,624342,Iran,"7,567",20.1,4%,53 : 47,Shahrekord University,False,False,False,
13770,1377,Shahrood University of Technology,27.3–32.0,13770,29.0,885,15.5,1243,47.1,1255,28.2,1464,41.8,1216,i-23437982,master_account,0,/world-university-rankings/shahrood-university-technology,622242,Iran,"9,421",21.8,5%,46 : 54,Shahrood University of Technology,False,False,False,
13780,1378,Shiga University of Medical Science,27.3–32.0,13780,32.7,660,13.3,1451,34.2,1583,65.4,630,25.3,1974,i-44255404,master_account,0,/world-university-rankings/shiga-university-medical-science,609363,Japan,"1,136",3.0,4%,52 : 48,Shiga University of Medical Science,False,False,False,
13790,1379,Shinshu University,27.3–32.0,13790,26.7,1042,18.4,1023,32.5,1631,66.8,598,31.9,1651,i-29775803,master_account,0,/world-university-rankings/shinshu-university,131444,Japan,"10,657",10.6,3%,33 : 67,Shinshu University Shindai Shin shu,False,False,False,
13800,1380,"Shivaji University, Kolhapur",27.3–32.0,13800,34.9,532,16.6,1160,45.5,1289,29.7,1419,21.5,2126,i-69787612,master_account,0,/world-university-rankings/shivaji-university-kolhapur,623721,India,"6,263",15.4,0%,43 : 57,"Shivaji University, Kolhapur",False,False,False,
13810,1381,Shiv Nadar University,27.3–32.0,13810,31.7,711,8.1,2161,40.6,1422,27.7,1490,42.5,1189,i-54905511,master_account,0,/world-university-rankings/shiv-nadar-university,624975,India,"2,290",9.2,2%,43 : 57,Shiv Nadar University,False,False,False,
13820,1382,Sidi Mohamed Ben Abdellah University,27.3–32.0,13820,25.2,1152,11.9,1626,48.2,1226,24.2,1611,26.2,1925,i-89829364,master_account,0,/world-university-rankings/sidi-mohamed-ben-abdellah-university,131760,Morocco,"100,319",44.4,2%,54 : 46,Sidi Mohamed Ben Abdellah University,False,False,False,
13830,1383,Slovak University of Agriculture in Nitra,27.3–32.0,13830,27.5,984,19.3,972,34.0,1587,22.9,1687,49.2,959,i-10755583,master_account,0,/world-university-rankings/slovak-university-agriculture-nitra,660686,Slovakia,"4,478",12.5,5%,54 : 46,Slovak University of Agriculture in Nitra,False,False,False,
13840,1384,Sohag University,27.3–32.0,13840,15.0,2022,9.2,2026,55.1,1035,20.6,1826,52.2,837,i-36049203,master_account,0,/world-university-rankings/sohag-university,587892,Egypt,"67,926",22.2,1%,58 : 42,Sohag University,False,False,False,
13850,1385,Soonchunhyang University,27.3–32.0,13850,22.6,1373,27.9,573,35.8,1543,63.6,675,33.1,1604,i-07719957,master_account,0,/world-university-rankings/soonchunhyang-university,622974,South Korea,"8,983",19.4,6%,50 : 50,Soonchunhyang University,False,False,False,
13860,1386,South Valley University  (Egypt),27.3–32.0,13860,12.8,2140,9.3,2010,58.9,931,19.3,1916,49.4,945,i-69130621,master_account,0,/world-university-rankings/south-valley-university-egypt,587901,Egypt,"65,017",29.3,0%,56 : 44,South Valley University  (Egypt),False,False,False,
13870,1387,St Francis Xavier University,27.3–32.0,13870,17.5,1833,18.2,1037,43.1,1342,27.9,1476,51.6,855,i-84044626,master_account,0,/world-university-rankings/st-francis-xavier-university,688756,Canada,"4,575",17.9,7%,62 : 38,St Francis Xavier University,False,False,False,https://www.timeshighereducation.com/student/register-interest/applyboard?utm_medium=thewebsite&utm_campaign=cta-link&utm_source=rankings&iid=i-84044626
13880,1388,Suez Canal University,27.3–32.0,13880,20.0,1595,9.9,1919,56.3,1004,28.5,1458,51.9,846,i-14522331,master_account,0,/world-university-rankings/suez-canal-university,131354,Egypt,"51,841",14.4,2%,45 : 55,Suez Canal University,False,False,False,
13890,1389,Süleyman Demirel University,27.3–32.0,13890,27.6,978,11.5,1679,43.8,1323,24.0,1631,25.4,1969,i-49520373,master_account,0,/world-university-rankings/suleyman-demirel-university,623043,Turkey,"32,526",28.9,5%,52 : 48,Süleyman Demirel University,False,False,False,
13900,1390,Suranaree University of Technology,27.3–32.0,13900,25.0,1168,17.4,1093,33.7,1596,52.4,895,36.1,1456,i-04311493,master_account,0,/world-university-rankings/suranaree-university-technology,131291,Thailand,"14,931",27.9,1%,53 : 47,Suranaree University of Technology Suranaree University of Technology Thiland SUT,False,False,False,
13910,1391,SWPS University,27.3–32.0,13910,15.8,1961,17.0,1121,49.5,1191,32.8,1331,49.4,946,i-98997214,master_account,0,/world-university-rankings/swps-university,631086,Poland,"14,605",31.5,7%,77 : 23,SWPS University,False,False,False,
13920,1392,Technological University Dublin,27.3–32.0,13920,17.6,1824,14.7,1315,48.8,1209,54.7,854,64.5,524,i-35020687,master_account,0,/world-university-rankings/technological-university-dublin,672237,Ireland,"19,364",17.0,22%,43 : 57,Technological University Dublin,False,False,False,
13930,1393,Texas State University,27.3–32.0,13930,18.9,1696,20.2,919,48.4,1219,40.6,1136,45.8,1074,i-54049303,public,0,/world-university-rankings/texas-state-university,594695,United States,"31,552",19.7,2%,61 : 39,Texas State University,False,False,False,https://www.timeshighereducation.com/student/register-interest/shorelight?utm_medium=thewebsite&utm_campaign=cta-link&utm_source=rankings&iid=i-54049303
13940,1394,Tezpur University,27.3–32.0,13940,33.1,639,17.3,1102,36.8,1515,33.2,1316,19.4,2168,i-55968922,master_account,0,/world-university-rankings/tezpur-university,131574,India,"4,573",13.0,0%,45 : 55,Tezpur University,False,False,False,
13950,1395,Thammasat University,27.3–32.0,13950,23.5,1296,21.0,875,33.8,1595,37.5,1201,39.0,1327,i-06431403,master_account,1,/world-university-rankings/thammasat-university,622998,Thailand,"39,733",14.8,1%,64 : 36,Thammasat University,False,False,False,
13960,1396,The British University in Egypt,27.3–32.0,13960,16.7,1894,12.1,1593,53.0,1096,19.1,1935,37.4,1394,i-10212231,master_account,0,/world-university-rankings/british-university-egypt,131325,Egypt,"11,180",21.8,4%,51 : 49,The British University in Egypt,False,False,False,
13970,1397,The Jikei University School of Medicine,27.3–32.0,13970,30.3,796,11.2,1721,43.9,1322,45.4,1047,20.8,2144,i-99697112,master_account,0,/world-university-rankings/jikei-university-school-medicine,589292,Japan,"1,077",0.8,1%,52 : 48,The Jikei University School of Medicine,False,False,False,
13980,1398,The John Paul II Catholic University of Lublin,27.3–32.0,13980,31.6,719,17.0,1122,36.8,1516,17.4,2075,32.1,1639,i-11336353,master_account,0,/world-university-rankings/john-paul-ii-catholic-university-lublin,661046,Poland,"8,436",8.4,9%,65 : 35,The John Paul II Catholic University of Lublin,False,False,False,
13990,1399,The University of Electro-Communications,27.3–32.0,13990,25.7,1112,24.1,716,32.3,1635,69.1,535,39.0,1328,i-13390113,master_account,0,/world-university-rankings/university-electro-communications,609414,Japan,"4,621",14.6,5%,12 : 88,The University of Electro-Communications,False,False,False,
14000,1400,The University of the West Indies,27.3–32.0,14000,21.0,1500,12.0,1608,45.4,1290,29.4,1428,52.6,821,i-32495463,master_account,11,/world-university-rankings/university-west-indies,639029,Jamaica,"22,060",15.6,1%,71 : 29,The University of the West Indies,False,False,False,
14010,1401,Tianjin Normal University,27.3–32.0,14010,21.0,1501,21.0,876,34.5,1576,53.8,874,46.1,1068,i-91728442,master_account,0,/world-university-rankings/tianjin-normal-university,624255,China,"23,254",14.3,6%,,Tianjin Normal University,False,False,False,
14020,1402,TOBB University of Economics and Technology,27.3–32.0,14020,20.0,1597,14.7,1316,40.9,1412,67.5,582,41.1,1246,i-76917698,master_account,0,/world-university-rankings/tobb-university-economics-and-technology,131687,Turkey,"5,255",13.4,1%,47 : 53,TOBB University of Economics and Technology,False,False,False,
14030,1403,Tokai University,27.3–32.0,14030,17.6,1826,12.8,1516,46.9,1258,48.3,977,31.8,1661,i-25803861,master_account,0,/world-university-rankings/tokai-university,131413,Japan,"28,774",16.6,5%,29 : 71,Tokai University,False,False,False,
14040,1404,Tokushima University,27.3–32.0,14040,28.9,893,20.7,895,27.2,1770,86.7,244,24.7,1994,i-86116901,master_account,0,/world-university-rankings/tokushima-university,131742,Japan,"7,395",9.5,2%,36 : 64,Tokushima University,False,False,False,
14050,1405,Tokyo University of Agriculture and Technology,27.3–32.0,14050,34.0,588,25.5,657,28.0,1746,82.2,299,39.0,1329,i-66623774,master_account,0,/world-university-rankings/tokyo-university-agriculture-and-technology,860,Japan,"5,923",14.2,7%,36 : 64,Tokyo University of Agriculture and Technology,False,False,False,
14060,1406,Tokyo University of Science,27.3–32.0,14060,23.8,1263,26.8,608,27.7,1757,74.8,413,30.4,1726,i-83135163,master_account,0,/world-university-rankings/tokyo-university-science,131726,Japan,"18,002",24.1,4%,25 : 75,Tokyo University of Science tus rikadai tokyo,False,False,False,
14070,1407,Tomas Bata University in Zlín,27.3–32.0,14070,22.7,1363,21.1,872,37.7,1497,28.8,1445,53.7,792,i-26264958,master_account,0,/world-university-rankings/tomas-bata-university-zlin,589364,Czechia,"8,964",18.4,12%,56 : 44,Tomas Bata University in Zlín,False,False,False,
14080,1408,Toyohashi University of Technology (TUT),27.3–32.0,14080,30.7,773,23.6,737,21.4,1914,83.6,280,43.4,1157,i-98641521,master_account,0,/world-university-rankings/toyohashi-university-technology-tut,131816,Japan,"1,998",10.2,13%,14 : 86,Toyohashi University of Technology (TUT),False,False,False,
14090,1409,Tzu Chi University,27.3–32.0,14090,25.7,1113,26.0,635,24.7,1839,66.3,611,27.8,1843,i-32916961,master_account,0,/world-university-rankings/tzu-chi-university,623793,Taiwan,"3,102",9.2,7%,61 : 39,Tzu Chi University TzuChi Ci Ji,False,False,False,
14100,1410,Universidad Católica San Antonio de Murcia (UCAM),27.3–32.0,14100,19.1,1673,18.2,1039,35.1,1557,39.2,1165,57.4,694,i-52041189,master_account,1,/world-university-rankings/universidad-catolica-san-antonio-de-murcia-ucam,313017,Spain,"12,966",20.1,18%,56 : 44,Universidad Católica San Antonio de Murcia (UCAM),False,False,False,
14110,1411,Universidad del Desarrollo,27.3–32.0,14110,16.4,1908,12.1,1594,47.2,1253,28.0,1472,51.0,873,i-23139981,master_account,0,/world-university-rankings/universidad-del-desarrollo,584745,Chile,"17,491",17.7,4%,57 : 43,Universidad del Desarrollo Universidad del Desarrollo UDD Desarrollo University,False,False,False,
14120,1412,Universidade Eduardo Mondlane,27.3–32.0,14120,11.3,2175,8.7,2099,60.3,889,21.1,1794,52.3,831,i-10011801,master_account,0,/world-university-rankings/universidade-eduardo-mondlane,717953,Mozambique,"41,967",24.9,1%,44 : 56,Universidade Eduardo Mondlane,False,False,False,
14130,1413,Universidade Federal de Pernambuco,27.3–32.0,14130,33.8,598,18.5,1007,25.6,1808,62.5,705,28.8,1794,i-43538622,master_account,0,/world-university-rankings/universidade-federal-de-pernambuco,131505,Brazil,"36,048",13.2,0%,52 : 48,Universidade Federal de Pernambuco,False,False,False,
14140,1414,Universidade Federal do Paraná (UFPR),27.3–32.0,14140,37.2,436,18.5,1008,29.7,1698,51.9,904,35.4,1493,i-80440613,master_account,0,/world-university-rankings/universidade-federal-do-parana-ufpr,131706,Brazil,"33,204",12.2,8%,50 : 50,Universidade Federal do Paraná (UFPR),False,False,False,
14150,1415,Universidad San Francisco de Quito,27.3–32.0,14150,24.0,1242,12.1,1595,44.2,1321,19.3,1920,63.7,543,i-29598981,master_account,0,/world-university-rankings/universidad-san-francisco-de-quito,131442,Ecuador,"8,153",9.0,4%,50 : 50,Universidad San Francisco de Quito Universidad San Francisco de Quito USFQ,False,False,False,
14160,1416,Universitas Airlangga,27.3–32.0,14160,28.6,916,14.1,1368,39.2,1453,24.8,1581,66.3,485,i-58335033,master_account,11,/world-university-rankings/universitas-airlangga,621591,Indonesia,"32,097",7.2,8%,66 : 34,Universitas Airlangga,False,False,False,
14170,1417,Universitas Gadjah Mada,27.3–32.0,14170,33.1,640,24.0,720,31.3,1659,57.2,799,43.9,1141,i-38817761,master_account,0,/world-university-rankings/universitas-gadjah-mada,623652,Indonesia,"40,174",8.1,5%,58 : 42,Universitas Gadjah Mada,False,False,False,
14180,1418,Universitas Muhammadiyah Surakarta,27.3–32.0,14180,15.7,1971,9.8,1941,60.5,882,17.5,2063,29.6,1762,i-38156609,master_account,0,/world-university-rankings/universitas-muhammadiyah-surakarta,624183,Indonesia,"21,386",16.3,0%,59 : 41,Universitas Muhammadiyah Surakarta,False,False,False,
14190,1419,Universitas Padjadjaran,27.3–32.0,14190,32.5,670,13.0,1489,35.1,1558,27.9,1478,52.5,826,i-36799823,master_account,11,/world-university-rankings/universitas-padjadjaran,624537,Indonesia,"32,501",7.6,5%,61 : 39,Universitas Padjadjaran,False,False,False,
14200,1420,Université de Poitiers,27.3–32.0,14200,27.5,985,20.9,884,30.5,1679,39.7,1152,61.6,592,i-54863381,master_account,0,/world-university-rankings/universite-de-poitiers,623913,France,"28,005",17.7,13%,59 : 41,Université de Poitiers,False,False,False,
14210,1421,Université Djillali Liabès de Sidi Bel-Abbès,27.3–32.0,14210,25.5,1132,9.7,1951,46.3,1268,17.6,2055,36.8,1417,i-48595622,master_account,0,/world-university-rankings/universite-djillali-liabes-de-sidi-bel-abbes,621624,Algeria,"29,211",17.9,1%,55 : 45,Université Djillali Liabès de Sidi Bel-Abbès,False,False,False,
14220,1422,Université d’Orléans,27.3–32.0,14220,20.3,1562,16.6,1161,46.1,1272,51.7,906,70.1,436,i-86351372,master_account,0,/world-university-rankings/universite-dorleans,623610,France,"18,607",19.8,15%,50 : 50,Université d’Orléans,False,False,False,
14230,1423,University of A Coruña,27.3–32.0,14230,24.1,1235,18.6,1002,46.1,1273,46.6,1013,38.1,1367,i-68194451,master_account,0,/world-university-rankings/university-coruna,131640,Spain,"15,460",12.6,6%,52 : 48,University of A Coruña,False,False,False,
14240,1424,University of Anbar,27.3–32.0,14240,25.0,1169,11.1,1744,53.2,1092,36.6,1225,32.0,1644,i-66281842,master_account,11,/world-university-rankings/university-anbar,623679,Iraq,"27,797",11.1,1%,57 : 43,University of Anbar,False,False,False,
14250,1425,University of Antioquia,27.3–32.0,14250,21.1,1496,20.8,891,38.8,1462,39.9,1147,40.3,1278,i-96194003,master_account,0,/world-university-rankings/university-antioquia,131797,Colombia,"37,677",18.4,0%,52 : 48,University of Antioquia,False,False,False,
14260,1426,University of Brasília,27.3–32.0,14260,34.0,589,17.7,1075,27.7,1758,33.2,1317,35.7,1475,i-96326871,master_account,0,/world-university-rankings/university-brasilia,131799,Brazil,"43,678",14.4,1%,53 : 47,University of Brasília,False,False,False,
14270,1427,University of Burgos,27.3–32.0,14270,21.8,1432,16.7,1151,44.9,1302,29.0,1439,36.3,1445,i-49596028,master_account,0,/world-university-rankings/university-burgos,633072,Spain,"8,300",14.2,5%,56 : 44,University of Burgos,False,False,False,
14280,1428,University of Cadiz,27.3–32.0,14280,21.2,1484,18.3,1026,42.7,1357,37.4,1206,43.4,1158,i-17738143,master_account,0,/world-university-rankings/university-cadiz,633042,Spain,"18,319",15.7,10%,61 : 39,University of Cadiz,False,False,False,
14290,1429,"University of Chemistry and Technology, Prague",27.3–32.0,14290,37.3,433,14.7,1317,26.9,1780,55.0,851,54.4,774,i-78564803,master_account,0,/world-university-rankings/university-chemistry-and-technology-prague,131697,Czechia,"4,505",8.8,29%,57 : 43,"University of Chemistry and Technology, Prague",False,False,False,
14300,1430,University of Chittagong,27.3–32.0,14300,11.5,2173,9.5,1982,60.7,879,22.8,1695,55.2,748,i-44854621,master_account,0,/world-university-rankings/university-chittagong,719221,Bangladesh,"26,397",24.0,0%,41 : 59,University of Chittagong,False,False,False,
14310,1431,University of Colima,27.3–32.0,14310,23.4,1307,8.2,2155,54.3,1053,19.0,1947,29.9,1745,i-29366041,master_account,0,/world-university-rankings/university-colima,584754,Mexico,"14,655",6.5,0%,52 : 48,University of Colima,False,False,False,
14320,1432,University of Concepción,27.3–32.0,14320,19.3,1656,18.1,1046,40.9,1413,47.7,993,50.8,884,i-71217772,master_account,0,/world-university-rankings/university-concepcion,584712,Chile,"29,870",17.0,2%,52 : 48,University of Concepción,False,False,False,
14330,1433,University of Deusto,27.3–32.0,14330,20.7,1536,20.6,902,49.3,1197,39.9,1148,46.0,1070,i-07991642,master_account,0,/world-university-rankings/university-deusto,633102,Spain,"10,138",18.7,11%,56 : 44,University of Deusto,False,False,False,
14340,1434,University of Duhok,27.3–32.0,14340,24.2,1232,8.1,2164,61.3,861,19.7,1882,31.3,1686,i-85311912,master_account,0,/world-university-rankings/university-duhok,701734,Iraq,"20,093",10.0,1%,53 : 47,University of Duhok,False,False,False,
14350,1435,University of El Oued,27.3–32.0,14350,19.8,1616,8.9,2076,53.0,1097,17.5,2064,44.2,1136,i-00353782,master_account,0,/world-university-rankings/university-el-oued-0,710823,Algeria,"22,276",19.9,0%,62 : 38,University of El Oued,False,False,False,
14360,1436,University of Engineering & Technology (UET) Lahore,27.3–32.0,14360,20.2,1577,10.5,1831,54.3,1054,32.4,1340,51.0,874,i-64006523,master_account,0,/world-university-rankings/university-engineering-technology-uet-lahore,623421,Pakistan,"13,860",13.5,2%,33 : 67,University of Engineering & Technology (UET) Lahore,False,False,False,
14370,1437,University of Évora,27.3–32.0,14370,25.0,1170,21.5,851,36.8,1518,25.1,1572,54.3,777,i-73774453,master_account,0,/world-university-rankings/university-evora,638552,Portugal,"8,196",14.0,17%,58 : 42,University of Évora,False,False,False,
14380,1438,University of Guilan,27.3–32.0,14380,26.0,1090,18.4,1024,44.5,1310,34.0,1297,25.4,1970,i-98343172,master_account,0,/world-university-rankings/university-guilan,624732,Iran,"17,021",31.2,1%,58 : 42,University of Guilan,False,False,False,
14390,1439,"University of Health Sciences, Turkey",27.3–32.0,14390,45.7,207,10.6,1817,27.3,1768,17.5,2065,28.8,1795,i-38808358,master_account,0,/world-university-rankings/university-health-sciences-turkey,715195,Turkey,"24,562",6.1,11%,51 : 49,"University of Health Sciences, Turkey",False,False,False,
14400,1440,University of Ilorin,27.3–32.0,14400,15.5,1995,12.6,1532,64.8,754,20.2,1855,42.6,1185,i-55998052,master_account,0,/world-university-rankings/university-ilorin,705869,Nigeria,"48,498",34.3,0%,50 : 50,University of Ilorin,False,False,False,
14410,1441,University of Ioannina,27.3–32.0,14410,16.9,1882,15.7,1229,50.5,1165,52.8,891,39.5,1299,i-03482622,master_account,0,/world-university-rankings/university-ioannina,131284,Greece,"33,322",38.1,3%,54 : 46,University of Ioannina,False,False,False,
14420,1442,University of Isfahan,27.3–32.0,14420,29.0,886,18.3,1028,46.8,1260,38.9,1174,32.3,1632,i-72789123,master_account,0,/world-university-rankings/university-isfahan,606483,Iran,"17,094",22.6,5%,58 : 42,University of Isfahan,False,False,False,
14430,1443,University of Jeddah,27.3–32.0,14430,16.8,1887,11.0,1760,59.1,926,21.2,1784,70.7,427,i-87668344,master_account,11,/world-university-rankings/university-jeddah,709526,Saudi Arabia,"30,321",16.0,2%,67 : 33,University of Jeddah,False,False,False,
14440,1444,University of Jendouba,27.3–32.0,14440,19.2,1670,23.2,750,37.1,1510,51.4,915,46.4,1056,i-39236312,master_account,0,/world-university-rankings/university-jendouba,720222,Tunisia,"12,953",21.4,0%,71 : 29,University of Jendouba,False,False,False,
14450,1445,University of Jos,27.3–32.0,14450,15.3,2003,8.6,2114,55.9,1017,18.4,1992,46.4,1057,i-22295937,master_account,0,/world-university-rankings/university-jos,718260,Nigeria,"37,605",23.6,0%,47 : 53,University of Jos,False,False,False,
14460,1446,University of Kerala,27.3–32.0,14460,40.2,329,20.7,899,23.8,1859,22.4,1718,25.5,1965,i-12435571,master_account,0,/world-university-rankings/university-kerala,624402,India,"3,615",12.2,5%,71 : 29,University of Kerala,False,False,False,
14470,1447,University of La Frontera,27.3–32.0,14470,17.8,1803,23.7,736,35.8,1544,24.1,1626,50.2,902,i-23626002,master_account,0,/world-university-rankings/university-la-frontera,584730,Chile,"11,481",20.2,1%,50 : 50,University of La Frontera,False,False,False,
14480,1448,University of La Serena,27.3–32.0,14480,14.3,2065,10.3,1862,54.3,1056,17.3,2086,50.3,898,i-80411171,master_account,0,/world-university-rankings/university-la-serena,621492,Chile,"7,657",22.4,1%,50 : 50,University of La Serena,False,False,False,
14490,1449,University of Las Palmas de Gran Canaria,27.3–32.0,14490,21.4,1471,26.9,605,42.7,1358,32.5,1337,41.7,1219,i-72573733,master_account,0,/world-university-rankings/university-las-palmas-de-gran-canaria,633066,Spain,"16,681",18.2,8%,57 : 43,University of Las Palmas de Gran Canaria,False,False,False,
14500,1450,University of León,27.3–32.0,14500,24.9,1179,15.9,1216,41.8,1388,61.0,726,36.8,1421,i-70237763,master_account,0,/world-university-rankings/university-leon,633021,Spain,"9,699",10.9,5%,54 : 46,University of León,False,False,False,
14510,1451,University of Malaga,27.3–32.0,14510,21.1,1497,17.1,1113,42.1,1373,54.0,872,41.5,1228,i-96767787,master_account,0,/world-university-rankings/university-malaga,623016,Spain,"36,545",13.6,6%,54 : 46,University of Malaga,False,False,False,
14520,1452,University of Manouba,27.3–32.0,14520,25.9,1097,9.7,1953,42.1,1374,23.9,1639,45.8,1075,i-81377855,master_account,0,/world-university-rankings/university-manouba,659912,Tunisia,"17,341",14.4,2%,58 : 42,University of Manouba,False,False,False,
14530,1453,University of Maragheh,27.3–32.0,14530,14.7,2041,17.1,1114,59.6,913,31.3,1368,47.8,1006,i-56718522,master_account,0,/world-university-rankings/university-maragheh,670545,Iran,"3,719",24.5,9%,59 : 41,University of Maragheh,False,False,False,
14540,1454,University of Maribor,27.3–32.0,14540,21.5,1461,18.0,1056,41.2,1404,46.2,1024,39.5,1300,i-63230932,master_account,0,/world-university-rankings/university-maribor,131610,Slovenia,"13,082",13.9,14%,55 : 45,University of Maribor,False,False,False,
14550,1455,University of Mauritius,27.3–32.0,14550,27.5,987,14.9,1298,42.2,1371,41.3,1115,37.5,1388,i-71618421,master_account,0,/world-university-rankings/university-mauritius,707927,Mauritius,"9,108",26.0,7%,58 : 42,University of Mauritius,False,False,False,
14560,1456,University of Mazandaran,27.3–32.0,14560,26.6,1050,16.2,1190,43.0,1348,25.4,1558,28.3,1824,i-78415531,master_account,0,/world-university-rankings/university-mazandaran,623892,Iran,"11,383",24.1,3%,64 : 36,University of Mazandaran,False,False,False,
14570,1457,University of Nebraska Omaha,27.3–32.0,14570,17.9,1790,16.9,1133,49.8,1183,41.8,1104,36.2,1449,i-98303353,public,0,/world-university-rankings/university-nebraska-omaha,593330,United States,"13,614",17.1,5%,57 : 43,University of Nebraska Omaha,False,False,False,https://www.timeshighereducation.com/student/register-interest/shorelight?utm_medium=thewebsite&utm_campaign=cta-link&utm_source=rankings&iid=i-98303353
14580,1458,University of Nigeria Nsukka,27.3–32.0,14580,32.0,694,11.0,1762,40.3,1428,20.3,1850,41.4,1233,i-41389103,master_account,0,/world-university-rankings/university-nigeria-nsukka,587628,Nigeria,"45,307",11.1,1%,46 : 54,University of Nigeria Nsukka,False,False,False,
14590,1459,University of Northern British Columbia (UNBC),27.3–32.0,14590,21.0,1502,22.5,797,44.4,1313,19.9,1875,57.0,705,i-06604402,master_account,0,/world-university-rankings/university-northern-british-columbia-unbc,626049,Canada,"3,008",15.3,15%,62 : 38,University of Northern British Columbia (UNBC),False,False,False,https://www.timeshighereducation.com/student/register-interest/applyboard?utm_medium=thewebsite&utm_campaign=cta-link&utm_source=rankings&iid=i-06604402
14600,1460,"University of Occupational and Environmental Health, Japan",27.3–32.0,14600,29.0,887,11.9,1631,53.1,1094,53.7,876,23.1,2078,i-59969988,master_account,0,/world-university-rankings/university-occupational-and-environmental-health-japan,609420,Japan,"1,145",2.4,1%,53 : 47,"University of Occupational and Environmental Health, Japan UOEH Occupational medicine Graduate school of medical science",False,False,False,
14610,1461,University of Peradeniya,27.3–32.0,14610,12.8,2142,12.4,1562,56.4,1000,30.0,1411,39.3,1312,i-20525099,master_account,0,/world-university-rankings/university-peradeniya,625056,Sri Lanka,"20,419",26.2,0%,60 : 40,University of Peradeniya,False,False,False,
14620,1462,University of Reims Champagne-Ardenne,27.3–32.0,14620,29.1,881,9.8,1943,37.4,1502,36.4,1231,56.1,725,i-89699181,master_account,0,/world-university-rankings/university-reims-champagne-ardenne,623970,France,"25,691",18.5,11%,58 : 42,University of Reims Champagne-Ardenne,False,False,False,
14630,1463,University of Rouen Normandie,27.3–32.0,14630,24.9,1181,13.9,1395,38.3,1476,51.6,911,55.9,731,i-00578643,master_account,0,/world-university-rankings/university-rouen-normandie,632052,France,"31,367",23.8,14%,61 : 39,University of Rouen Normandie,False,False,False,
14640,1464,University of Sargodha,27.3–32.0,14640,14.5,2055,13.6,1424,63.0,813,20.9,1808,49.4,950,i-01848284,master_account,0,/world-university-rankings/university-sargodha,625044,Pakistan,"22,199",29.4,0%,59 : 41,University of Sargodha,False,False,False,
14650,1465,University of Sfax,27.3–32.0,14650,29.7,840,12.3,1571,41.5,1397,39.3,1158,46.0,1071,i-38386677,master_account,0,/world-university-rankings/university-sfax,626187,Tunisia,"33,852",9.7,4%,65 : 35,University of Sfax,False,False,False,
14660,1466,University of Social Welfare and Rehabilitation Sciences,27.3–32.0,14660,34.0,590,15.7,1230,34.3,1578,22.8,1696,33.4,1587,i-09407813,master_account,0,/world-university-rankings/university-social-welfare-and-rehabilitation-sciences,625326,Iran,"1,538",8.8,2%,79 : 21,University of Social Welfare and Rehabilitation Sciences,False,False,False,
14670,1467,University of South Africa,27.3–32.0,14670,19.7,1628,17.8,1069,51.0,1147,30.4,1394,42.2,1203,i-80798081,master_account,0,/world-university-rankings/university-south-africa,131710,South Africa,"207,954",84.5,2%,75 : 25,University of South Africa,False,False,False,
14680,1468,University of South Wales,27.3–32.0,14680,18.2,1759,11.7,1651,35.7,1546,52.3,899,78.6,295,i-85406381,master_account,0,/world-university-rankings/university-south-wales,131736,United Kingdom,"17,530",16.7,31%,52 : 48,University of South Wales,False,False,False,https://www.timeshighereducation.com/student/register-interest/siuk?utm_medium=thewebsite&utm_campaign=cta-link&utm_source=rankings&iid=i-85406381
14690,1469,University of Split,27.3–32.0,14690,22.2,1405,15.3,1269,42.3,1368,28.6,1456,34.7,1527,i-85715165,master_account,0,/world-university-rankings/university-split,623535,Croatia,"18,811",15.0,3%,59 : 41,University of Split,False,False,False,
14700,1470,University of Staffordshire,27.3–32.0,14700,16.3,1921,12.3,1572,48.0,1233,23.8,1644,73.4,384,i-27646032,master_account,0,/world-university-rankings/university-staffordshire,131431,United Kingdom,"15,275",23.0,22%,49 : 51,University of Staffordshire,False,False,False,
14710,1471,University of Technology of Compiègne,27.3–32.0,14710,28.7,907,11.6,1665,30.6,1675,58.7,765,81.9,242,i-32090882,master_account,0,/world-university-rankings/university-technology-compiegne,623052,France,"4,377",16.0,18%,42 : 58,University of Technology of Compiègne,False,False,False,
14720,1472,University of the Philippines,27.3–32.0,14720,27.4,992,17.9,1061,39.0,1460,28.9,1442,38.6,1344,i-32745851,master_account,0,/world-university-rankings/university-philippines,131459,Philippines,"54,405",10.7,0%,57 : 43,University of the Philippines,False,False,False,
14730,1473,University of Trás-os-Montes and Alto Douro,27.3–32.0,14730,19.6,1636,20.9,886,47.3,1252,38.6,1180,40.5,1273,i-99046161,master_account,0,/world-university-rankings/university-tras-os-montes-and-alto-douro,638555,Portugal,"8,611",14.4,9%,53 : 47,University of Trás-os-Montes and Alto Douro,False,False,False,
14740,1474,University of Tripoli,27.3–32.0,14740,14.6,2047,10.7,1803,66.1,713,17.2,2100,43.3,1164,i-34351511,master_account,0,/world-university-rankings/university-tripoli,627159,Libya,"71,060",18.9,2%,63 : 37,University of Tripoli,False,False,False,
14750,1475,University of Urbino Carlo Bo,27.3–32.0,14750,17.6,1829,19.9,933,47.6,1249,36.3,1238,50.1,906,i-73605732,master_account,0,/world-university-rankings/university-urbino-carlo-bo,131665,Italy,"15,123",38.0,6%,65 : 35,University of Urbino Carlo Bo,False,False,False,
14760,1476,University of Valladolid,27.3–32.0,14760,24.8,1187,16.7,1153,40.7,1418,44.4,1064,39.5,1301,i-30802583,master_account,0,/world-university-rankings/university-valladolid,632466,Spain,"21,685",12.1,8%,57 : 43,University of Valladolid,False,False,False,
14770,1477,University of West London,27.3–32.0,14770,15.4,1999,10.5,1833,53.3,1090,20.7,1821,90.0,129,i-44763062,master_account,0,/world-university-rankings/university-west-london,131514,United Kingdom,"16,885",21.9,61%,53 : 47,University of West London,False,False,False,https://www.timeshighereducation.com/student/register-interest/siuk?utm_medium=thewebsite&utm_campaign=cta-link&utm_source=rankings&iid=i-44763062
14780,1478,University of Winchester,27.3–32.0,14780,19.0,1686,15.4,1258,45.4,1291,18.0,2022,61.2,601,i-08158451,master_account,0,/world-university-rankings/university-winchester,131311,United Kingdom,"7,060",16.0,12%,66 : 34,University of Winchester,False,False,False,https://www.timeshighereducation.com/student/register-interest/siuk?utm_medium=thewebsite&utm_campaign=cta-link&utm_source=rankings&iid=i-08158451
14790,1479,University of Wrocław,27.3–32.0,14790,28.7,908,21.8,835,37.9,1494,35.5,1256,45.1,1103,i-22992091,master_account,0,/world-university-rankings/university-wroclaw,623118,Poland,"16,900",15.3,8%,66 : 34,University of Wrocław,False,False,False,
14800,1480,University of Zagreb,27.3–32.0,14800,27.6,980,19.1,979,41.8,1389,57.5,795,31.3,1687,i-00136154,master_account,0,/world-university-rankings/university-zagreb,589178,Croatia,"62,046",15.8,4%,61 : 39,University of Zagreb,False,False,False,
14810,1481,University of Žilina,27.3–32.0,14810,26.2,1073,19.6,949,39.9,1439,45.5,1040,33.9,1564,i-27896893,master_account,0,/world-university-rankings/university-zilina,661151,Slovakia,"7,418",15.1,7%,33 : 67,University of Žilina,False,False,False,
14820,1482,University Rey Juan Carlos,27.3–32.0,14820,18.7,1714,15.3,1272,47.4,1250,46.7,1012,38.4,1351,i-97386731,master_account,0,/world-university-rankings/university-rey-juan-carlos,587961,Spain,"39,309",17.3,6%,57 : 43,University Rey Juan Carlos,False,False,False,
14830,1483,Urmia University of Technology,27.3–32.0,14830,12.2,2156,14.3,1355,56.7,990,22.0,1744,49.0,972,i-91951166,master_account,0,/world-university-rankings/urmia-university-technology,726248,Iran,"3,145",24.8,14%,29 : 71,Urmia University of Technology,False,False,False,
14840,1484,USAMV Cluj-Napoca,27.3–32.0,14840,19.7,1629,10.0,1907,52.3,1111,22.0,1745,37.5,1389,i-47530822,master_account,0,/world-university-rankings/usamv-cluj-napoca,705080,Romania,"5,453",16.7,6%,54 : 46,USAMV Cluj-Napoca,False,False,False,
14850,1485,"Vietnam National University, Hanoi",27.3–32.0,14850,17.7,1817,11.5,1685,54.6,1050,28.2,1467,44.3,1130,i-56193051,master_account,0,/world-university-rankings/vietnam-national-university-hanoi,625908,Vietnam,"67,238",18.9,0%,61 : 39,"Vietnam National University, Hanoi VNU",False,False,False,
14860,1486,"Visvesvaraya National Institute of Technology, Nagpur",27.3–32.0,14860,32.7,662,12.8,1519,41.6,1396,36.5,1227,20.1,2158,i-28377534,master_account,0,/world-university-rankings/visvesvaraya-national-institute-technology-nagpur,688741,India,"4,762",16.5,2%,23 : 77,"Visvesvaraya National Institute of Technology, Nagpur",False,False,False,
14870,1487,VSB - Technical University of Ostrava,27.3–32.0,14870,25.6,1126,20.9,889,38.5,1473,48.5,973,55.4,744,i-09361872,master_account,11,/world-university-rankings/vsb-technical-university-ostrava,131319,Czechia,"12,121",16.2,15%,33 : 67,VSB - Technical University of Ostrava,False,False,False,
14880,1488,Vytautas Magnus University,27.3–32.0,14880,23.7,1277,12.9,1503,36.9,1512,21.2,1786,69.5,448,i-80420272,master_account,0,/world-university-rankings/vytautas-magnus-university,131705,Lithuania,"8,381",10.6,19%,71 : 29,Vytautas Magnus University,False,False,False,
14890,1489,Walailak University,27.3–32.0,14890,19.4,1648,15.4,1259,56.4,1001,18.7,1974,47.8,1007,i-05986243,master_account,0,/world-university-rankings/walailak-university,695770,Thailand,"10,993",15.2,2%,71 : 29,Walailak University Walailak University Thailand,False,False,False,
14900,1490,Warsaw University of Technology,27.3–32.0,14900,28.3,937,17.7,1077,32.9,1616,61.1,725,33.9,1565,i-63137763,master_account,0,/world-university-rankings/warsaw-university-technology,989,Poland,"21,694",10.3,8%,31 : 69,Warsaw University of Technology,False,False,False,
14910,1491,Wilfrid Laurier University,27.3–32.0,14910,15.8,1965,16.1,1199,49.3,1198,58.4,775,61.2,602,i-45463661,master_account,0,/world-university-rankings/wilfrid-laurier-university,675429,Canada,"20,600",25.8,10%,,Wilfrid Laurier University,False,False,False,https://www.timeshighereducation.com/student/register-interest/applyboard?utm_medium=thewebsite&utm_campaign=cta-link&utm_source=rankings&iid=i-45463661
14920,1492,Woosong University,27.3–32.0,14920,19.1,1674,10.4,1848,43.2,1338,24.2,1614,86.2,190,i-77384144,master_account,0,/world-university-rankings/woosong-university,728373,South Korea,"10,350",15.4,21%,44 : 56,Woosong University,False,False,False,
14930,1493,Wrocław University of Science and Technology,27.3–32.0,14930,23.6,1290,19.3,975,36.2,1531,58.5,772,34.0,1558,i-07234171,master_account,0,/world-university-rankings/wroclaw-university-science-and-technology,622977,Poland,"21,125",17.2,6%,33 : 67,Wrocław University of Science and Technology,False,False,False,
14940,1494,Wuhan Textile University,27.3–32.0,14940,16.3,1922,12.4,1564,57.9,952,55.7,839,23.9,2040,i-29342442,master_account,0,/world-university-rankings/wuhan-textile-university,623145,China,"24,241",15.2,2%,50 : 50,Wuhan Textile University,False,False,False,
14950,1495,Xiangtan University,27.3–32.0,14950,18.6,1723,17.4,1097,53.6,1083,56.3,825,23.1,2080,i-17201096,master_account,0,/world-university-rankings/xiangtan-university,587829,China,"38,768",20.0,0%,49 : 51,Xiangtan University,False,False,False,
14960,1496,Yanshan University,27.3–32.0,14960,21.6,1452,12.2,1585,45.4,1292,57.0,809,20.8,2145,i-35838642,master_account,0,/world-university-rankings/yanshan-university,623463,China,"38,505",12.6,1%,35 : 65,Yanshan University,False,False,False,
14970,1497,Yaşar University,27.3–32.0,14970,21.5,1462,11.8,1642,57.8,957,21.1,1798,43.1,1174,i-55271853,master_account,0,/world-university-rankings/yasar-university,621567,Turkey,"5,975",10.8,3%,51 : 49,Yaşar University,False,False,False,
14980,1498,Yazd University,27.3–32.0,14980,21.6,1453,18.5,1012,44.8,1304,44.4,1065,35.6,1483,i-17728562,master_account,0,/world-university-rankings/yazd-university,587751,Iran,"13,519",29.7,3%,58 : 42,Yazd University,False,False,False,
14990,1499,Yokohama National University,27.3–32.0,14990,28.3,938,21.9,829,22.1,1901,82.3,298,35.3,1500,i-63261961,master_account,0,/world-university-rankings/yokohama-national-university,955,Japan,"9,459",13.2,8%,28 : 72,Yokohama National University,False,False,False,
15000,1500,Zewail City of Science and Technology,27.3–32.0,15000,23.7,1278,10.5,1835,48.2,1227,23.7,1647,40.6,1268,i-85186622,master_account,0,/world-university-rankings/zewail-city-science-and-technology,670425,Egypt,"1,238",5.3,0%,43 : 57,Zewail City of Science and Technology,False,False,False,
15010,1501,Zhejiang Chinese Medical University,27.3–32.0,15010,20.2,1578,17.5,1089,46.1,1274,36.4,1234,22.7,2094,i-62599642,master_account,0,/world-university-rankings/zhejiang-chinese-medical-university,624609,China,"24,976",26.2,5%,63 : 37,Zhejiang Chinese Medical University,False,False,False,
15020,1502,Zhejiang University of Finance and Economics,27.3–32.0,15020,14.3,2067,13.3,1461,66.8,693,30.8,1381,28.8,1797,i-95679341,master_account,0,/world-university-rankings/zhejiang-university-finance-and-economics,707287,China,"20,962",21.4,2%,61 : 39,Zhejiang University of Finance and Economics,False,False,False,
15030,1503,Abdelmalek Essaâdi University,10.3–27.2,15030,22.9,1343,11.1,1727,43.1,1339,20.7,1812,29.0,1783,i-47608031,master_account,0,/world-university-rankings/abdelmalek-essaadi-university,709484,Morocco,"118,761",84.4,1%,53 : 47,Abdelmalek Essaâdi University,False,False,False,
15040,1504,Acharya Nagarjuna University,10.3–27.2,15040,45.0,221,9.9,1909,16.8,2000,27.6,1491,28.6,1804,i-77102685,master_account,0,/world-university-rankings/acharya-nagarjuna-university,587874,India,"6,220",7.6,7%,32 : 68,Acharya Nagarjuna University,False,False,False,
15050,1505,Acıbadem University,10.3–27.2,15050,27.3,993,12.4,1550,29.0,1720,26.4,1531,37.0,1404,i-17174665,master_account,0,/world-university-rankings/acibadem-university,670416,Turkey,"3,501",7.6,8%,73 : 27,Acıbadem University,False,False,False,
15060,1506,Adana Alparslan Türkeş Science and Technology University,10.3–27.2,15060,13.7,2092,10.4,1836,31.5,1654,17.2,2087,22.9,2083,i-02789652,master_account,0,/world-university-rankings/adana-alparslan-turkes-science-and-technology-university,731607,Turkey,"4,769",19.2,0%,43 : 57,Adana Alparslan Türkeş Science and Technology University,False,False,False,
15070,1507,Adelphi University,10.3–27.2,15070,25.5,1127,7.9,2172,26.2,1795,18.1,2008,35.8,1469,i-87859194,private,0,/world-university-rankings/adelphi-university,593459,United States,"6,884",11.7,7%,70 : 30,Adelphi University,False,False,False,https://www.timeshighereducation.com/student/register-interest/shorelight?utm_medium=thewebsite&utm_campaign=cta-link&utm_source=rankings&iid=i-87859194
15080,1508,Adıyaman University,10.3–27.2,15080,13.0,2124,10.1,1877,33.5,1600,16.8,2135,28.0,1831,i-30377491,master_account,0,/world-university-rankings/adiyaman-university,624879,Turkey,"18,054",21.3,3%,33 : 67,Adıyaman University,False,False,False,
15090,1509,Afyonkarahisar Health Sciences University,10.3–27.2,15090,29.8,828,11.8,1632,13.1,2089,24.6,1589,23.3,2060,i-56376062,master_account,0,/world-university-rankings/afyonkarahisar-health-sciences-university,728239,Turkey,"4,545",12.0,3%,66 : 34,Afyonkarahisar Health Sciences University,False,False,False,
15100,1510,Afyon Kocatepe University,10.3–27.2,15100,16.5,1899,9.8,1924,26.4,1790,22.5,1705,26.5,1904,i-49260612,master_account,0,/world-university-rankings/afyon-kocatepe-university,624669,Turkey,"22,390",31.1,6%,50 : 50,Afyon Kocatepe University,False,False,False,
15110,1511,AIIMS Rishikesh,10.3–27.2,15110,29.0,882,11.2,1711,17.2,1989,22.8,1688,21.0,2139,i-48645801,master_account,0,/world-university-rankings/aiims-rishikesh,681379,India,"2,002",1.9,3%,37 : 63,AIIMS Rishikesh,False,False,False,
15120,1512,Akita University,10.3–27.2,15120,26.3,1063,13.6,1414,18.7,1970,43.3,1079,28.7,1798,i-77452664,master_account,0,/world-university-rankings/akita-university,609471,Japan,"5,042",10.6,4%,36 : 64,Akita University,False,False,False,
15130,1513,Aksaray University,10.3–27.2,15130,14.8,2029,9.3,2001,24.1,1850,18.2,2000,28.9,1787,i-12607312,master_account,0,/world-university-rankings/aksaray-university,624789,Turkey,"16,810",16.4,10%,56 : 44,Aksaray University,False,False,False,
15140,1514,Alanya Alaaddin Keykubat University,10.3–27.2,15140,16.4,1906,10.3,1849,20.0,1941,16.4,2166,27.2,1869,i-30298512,master_account,0,/world-university-rankings/alanya-alaaddin-keykubat-university,731201,Turkey,"9,049",21.9,7%,47 : 53,Alanya Alaaddin Keykubat University,False,False,False,
15150,1515,Alberto Hurtado University,10.3–27.2,15150,15.8,1958,16.6,1154,24.1,1851,16.0,2187,37.7,1378,i-89205932,master_account,0,/world-university-rankings/alberto-hurtado-university,625287,Chile,"7,276",22.0,2%,58 : 42,Alberto Hurtado University,False,False,False,
15160,1516,Alexandru Ioan Cuza University,10.3–27.2,15160,22.5,1377,12.2,1573,29.2,1715,41.1,1118,39.3,1306,i-74680493,master_account,0,/world-university-rankings/alexandru-ioan-cuza-university,131673,Romania,"24,352",16.9,9%,61 : 39,Alexandru Ioan Cuza University,False,False,False,
15170,1517,Al-Furat Al-Awsat Technical University,10.3–27.2,15170,11.5,2171,8.6,2103,21.1,1922,19.6,1886,24.3,2014,i-44018424,master_account,0,/world-university-rankings/al-furat-al-awsat-technical-university,675459,Iraq,"26,536",27.5,0%,50 : 50,Al-Furat Al-Awsat Technical University,False,False,False,
15180,1518,Allameh Tabataba ’i University,10.3–27.2,15180,33.2,626,12.8,1505,32.6,1623,24.0,1627,30.4,1722,i-49413952,master_account,0,/world-university-rankings/allameh-tabataba-i-university,131542,Iran,"14,319",16.7,3%,57 : 43,Allameh Tabataba ’i University,False,False,False,
15190,1519,Al-Muthanna University,10.3–27.2,15190,20.2,1565,8.5,2119,32.2,1636,16.3,2175,36.9,1412,i-36171881,master_account,0,/world-university-rankings/al-muthanna-university,622839,Iraq,"10,814",11.8,0%,63 : 37,Al-Muthanna University,False,False,False,
15200,1520,Al-Nahrain University,10.3–27.2,15200,29.7,835,8.9,2069,28.8,1724,21.0,1799,24.2,2020,i-25747791,master_account,0,/world-university-rankings/al-nahrain-university,696559,Iraq,"8,087",4.7,0%,57 : 43,Al-Nahrain University,False,False,False,
15210,1521,Al-Qasim Green University,10.3–27.2,15210,22.5,1378,7.9,2173,49.2,1199,16.6,2151,25.0,1982,i-62958382,master_account,0,/world-university-rankings/al-qasim-green-university,681373,Iraq,"3,914",7.0,0%,32 : 68,Al-Qasim Green University,False,False,False,
15220,1522,Al-Quds University,10.3–27.2,15220,22.9,1344,11.0,1748,17.8,1984,21.1,1787,81.2,253,i-42537203,master_account,0,/world-university-rankings/al-quds-university,623568,Palestine,"10,065",10.9,33%,77 : 23,Al-Quds University,False,False,False,
15230,1523,Altai State University,10.3–27.2,15230,23.0,1333,16.4,1171,17.1,1993,25.3,1559,62.1,579,i-05958083,master_account,0,/world-university-rankings/altai-state-university,587730,Russian Federation,"9,271",18.5,27%,56 : 44,Altai State University,False,False,True,
15240,1524,Altınbaş University,10.3–27.2,15240,17.6,1819,11.7,1643,30.3,1680,24.1,1616,54.5,770,i-63491621,master_account,0,/world-university-rankings/altinbas-university,131615,Turkey,"11,126",24.2,51%,41 : 59,Altınbaş University,False,False,False,
15250,1525,Alzahra University,10.3–27.2,15250,27.3,994,16.9,1125,28.1,1742,26.6,1524,28.3,1817,i-94642492,master_account,0,/world-university-rankings/alzahra-university,622260,Iran,"9,275",25.5,2%,100 : 0,Alzahra University,False,False,False,
15260,1526,Amity University - Kolkata,10.3–27.2,15260,18.0,1767,11.5,1667,33.5,1601,22.2,1727,54.9,756,i-21636222,master_account,0,/world-university-rankings/amity-university-kolkata,730295,India,"5,985",15.0,10%,72 : 28,Amity University - Kolkata,False,False,False,
15270,1527,Anáhuac University,10.3–27.2,15270,24.8,1183,9.2,2017,9.6,2147,16.9,2124,33.4,1586,i-53770833,master_account,0,/world-university-rankings/anahuac-university,131566,Mexico,"16,295",8.8,4%,57 : 43,Anáhuac University,False,False,False,
15280,1528,Ankara Yildirim Beyazit University,10.3–27.2,15280,20.1,1579,13.1,1467,29.5,1704,22.5,1706,31.0,1694,i-97168073,master_account,0,/world-university-rankings/ankara-yildirim-beyazit-university,715420,Turkey,"24,127",22.3,10%,55 : 45,Ankara Yildirim Beyazit University,False,False,False,
15290,1529,Antonio Nariño University,10.3–27.2,15290,18.4,1735,8.3,2138,28.9,1722,17.1,2101,51.5,857,i-12420063,master_account,0,/world-university-rankings/antonio-narino-university,131336,Colombia,"13,578",12.7,2%,58 : 42,Antonio Nariño University UAN Universidad Antonio Nariño,False,False,False,
15300,1530,Aoyama Gakuin University,10.3–27.2,15300,16.7,1888,9.4,1984,10.8,2123,29.3,1429,36.4,1436,i-96550391,master_account,0,/world-university-rankings/aoyama-gakuin-university,609369,Japan,"20,622",18.1,5%,49 : 51,Aoyama Gakuin University,False,False,False,
15310,1531,Arak University,10.3–27.2,15310,19.3,1649,14.6,1322,32.9,1613,29.1,1433,35.1,1505,i-19389313,master_account,0,/world-university-rankings/arak-university,622269,Iran,"6,265",19.2,13%,62 : 38,Arak University,False,False,False,
15320,1532,Atılım University,10.3–27.2,15320,16.0,1947,11.5,1668,32.6,1624,24.1,1617,46.4,1055,i-65975223,master_account,6,/world-university-rankings/atilim-university,131628,Turkey,"9,249",22.2,12%,46 : 54,Atılım University Atilim,False,False,False,
15330,1533,Atma Jaya Catholic University of Indonesia,10.3–27.2,15330,18.0,1768,12.7,1522,19.5,1954,22.9,1684,48.4,990,i-23666272,master_account,0,/world-university-rankings/atma-jaya-catholic-university-indonesia,718676,Indonesia,"7,908",17.6,7%,46 : 54,Atma Jaya Catholic University of Indonesia,False,False,False,
15340,1534,Austral University of Chile,10.3–27.2,15340,15.6,1975,17.2,1106,29.2,1716,41.8,1102,52.4,827,i-89891371,master_account,0,/world-university-rankings/austral-university-chile,131762,Chile,"18,781",19.1,1%,55 : 45,Austral University of Chile,False,False,False,
15350,1535,Autonomous University of Baja California,10.3–27.2,15350,14.8,2030,9.0,2054,14.4,2059,18.2,2001,32.3,1629,i-17233162,master_account,0,/world-university-rankings/autonomous-university-baja-california,624489,Mexico,"69,358",21.2,0%,55 : 45,Autonomous University of Baja California UABC Universidad Autónoma de Baja California,False,False,False,
15360,1536,Autonomous University of Guerrero (UAGro),10.3–27.2,15360,16.0,1948,7.7,2181,10.9,2121,17.7,2042,29.7,1751,i-36110052,master_account,0,/world-university-rankings/autonomous-university-guerrero-uagro,625779,Mexico,"34,492",24.3,0%,59 : 41,Autonomous University of Guerrero (UAGro),False,False,False,
15370,1537,Aydın Adnan Menderes University,10.3–27.2,15370,28.4,926,20.3,913,20.0,1942,20.4,1838,22.9,2084,i-25572573,master_account,0,/world-university-rankings/aydin-adnan-menderes-university,624666,Turkey,"13,698",13.8,2%,51 : 49,Aydın Adnan Menderes University,False,False,False,
15380,1538,Azerbaijan State Oil and Industry University,10.3–27.2,15380,25.0,1164,8.1,2157,15.7,2023,19.7,1880,44.7,1118,i-60607001,master_account,0,/world-university-rankings/azerbaijan-state-oil-and-industry-university,670611,Azerbaijan,"12,831",10.3,6%,38 : 62,Azerbaijan State Oil and Industry University,False,False,False,
15390,1539,Azerbaijan Technical University (AzTU),10.3–27.2,15390,26.2,1066,7.5,2188,5.7,2185,30.4,1392,35.9,1466,i-67285405,master_account,0,/world-university-rankings/azerbaijan-technical-university-aztu,710321,Azerbaijan,"9,118",6.9,8%,47 : 53,Azerbaijan Technical University (AzTU),False,False,False,
15400,1540,Babcock University,10.3–27.2,15400,27.6,974,9.9,1910,41.8,1382,16.0,2188,33.5,1578,i-60116702,master_account,0,/world-university-rankings/babcock-university,718492,Nigeria,"13,134",28.1,0%,51 : 49,Babcock University,False,False,False,
15410,1541,Badji Mokhtar University – Annaba,10.3–27.2,15410,39.9,335,8.8,2079,17.0,1994,21.3,1775,35.3,1495,i-06414232,master_account,0,/world-university-rankings/badji-mokhtar-university-annaba,648725,Algeria,"30,510",9.0,2%,75 : 25,Badji Mokhtar University – Annaba,False,False,False,
15420,1542,Baku State University,10.3–27.2,15420,30.1,809,10.1,1878,21.2,1918,21.0,1800,45.4,1090,i-30549171,master_account,11,/world-university-rankings/baku-state-university,131448,Azerbaijan,"19,165",12.1,5%,60 : 40,Baku State University,False,False,False,
15430,1543,Balıkesir University,10.3–27.2,15430,14.6,2042,9.9,1911,15.7,2024,21.0,1801,20.7,2146,i-85340812,master_account,0,/world-university-rankings/balikesir-university,624777,Turkey,"31,117",24.9,2%,48 : 52,Balıkesir University,False,False,False,
15440,1544,"Balochistan University of Information Technology, Engineering and Management Sciences (BUITEMS)",10.3–27.2,15440,10.8,2179,9.5,1974,41.3,1401,20.9,1804,49.9,917,i-62688891,master_account,0,/world-university-rankings/balochistan-university-information-technology-engineering-and-management,131607,Pakistan,"15,352",24.6,0%,22 : 78,"Balochistan University of Information Technology, Engineering and Management Sciences (BUITEMS)",False,False,False,
15450,1545,Bashkir State Medical University,10.3–27.2,15450,28.3,934,10.3,1851,23.5,1867,20.1,1856,49.3,951,i-75575623,master_account,0,/world-university-rankings/bashkir-state-medical-university,702067,Russian Federation,"14,567",9.8,36%,47 : 53,Bashkir State Medical University,False,False,True,
15460,1546,Başkent University,10.3–27.2,15460,20.8,1517,11.8,1634,19.0,1966,24.6,1592,23.1,2073,i-11733843,master_account,0,/world-university-rankings/baskent-university,624636,Turkey,"14,593",13.7,3%,59 : 41,Başkent University,False,False,False,
15470,1547,Belarusian State University,10.3–27.2,15470,24.7,1189,11.1,1730,10.9,2122,45.0,1055,65.8,496,i-52508111,master_account,0,/world-university-rankings/belarusian-state-university,131559,Belarus,"23,445",8.3,22%,58 : 42,Belarusian State University,False,False,True,
15480,1548,Belgorod State National Research University,10.3–27.2,15480,21.8,1427,16.4,1172,11.1,2117,34.9,1267,40.6,1262,i-38042582,master_account,0,/world-university-rankings/belgorod-state-national-research-university,587850,Russian Federation,"17,325",21.2,22%,57 : 43,Belgorod State National Research University,False,False,True,
15490,1549,Benemérita Universidad Autónoma de Puebla,10.3–27.2,15490,23.3,1310,9.8,1925,13.5,2083,21.2,1782,36.0,1458,i-10651426,master_account,0,/world-university-rankings/benemerita-universidad-autonoma-de-puebla,131328,Mexico,"84,699",24.0,1%,53 : 47,Benemérita Universidad Autónoma de Puebla,False,False,False,
15500,1550,Bernardo O’Higgins University,10.3–27.2,15500,14.6,2043,10.8,1780,13.1,2090,22.6,1702,48.6,982,i-74768211,master_account,0,/world-university-rankings/bernardo-ohiggins-university,645977,Chile,"9,085",17.7,2%,66 : 34,Bernardo O’Higgins University,False,False,False,
15510,1551,Beykent University,10.3–27.2,15510,14.4,2056,8.3,2139,21.9,1902,17.4,2068,27.3,1864,i-04642458,master_account,0,/world-university-rankings/beykent-university,618894,Turkey,"19,003",24.0,5%,55 : 45,Beykent University,False,False,False,
15520,1552,Bezmiâlem Vakif University,10.3–27.2,15520,37.8,416,12.0,1599,26.1,1797,22.9,1685,28.6,1805,i-49733964,master_account,0,/world-university-rankings/bezmialem-vakif-university,675426,Turkey,"2,814",8.1,5%,70 : 30,Bezmiâlem Vakif University,False,False,False,
15530,1553,Bharati Vidyapeeth University,10.3–27.2,15530,27.1,1007,11.1,1731,25.1,1823,39.2,1160,20.6,2149,i-40713551,master_account,0,/world-university-rankings/bharati-vidyapeeth-university,623496,India,"10,893",7.6,0%,52 : 48,Bharati Vidyapeeth University,False,False,False,
15540,1554,Bialystok University of Technology,10.3–27.2,15540,23.5,1291,14.0,1372,23.5,1868,28.6,1454,27.6,1850,i-23166471,master_account,0,/world-university-rankings/bialystok-university-technology,660944,Poland,"6,335",11.0,5%,34 : 66,Bialystok University of Technology,False,False,False,
15550,1555,Bilecik Şeyh Edebali University,10.3–27.2,15550,16.3,1910,10.2,1864,31.7,1647,21.7,1754,37.9,1372,i-27250051,master_account,0,/world-university-rankings/bilecik-seyh-edebali-university,720305,Turkey,"12,222",16.7,19%,47 : 53,Bilecik Şeyh Edebali University,False,False,False,
15560,1556,Blida 1 University,10.3–27.2,15560,18.3,1743,8.2,2150,15.7,2025,18.2,2002,35.2,1501,i-51400012,master_account,0,/world-university-rankings/blida-1-university,688720,Algeria,"31,068",22.5,2%,65 : 35,Blida 1 University,False,False,False,
15570,1557,Bogomolets National Medical University,10.3–27.2,15570,24.0,1238,9.9,1912,9.8,2145,17.4,2069,26.4,1909,i-35446644,master_account,0,/world-university-rankings/bogomolets-national-medical-university,730192,Ukraine,"10,627",7.9,8%,,Bogomolets National Medical University,False,False,False,
15580,1558,Bolu Abant Izzet Baysal University,10.3–27.2,15580,17.1,1859,9.7,1944,29.2,1717,19.0,1939,38.0,1369,i-17705242,master_account,0,/world-university-rankings/bolu-abant-izzet-baysal-university,624660,Turkey,"26,718",24.9,16%,56 : 44,Bolu Abant Izzet Baysal University,False,False,False,
15590,1559,Bozok University,10.3–27.2,15590,13.6,2099,10.0,1889,26.7,1782,17.1,2102,30.5,1718,i-79150783,master_account,0,/world-university-rankings/bozok-university,624786,Turkey,"15,781",18.8,9%,51 : 49,Bozok University,False,False,False,
15600,1560,B. S. Abdur Rahman Crescent Institute of Science and Technology,10.3–27.2,15600,20.1,1580,10.6,1805,39.4,1448,26.2,1536,25.1,1980,i-13423284,master_account,0,/world-university-rankings/b-s-abdur-rahman-crescent-institute-science-and-technology,670524,India,"9,428",16.5,0%,28 : 72,B. S. Abdur Rahman Crescent Institute of Science and Technology,False,False,False,
15610,1561,Burapha University,10.3–27.2,15610,17.4,1837,10.1,1879,14.1,2068,24.5,1599,29.1,1778,i-37433181,master_account,0,/world-university-rankings/burapha-university,623172,Thailand,"26,526",18.4,2%,68 : 32,Burapha University burapha thailand BUU,False,False,False,
15620,1562,Burdur Mehmet Akif Ersoy University,10.3–27.2,15620,12.6,2145,9.6,1954,34.9,1562,18.9,1949,23.5,2054,i-13531971,master_account,0,/world-university-rankings/burdur-mehmet-akif-ersoy-university,670377,Turkey,"25,140",24.8,3%,54 : 46,Burdur Mehmet Akif Ersoy University,False,False,False,
15630,1563,Bursa Technical University,10.3–27.2,15630,13.6,2101,8.7,2091,23.3,1874,22.8,1691,34.5,1534,i-50689703,master_account,0,/world-university-rankings/bursa-technical-university,710327,Turkey,"11,418",21.0,13%,47 : 53,Bursa Technical University,False,False,False,
15640,1564,Bursa Uludağ University,10.3–27.2,15640,19.3,1651,10.2,1865,23.4,1870,26.5,1528,36.0,1460,i-19912293,master_account,0,/world-university-rankings/bursa-uludag-university,624633,Turkey,"48,233",20.3,13%,67 : 33,Bursa Uludağ University,False,False,False,
15650,1565,Çanakkale Onsekiz Mart University,10.3–27.2,15650,14.3,2060,18.6,999,19.5,1955,21.4,1769,24.7,1991,i-99349223,master_account,0,/world-university-rankings/canakkale-onsekiz-mart-university,622845,Turkey,"46,824",23.6,5%,52 : 48,Çanakkale Onsekiz Mart University,False,False,False,
15660,1566,Çankırı Karatekin University,10.3–27.2,15660,14.4,2057,18.0,1048,23.0,1882,17.1,2103,31.9,1648,i-34354022,master_account,0,/world-university-rankings/cankiri-karatekin-university,701303,Turkey,"12,279",21.9,12%,55 : 45,Çankırı Karatekin University,False,False,False,
15670,1567,Capital University,10.3–27.2,15670,22.7,1358,9.0,2055,43.1,1340,23.0,1677,47.6,1010,i-96650651,master_account,0,/world-university-rankings/capital-university-0,646157,Egypt,"153,935",23.9,1%,56 : 44,Capital University,False,False,False,
15680,1568,Cardinal Stefan Wyszyński University in Warsaw,10.3–27.2,15680,27.6,975,22.1,808,29.1,1719,18.3,1994,29.8,1746,i-70604143,master_account,0,/world-university-rankings/cardinal-stefan-wyszynski-university-warsaw,660959,Poland,"10,253",12.7,2%,64 : 36,Cardinal Stefan Wyszyński University in Warsaw,False,False,False,
15690,1569,Catholic University of Brasília,10.3–27.2,15690,25.5,1128,25.3,664,13.6,2080,22.2,1728,37.4,1391,i-59060721,master_account,0,/world-university-rankings/catholic-university-brasilia,623976,Brazil,"7,990",20.7,0%,54 : 46,Catholic University of Brasília,False,False,False,
15700,1570,Catholic University of the North,10.3–27.2,15700,14.7,2038,14.9,1293,33.8,1594,19.9,1869,61.0,604,i-37253453,master_account,0,/world-university-rankings/catholic-university-north,623082,Chile,"11,793",19.9,4%,47 : 53,Catholic University of the North,False,False,False,
15710,1571,Ceará State University,10.3–27.2,15710,24.9,1173,12.0,1600,10.2,2133,19.8,1877,22.0,2115,i-10673781,master_account,0,/world-university-rankings/ceara-state-university,639047,Brazil,"14,109",13.0,0%,60 : 40,Ceará State University,False,False,False,
15720,1572,Central University of Venezuela,10.3–27.2,15720,24.2,1225,8.6,2104,14.1,2069,19.4,1905,48.7,979,i-76296512,master_account,0,/world-university-rankings/central-university-venezuela,131683,Venezuela,"27,604",7.8,1%,54 : 46,Central University of Venezuela,False,False,False,
15730,1573,Centro Federal de Educação Tecnológica Celso Suckow da Fonseca (CEFET-RJ),10.3–27.2,15730,15.5,1988,10.1,1880,26.3,1793,18.6,1977,36.3,1439,i-59594301,master_account,0,/world-university-rankings/centro-federal-de-educacao-tecnologica-celso-suckow-da-fonseca-cefet-rj,724771,Brazil,"19,873",22.2,0%,36 : 64,Centro Federal de Educação Tecnológica Celso Suckow da Fonseca (CEFET-RJ),False,False,False,
15740,1574,Centurion University of Technology and Management,10.3–27.2,15740,15.3,2000,13.0,1480,41.1,1407,43.4,1078,27.4,1858,i-68821902,master_account,0,/world-university-rankings/centurion-university-technology-and-management,624963,India,"12,028",21.4,2%,27 : 73,Centurion University of Technology and Management,False,False,False,
15750,1575,CES University,10.3–27.2,15750,21.7,1437,9.5,1975,10.4,2129,16.9,2126,37.9,1373,i-08198966,master_account,0,/world-university-rankings/ces-university,625599,Colombia,"7,673",10.5,2%,70 : 30,CES University,False,False,False,
15760,1576,CEU Universities,10.3–27.2,15760,21.9,1421,11.8,1635,33.9,1588,26.4,1532,49.8,922,i-73640621,master_account,0,/world-university-rankings/ceu-universities,691309,Spain,"21,391",12.6,20%,64 : 36,CEU Universities,False,False,False,
15770,1577,Chang Gung University of Science and Technology,10.3–27.2,15770,16.1,1933,15.2,1274,39.8,1441,41.8,1103,21.0,2141,i-04415903,master_account,0,/world-university-rankings/chang-gung-university-science-and-technology,707870,Taiwan,"6,113",18.6,0%,89 : 11,Chang Gung University of Science and Technology,False,False,False,
15780,1578,Chelyabinsk State University,10.3–27.2,15780,12.9,2131,10.6,1806,9.6,2148,17.3,2080,25.4,1966,i-65919573,master_account,0,/world-university-rankings/chelyabinsk-state-university,670419,Russian Federation,"13,208",23.4,2%,57 : 43,Chelyabinsk State University,False,False,True,
15790,1579,Chiba Institute of Technology,10.3–27.2,15790,14.5,2049,8.5,2120,15.2,2041,35.5,1253,21.3,2130,i-19257836,master_account,0,/world-university-rankings/chiba-institute-technology,131383,Japan,"10,048",24.6,2%,15 : 85,Chiba Institute of Technology,False,False,False,
15800,1580,Chinese Culture University,10.3–27.2,15800,14.8,2031,11.9,1620,15.8,2021,34.2,1290,30.0,1734,i-30975473,master_account,0,/world-university-rankings/chinese-culture-university,623859,Taiwan,"18,673",21.2,7%,48 : 52,Chinese Culture University,False,False,False,
15810,1581,Chosun University,10.3–27.2,15810,25.2,1146,23.1,752,25.8,1803,75.0,404,31.0,1695,i-23344691,master_account,0,/world-university-rankings/chosun-university,623973,South Korea,"19,223",25.1,2%,47 : 53,Chosun University,False,False,False,
15820,1582,Christ University,10.3–27.2,15820,15.6,1976,14.5,1330,52.0,1116,22.1,1733,24.5,2002,i-48882101,master_account,0,/world-university-rankings/christ-university,587739,India,"35,193",20.3,1%,52 : 48,Christ University,False,False,False,
15830,1583,Chubu University,10.3–27.2,15830,17.2,1853,11.5,1669,15.0,2045,38.9,1170,36.3,1440,i-39452472,master_account,0,/world-university-rankings/chubu-university,609480,Japan,"9,261",17.5,1%,28 : 72,Chubu University,False,False,False,
15840,1584,Chung Shan Medical University,10.3–27.2,15840,20.3,1557,21.4,852,31.7,1648,63.0,692,22.2,2108,i-99827142,master_account,0,/world-university-rankings/chung-shan-medical-university,622908,Taiwan,"7,085",17.5,3%,65 : 35,Chung Shan Medical University,False,False,False,
15850,1585,Chuo University,10.3–27.2,15850,18.2,1750,10.8,1781,14.7,2051,37.0,1216,31.0,1696,i-14456563,master_account,0,/world-university-rankings/chuo-university,589244,Japan,"27,005",20.2,4%,38 : 62,Chuo University,False,False,False,
15860,1586,Communication University of China,10.3–27.2,15860,25.7,1108,16.4,1173,29.4,1707,56.8,812,24.3,2015,i-58960181,master_account,0,/world-university-rankings/communication-university-china,625068,China,"18,027",15.5,2%,68 : 32,Communication University of China,False,False,False,
15870,1587,Cracow University of Technology,10.3–27.2,15870,25.9,1091,10.4,1837,32.7,1618,30.5,1388,33.6,1571,i-72607153,master_account,1,/world-university-rankings/cracow-university-technology,654374,Poland,"12,400",11.0,7%,38 : 62,Cracow University of Technology,False,False,False,
15880,1588,Cukurova University,10.3–27.2,15880,22.3,1391,13.8,1397,32.5,1630,33.7,1302,29.8,1747,i-17423921,master_account,0,/world-university-rankings/cukurova-university,131372,Turkey,"33,663",22.9,3%,47 : 53,Cukurova University,False,False,False,
15890,1589,Damascus University,10.3–27.2,15890,12.5,2150,8.3,2140,12.1,2103,18.1,2009,45.8,1072,i-28170564,master_account,0,/world-university-rankings/damascus-university,709682,Syria,"163,499",56.8,7%,69 : 31,Damascus University,False,False,False,
15900,1590,Damghan University,10.3–27.2,15900,18.0,1771,10.8,1782,36.2,1528,19.9,1870,32.0,1643,i-52421514,master_account,0,/world-university-rankings/damghan-university,690010,Iran,"4,893",15.9,1%,62 : 38,Damghan University,False,False,False,
15910,1591,Dankook University,10.3–27.2,15910,23.1,1327,14.7,1309,27.8,1750,51.1,923,26.7,1898,i-55871024,master_account,0,/world-university-rankings/dankook-university,621468,South Korea,"26,277",16.6,5%,54 : 46,Dankook University,False,False,False,
15920,1592,De La Salle University,10.3–27.2,15920,18.3,1744,12.6,1528,31.4,1656,24.1,1618,29.1,1779,i-78528963,master_account,0,/world-university-rankings/de-la-salle-university,131696,Philippines,"22,790",18.5,2%,51 : 49,De La Salle University DLSU DeLaSalle,False,False,False,
15930,1593,Del Rosario University,10.3–27.2,15930,21.5,1454,16.2,1186,32.3,1633,30.5,1389,49.8,923,i-73732274,master_account,0,/world-university-rankings/del-rosario-university,623337,Colombia,"10,119",12.4,4%,59 : 41,Del Rosario University,False,False,False,
15940,1594,"Delta State University, Abraka",10.3–27.2,15940,13.5,2106,9.4,1986,15.1,2044,16.3,2176,24.0,2031,i-36977844,master_account,0,/world-university-rankings/delta-state-university-abraka,718247,Nigeria,"40,979",38.3,0%,58 : 42,"Delta State University, Abraka",False,False,False,
15950,1595,Dicle University,10.3–27.2,15950,23.9,1246,9.6,1955,18.2,1979,22.4,1712,25.0,1985,i-41135137,master_account,0,/world-university-rankings/dicle-university,624639,Turkey,"42,576",21.4,6%,46 : 54,Dicle University,False,False,False,
15960,1596,Diponegoro University,10.3–27.2,15960,32.5,666,16.8,1140,23.0,1883,45.4,1042,40.7,1258,i-48288172,master_account,0,/world-university-rankings/diponegoro-university,589100,Indonesia,"36,538",16.8,4%,66 : 34,Diponegoro University,False,False,False,
15970,1597,Dnipro University of Technology,10.3–27.2,15970,13.0,2125,7.6,2185,47.1,1254,17.6,2050,27.1,1878,i-27773892,master_account,0,/world-university-rankings/dnipro-university-technology,730612,Ukraine,"13,079",20.8,0%,27 : 73,Dnipro University of Technology,False,False,False,
15980,1598,Dokkyo Medical University,10.3–27.2,15980,28.1,945,10.9,1767,27.8,1751,37.4,1202,19.4,2166,i-17352059,master_account,0,/world-university-rankings/dokkyo-medical-university,609390,Japan,"1,301",1.5,1%,55 : 45,Dokkyo Medical University,False,False,False,
15990,1599,Dokuz Eylül University,10.3–27.2,15990,27.7,968,15.9,1208,27.2,1769,64.6,648,30.8,1704,i-89947459,master_account,0,/world-university-rankings/dokuz-eylul-university,624921,Turkey,"58,554",27.8,10%,49 : 51,Dokuz Eylül University,False,False,False,
16000,1600,Don State Technical University,10.3–27.2,16000,20.9,1505,10.3,1853,21.0,1925,24.6,1593,30.8,1705,i-46812301,master_account,0,/world-university-rankings/don-state-technical-university,587727,Russian Federation,"26,083",13.9,12%,54 : 46,Don State Technical University,False,False,True,
16010,1601,Doshisha University,10.3–27.2,16010,18.1,1761,11.1,1732,12.4,2099,35.5,1254,34.1,1552,i-77346013,master_account,0,/world-university-rankings/doshisha-university,589211,Japan,"26,715",18.1,4%,42 : 58,Doshisha University,False,False,False,
16020,1602,Dow University of Health Sciences,10.3–27.2,16020,24.5,1200,10.4,1838,27.9,1747,19.3,1910,47.3,1024,i-06664602,master_account,0,/world-university-rankings/dow-university-health-sciences,623523,Pakistan,"8,085",7.9,5%,74 : 26,Dow University of Health Sciences,False,False,False,
16030,1603,Dr. M.G.R. Educational and Research Institute,10.3–27.2,16030,18.6,1717,8.6,2105,25.3,1818,16.8,2136,22.5,2098,i-61634293,master_account,0,/world-university-rankings/dr-mgr-educational-and-research-institute,624969,India,"31,849",12.8,0%,35 : 65,Dr. M.G.R. Educational and Research Institute,False,False,False,
16040,1604,Kütahya Dumlupınar University,10.3–27.2,16040,11.5,2172,10.6,1808,25.1,1824,19.4,1906,39.2,1313,i-69156713,master_account,0,/world-university-rankings/kutahya-dumlupinar-university,624363,Turkey,"51,517",59.1,20%,26 : 74,Kütahya Dumlupınar University,False,False,False,
16050,1605,Dunarea de Jos University of Galati,10.3–27.2,16050,20.0,1590,10.2,1866,32.3,1634,19.0,1941,46.2,1064,i-27318911,master_account,0,/world-university-rankings/dunarea-de-jos-university-galati,691291,Romania,"12,770",15.9,23%,58 : 42,Dunarea de Jos University of Galati,False,False,False,
16060,1606,Durban University of Technology,10.3–27.2,16060,17.9,1783,14.0,1373,38.1,1480,25.0,1575,51.2,867,i-99607393,master_account,0,/world-university-rankings/durban-university-technology,692170,South Africa,"27,036",31.4,1%,56 : 44,Durban University of Technology,False,False,False,
16070,1607,EAFIT University,10.3–27.2,16070,17.4,1840,11.1,1734,18.4,1977,21.3,1776,46.5,1052,i-11567473,master_account,0,/world-university-rankings/eafit-university,623925,Colombia,"12,722",19.0,2%,43 : 57,EAFIT University,False,False,False,
16080,1608,East China University of Technology,10.3–27.2,16080,15.6,1977,10.0,1890,26.1,1798,37.1,1212,19.3,2170,i-63363291,master_account,0,/world-university-rankings/east-china-university-technology,716885,China,"26,036",15.6,0%,35 : 65,East China University of Technology,False,False,False,
16090,1609,East West University,10.3–27.2,16090,11.2,2176,9.3,2003,41.7,1391,17.8,2029,33.9,1559,i-89603341,master_account,0,/world-university-rankings/east-west-university-0,718465,Bangladesh,"12,156",26.8,0%,51 : 49,East West University,False,False,False,
16100,1610,Ehime University,10.3–27.2,16100,25.8,1102,14.8,1300,26.7,1783,54.5,858,31.8,1656,i-98350403,master_account,0,/world-university-rankings/ehime-university,131814,Japan,"8,855",9.9,2%,40 : 60,Ehime University,False,False,False,
16110,1611,Ekiti State University,10.3–27.2,16110,24.2,1226,10.1,1881,17.3,1988,16.4,2167,31.6,1664,i-56223643,master_account,0,/world-university-rankings/ekiti-state-university,718268,Nigeria,"13,983",25.6,%,63 : 37,Ekiti State University,False,False,False,
16120,1612,El Bosque University,10.3–27.2,16120,23.6,1280,9.0,2056,27.1,1773,17.7,2043,42.5,1187,i-89295531,master_account,0,/world-university-rankings/el-bosque-university,625542,Colombia,"15,881",7.6,2%,60 : 40,El Bosque University,False,False,False,
16130,1613,Erzincan Binali Yıldırım University,10.3–27.2,16130,13.0,2126,9.1,2037,38.1,1481,18.1,2010,25.6,1956,i-87305713,master_account,0,/world-university-rankings/erzincan-binali-yildirim-university,699580,Turkey,"24,090",20.4,4%,48 : 52,Erzincan Binali Yıldırım University,False,False,False,
16140,1614,Escuela Politécnica Nacional,10.3–27.2,16140,18.7,1709,9.8,1926,26.7,1784,24.6,1594,47.4,1021,i-22927093,master_account,0,/world-university-rankings/escuela-politecnica-nacional,131401,Ecuador,"7,569",14.2,2%,30 : 70,Escuela Politécnica Nacional,False,False,False,
16150,1615,Escuela Superior Politécnica del Litoral,10.3–27.2,16150,22.4,1386,9.7,1945,35.8,1540,31.3,1366,56.7,709,i-37358949,master_account,0,/world-university-rankings/escuela-superior-politecnica-del-litoral,624540,Ecuador,"10,308",8.9,1%,39 : 61,Escuela Superior Politécnica del Litoral,False,False,False,
16160,1616,Eskişehir Osmangazi University,10.3–27.2,16160,20.6,1538,22.6,785,26.3,1794,24.6,1595,27.0,1885,i-41577923,master_account,0,/world-university-rankings/eskisehir-osmangazi-university,624648,Turkey,"30,370",24.9,6%,47 : 53,Eskişehir Osmangazi University,False,False,False,
16170,1617,Eskişehir Technical University,10.3–27.2,16170,20.7,1532,9.8,1927,23.1,1881,23.0,1678,23.7,2044,i-22904341,master_account,0,/world-university-rankings/eskisehir-technical-university,709538,Turkey,"11,805",16.0,3%,43 : 57,Eskişehir Technical University,False,False,False,
16180,1618,Far Eastern Federal University,10.3–27.2,16180,29.1,877,18.4,1015,16.4,2006,30.3,1398,60.5,613,i-56428935,master_account,0,/world-university-rankings/far-eastern-federal-university,131577,Russian Federation,"18,054",15.6,21%,59 : 41,Far Eastern Federal University,False,False,True,
16190,1619,"Federal Institute of Education, Science and Technology of São Paulo",10.3–27.2,16190,12.6,2146,7.1,2190,8.8,2155,17.5,2058,23.3,2062,i-49176872,master_account,0,/world-university-rankings/federal-institute-education-science-and-technology-sao-paulo,720726,Brazil,"70,000",20.0,0%,37 : 63,"Federal Institute of Education, Science and Technology of São Paulo",False,False,False,
16200,1620,Federal Rural University of Pernambuco,10.3–27.2,16200,30.4,780,10.3,1854,19.8,1947,24.1,1619,24.6,1996,i-40834688,master_account,0,/world-university-rankings/federal-rural-university-pernambuco,639020,Brazil,"14,329",12.6,0%,53 : 47,Federal Rural University of Pernambuco,False,False,False,
16210,1621,"Federal University of Agriculture, Abeokuta",10.3–27.2,16210,17.7,1808,8.8,2080,24.3,1845,21.1,1788,34.8,1515,i-87402319,master_account,0,/world-university-rankings/federal-university-agriculture-abeokuta,706663,Nigeria,"21,219",37.0,0%,39 : 61,"Federal University of Agriculture, Abeokuta",False,False,False,
16220,1622,Federal University of Espírito Santo,10.3–27.2,16220,24.2,1227,12.8,1507,25.5,1810,53.0,884,30.0,1735,i-58377221,master_account,0,/world-university-rankings/federal-university-espirito-santo,625284,Brazil,"30,434",17.2,1%,55 : 45,Federal University of Espírito Santo,False,False,False,
16230,1623,Federal University of Goiás,10.3–27.2,16230,31.8,701,23.7,733,25.4,1812,25.4,1555,30.6,1714,i-03763784,master_account,0,/world-university-rankings/federal-university-goias,131286,Brazil,"23,032",11.5,1%,42 : 58,Federal University of Goiás,False,False,False,
16240,1624,Federal University of Lavras,10.3–27.2,16240,30.8,766,19.0,981,28.7,1729,32.8,1325,29.9,1741,i-18305583,master_account,0,/world-university-rankings/federal-university-lavras,131376,Brazil,"13,186",17.1,2%,49 : 51,Federal University of Lavras,False,False,False,
16250,1625,Federal University of Mato Grosso do Sul,10.3–27.2,16250,24.0,1240,14.5,1331,25.6,1807,37.8,1191,32.3,1630,i-33895354,master_account,0,/world-university-rankings/federal-university-mato-grosso-do-sul,621771,Brazil,"23,578",13.3,1%,56 : 44,Federal University of Mato Grosso do Sul,False,False,False,
16260,1626,Federal University of Pará,10.3–27.2,16260,25.2,1147,12.9,1493,21.8,1903,28.4,1459,26.5,1905,i-93076146,master_account,0,/world-university-rankings/federal-university-para,649211,Brazil,"49,025",18.1,0%,55 : 45,Federal University of Pará,False,False,False,
16270,1627,Federal University of Pelotas,10.3–27.2,16270,25.1,1157,14.1,1363,30.0,1688,25.0,1576,27.2,1870,i-33550331,master_account,0,/world-university-rankings/federal-university-pelotas,623460,Brazil,"21,972",14.9,1%,57 : 43,Federal University of Pelotas,False,False,False,
16280,1628,Federal University of Rio Grande do Norte (UFRN),10.3–27.2,16280,26.4,1059,15.7,1227,26.8,1781,43.3,1080,33.2,1595,i-00309431,master_account,0,/world-university-rankings/federal-university-rio-grande-do-norte-ufrn,584736,Brazil,"52,086",19.7,0%,47 : 53,Federal University of Rio Grande do Norte (UFRN),False,False,False,
16290,1629,Federal University of Santa Maria,10.3–27.2,16290,26.9,1023,14.0,1375,34.0,1586,37.2,1211,27.7,1845,i-66763053,master_account,0,/world-university-rankings/federal-university-santa-maria,131632,Brazil,"27,692",14.2,1%,55 : 45,Federal University of Santa Maria,False,False,False,
16300,1630,Federal University of Technology Akure,10.3–27.2,16300,24.4,1209,12.2,1576,40.0,1435,23.9,1634,46.6,1049,i-55010164,master_account,0,/world-university-rankings/federal-university-technology-akure,718250,Nigeria,"18,945",20.5,0%,26 : 74,Federal University of Technology Akure,False,False,False,
16310,1631,"Federal University of Technology, Owerri",10.3–27.2,16310,25.2,1148,8.3,2141,23.7,1860,26.9,1514,40.5,1269,i-08640982,master_account,0,/world-university-rankings/federal-university-technology-owerri,720911,Nigeria,"24,469",18.5,0%,32 : 68,"Federal University of Technology, Owerri",False,False,False,
16320,1632,Federal University of Uberlândia,10.3–27.2,16320,24.9,1174,13.1,1468,39.1,1454,39.4,1156,25.9,1937,i-76538491,master_account,0,/world-university-rankings/federal-university-uberlandia,623493,Brazil,"26,116",14.2,1%,52 : 48,Federal University of Uberlândia,False,False,False,
16330,1633,Federal University of Viçosa,10.3–27.2,16330,30.4,781,12.4,1552,23.4,1871,28.7,1450,27.5,1853,i-94137114,master_account,0,/world-university-rankings/federal-university-vicosa,131785,Brazil,"18,831",9.9,3%,56 : 44,Federal University of Viçosa,False,False,False,
16340,1634,Federal University Oye-Ekiti,10.3–27.2,16340,10.3,2185,9.2,2018,16.5,2005,16.3,2177,39.9,1284,i-79364928,master_account,0,/world-university-rankings/federal-university-oye-ekiti,699789,Nigeria,"44,401",45.8,0%,49 : 51,Federal University Oye-Ekiti,False,False,False,
16350,1635,Federico Santa María Technical University,10.3–27.2,16350,14.5,2050,12.9,1494,33.0,1610,40.7,1129,53.8,784,i-27586865,master_account,0,/world-university-rankings/federico-santa-maria-technical-university,1024,Chile,"19,907",27.1,2%,26 : 74,Federico Santa María Technical University,False,False,False,
16360,1636,Feng Chia University,10.3–27.2,16360,16.9,1877,18.2,1032,24.2,1848,70.7,499,35.6,1478,i-39372082,master_account,0,/world-university-rankings/feng-chia-university,911,Taiwan,"20,114",23.0,6%,41 : 59,Feng Chia University,False,False,False,
16370,1637,Ferhat Abbas Sétif University 1,10.3–27.2,16370,15.3,2001,8.5,2122,36.0,1534,20.9,1805,39.0,1326,i-51244932,master_account,0,/world-university-rankings/ferhat-abbas-setif-university-1,649277,Algeria,"40,578",25.2,0%,63 : 37,Ferhat Abbas Sétif University 1,False,False,False,
16380,1638,Fluminense Federal University,10.3–27.2,16380,23.6,1281,13.4,1434,27.9,1748,27.2,1502,31.5,1671,i-51901642,master_account,0,/world-university-rankings/fluminense-federal-university,131557,Brazil,"71,079",20.2,0%,48 : 52,Fluminense Federal University,False,False,False,
16390,1639,Gaziantep University,10.3–27.2,16390,19.0,1677,12.4,1553,33.5,1603,23.5,1652,43.2,1165,i-18055721,master_account,0,/world-university-rankings/gaziantep-university,624375,Turkey,"35,026",37.9,15%,40 : 60,Gaziantep University,False,False,False,
16400,1640,Gdynia Maritime University,10.3–27.2,16400,23.4,1305,11.5,1671,15.5,2032,54.2,864,21.2,2134,i-86909133,master_account,0,/world-university-rankings/gdynia-maritime-university,661043,Poland,"3,279",10.2,3%,29 : 71,Gdynia Maritime University,False,False,False,
16410,1641,"George Emil Palade University of Medicine, Pharmacy, Science, and Technology of Targu Mures",10.3–27.2,16410,17.9,1784,12.8,1508,38.5,1469,23.0,1679,35.3,1496,i-06873932,master_account,0,/world-university-rankings/george-emil-palade-university-medicine-pharmacy-science-and-technology,676605,Romania,"9,743",17.7,14%,63 : 37,"George Emil Palade University of Medicine, Pharmacy, Science, and Technology of Targu Mures",False,False,False,
16420,1642,Georgian Technical University,10.3–27.2,16420,29.8,830,9.0,2057,14.5,2056,17.0,2117,39.1,1318,i-98039952,master_account,0,/world-university-rankings/georgian-technical-university,716978,Georgia,"17,297",13.8,3%,24 : 76,Georgian Technical University,False,False,False,
16430,1643,Georgia Southern University,10.3–27.2,16430,18.3,1746,12.2,1577,37.2,1506,34.7,1276,32.6,1622,i-38833702,public,0,/world-university-rankings/georgia-southern-university,592250,United States,"21,920",19.6,3%,59 : 41,Georgia Southern University,False,False,False,https://www.timeshighereducation.com/student/register-interest/shorelight?utm_medium=thewebsite&utm_campaign=cta-link&utm_source=rankings&iid=i-38833702
16440,1644,Gheorghe Asachi Technical University of Iaşi,10.3–27.2,16440,18.2,1751,10.2,1867,21.5,1907,33.9,1300,33.6,1572,i-96293613,master_account,0,/world-university-rankings/gheorghe-asachi-technical-university-iasi,709502,Romania,"13,126",22.4,13%,30 : 70,Gheorghe Asachi Technical University of Iaşi,False,False,False,
16450,1645,Giresun University,10.3–27.2,16450,12.2,2155,9.2,2019,29.3,1710,16.7,2147,23.9,2035,i-66348284,master_account,0,/world-university-rankings/giresun-university,717317,Turkey,"26,576",25.5,6%,50 : 50,Giresun University,False,False,False,
16460,1646,GITAM University,10.3–27.2,16460,21.7,1438,10.5,1821,29.3,1711,21.6,1760,27.0,1886,i-47687821,master_account,0,/world-university-rankings/gitam-university,625692,India,"27,238",13.2,2%,38 : 62,GITAM University,False,False,False,
16470,1647,GMR Institute of Technology,10.3–27.2,16470,15.4,1996,10.0,1892,52.0,1117,18.8,1957,22.9,2086,i-47495252,master_account,0,/world-university-rankings/gmr-institute-technology,723785,India,"4,130",16.7,0%,32 : 68,GMR Institute of Technology,False,False,False,
16480,1648,Goa University,10.3–27.2,16480,33.9,592,13.3,1444,28.7,1730,28.0,1470,24.3,2016,i-64996282,master_account,0,/world-university-rankings/goa-university,719220,India,"2,771",11.0,4%,64 : 36,Goa University,False,False,False,
16490,1649,Grand Valley State University,10.3–27.2,16490,21.2,1478,9.4,1987,31.6,1651,28.5,1457,36.1,1450,i-45706002,public,0,/world-university-rankings/grand-valley-state-university,593057,United States,"18,621",13.9,3%,62 : 38,Grand Valley State University,False,False,False,https://www.timeshighereducation.com/student/register-interest/shorelight?utm_medium=thewebsite&utm_campaign=cta-link&utm_source=rankings&iid=i-45706002
16500,1650,Grigore T. Popa University of Medicine and Pharmacy,10.3–27.2,16500,23.8,1258,10.7,1789,21.5,1908,23.9,1635,41.1,1244,i-46744372,master_account,0,/world-university-rankings/grigore-t-popa-university-medicine-and-pharmacy,624561,Romania,"10,110",10.5,28%,68 : 32,Grigore T. Popa University of Medicine and Pharmacy,False,False,False,
16510,1651,Guangxi Normal University,10.3–27.2,16510,16.1,1935,11.1,1735,47.9,1234,40.0,1145,22.1,2110,i-18112432,master_account,0,/world-university-rankings/guangxi-normal-university,623151,China,"38,955",18.4,2%,69 : 31,Guangxi Normal University,False,False,False,
16520,1652,Gubkin Russian State University of Oil and Gas,10.3–27.2,16520,21.4,1465,10.7,1790,10.3,2131,44.9,1057,24.1,2025,i-90534226,master_account,0,/world-university-rankings/gubkin-russian-state-university-oil-and-gas,131765,Russian Federation,"11,120",14.3,5%,33 : 67,Gubkin Russian State University of Oil and Gas,False,False,True,
16530,1653,Gunma University,10.3–27.2,16530,27.9,958,13.4,1435,24.2,1849,66.3,610,27.4,1859,i-23340351,master_account,0,/world-university-rankings/gunma-university,589373,Japan,"6,155",7.4,5%,39 : 61,Gunma University,False,False,False,
16540,1654,Guru Ghasidas Vishwavidyalaya,10.3–27.2,16540,20.1,1582,11.5,1672,50.8,1153,22.9,1686,23.6,2052,i-12548662,master_account,0,/world-university-rankings/guru-ghasidas-vishwavidyalaya,714955,India,"9,784",22.4,0%,41 : 59,Guru Ghasidas Vishwavidyalaya,False,False,False,
16550,1655,Halu Oleo University,10.3–27.2,16550,16.3,1912,8.7,2092,13.7,2076,17.0,2118,20.1,2157,i-78292752,master_account,0,/world-university-rankings/halu-oleo-university,719219,Indonesia,"40,051",15.5,0%,60 : 40,Halu Oleo University,False,False,False,
16560,1656,Hanoi University of Science and Technology,10.3–27.2,16560,14.5,2051,16.9,1128,30.5,1676,66.1,614,35.3,1497,i-72283002,master_account,0,/world-university-rankings/hanoi-university-science-and-technology,625848,Vietnam,"39,204",35.8,0%,20 : 80,Hanoi University of Science and Technology,False,False,False,
16570,1657,Harran University,10.3–27.2,16570,16.8,1885,9.9,1913,48.1,1229,19.1,1931,27.7,1846,i-15656331,master_account,0,/world-university-rankings/harran-university,624672,Turkey,"16,845",18.9,7%,48 : 52,Harran University,False,False,False,
16580,1658,Hasanuddin University,10.3–27.2,16580,21.6,1443,11.5,1674,28.0,1744,31.3,1367,25.9,1940,i-44146893,master_account,0,/world-university-rankings/hasanuddin-university,670491,Indonesia,"37,300",14.8,1%,61 : 39,Hasanuddin University,False,False,False,
16590,1659,Hassiba Benbouali University of Chlef,10.3–27.2,16590,16.2,1923,12.0,1601,45.2,1296,31.1,1369,42.2,1199,i-49919642,master_account,0,/world-university-rankings/hassiba-benbouali-university-chlef,670428,Algeria,"30,568",20.5,1%,66 : 34,Hassiba Benbouali University of Chlef,False,False,False,
16600,1660,Hatay Mustafa Kemal University,10.3–27.2,16600,14.6,2044,9.4,1988,21.8,1904,18.1,2011,21.9,2119,i-78160014,master_account,0,/world-university-rankings/hatay-mustafa-kemal-university,621486,Turkey,"18,234",20.3,3%,49 : 51,Hatay Mustafa Kemal University,False,False,False,
16610,1661,Hellenic Open University,10.3–27.2,16610,23.8,1259,8.9,2070,44.4,1311,16.8,2137,27.3,1866,i-62118411,master_account,0,/world-university-rankings/hellenic-open-university,622875,Greece,"21,185",7.3,1%,65 : 35,Hellenic Open University,False,False,False,
16620,1662,Herzen State Pedagogical University of Russia,10.3–27.2,16620,20.7,1533,12.9,1495,9.8,2146,18.6,1979,39.1,1319,i-85014943,master_account,0,/world-university-rankings/herzen-state-pedagogical-university-russia,624057,Russian Federation,"17,884",16.0,21%,72 : 28,Herzen State Pedagogical University of Russia,False,False,True,
16630,1663,Hirosaki University,10.3–27.2,16630,24.8,1185,15.0,1289,30.0,1690,53.2,881,29.9,1742,i-19142783,master_account,0,/world-university-rankings/hirosaki-university,609222,Japan,"6,845",9.9,1%,,Hirosaki University,False,False,False,
16640,1664,Hitit University,10.3–27.2,16640,22.7,1360,10.7,1791,15.7,2026,17.8,2031,29.0,1784,i-18426644,master_account,0,/world-university-rankings/hitit-university,717286,Turkey,"11,234",24.8,10%,40 : 60,Hitit University,False,False,False,
16650,1665,Hormozgan University of Medical Sciences,10.3–27.2,16650,40.5,323,11.0,1752,26.2,1796,18.8,1958,26.6,1901,i-60930264,master_account,0,/world-university-rankings/hormozgan-university-medical-sciences,724836,Iran,"3,672",11.3,2%,54 : 46,Hormozgan University of Medical Sciences,False,False,False,
16660,1666,Hue University,10.3–27.2,16660,14.2,2068,9.4,1989,18.1,1981,17.2,2089,44.6,1123,i-39380224,master_account,0,/world-university-rankings/hue-university,625845,Vietnam,"50,639",21.5,1%,56 : 44,Hue University,False,False,False,
16670,1667,Ibaraki University,10.3–27.2,16670,17.9,1785,12.8,1509,13.6,2081,42.6,1093,26.8,1893,i-45822102,master_account,0,/world-university-rankings/ibaraki-university,609360,Japan,"7,864",15.5,2%,34 : 66,Ibaraki University,False,False,False,
16680,1668,Ibn Khaldoun University,10.3–27.2,16680,13.7,2095,8.5,2123,19.2,1963,17.2,2090,34.8,1517,i-54350663,master_account,0,/world-university-rankings/ibn-khaldoun-university,709664,Algeria,"28,529",25.2,0%,63 : 37,Ibn Khaldoun University,False,False,False,
16690,1669,Industrial University of Tyumen,10.3–27.2,16690,20.2,1568,7.9,2174,6.7,2176,18.9,1951,24.1,2026,i-85469208,master_account,0,/world-university-rankings/industrial-university-tyumen,715078,Russian Federation,"11,584",11.2,7%,33 : 67,Industrial University of Tyumen,False,False,True,
16700,1670,Instituto Politécnico de Viana do Castelo,10.3–27.2,16700,13.8,2088,15.6,1233,38.1,1484,22.7,1699,45.3,1094,i-41978111,master_account,0,/world-university-rankings/instituto-politecnico-de-viana-do-castelo,661639,Portugal,"5,913",18.6,11%,49 : 51,Instituto Politécnico de Viana do Castelo,False,False,False,
16710,1671,Instituto Politécnico Nacional (IPN),10.3–27.2,16710,21.9,1423,10.7,1792,16.2,2011,25.4,1556,25.9,1941,i-73458173,master_account,0,/world-university-rankings/instituto-politecnico-nacional-ipn,623448,Mexico,"139,234",12.7,0%,44 : 56,Instituto Politécnico Nacional (IPN),False,False,False,
16720,1672,Instituto Tecnológico Metropolitano,10.3–27.2,16720,12.9,2132,7.9,2175,9.0,2152,18.7,1964,30.9,1701,i-81902301,master_account,0,/world-university-rankings/instituto-tecnologico-metropolitano,625833,Colombia,"25,069",19.7,0%,43 : 57,Instituto Tecnológico Metropolitano,False,False,False,
16730,1673,Institut Teknologi Sepuluh Nopember,10.3–27.2,16730,25.9,1092,11.1,1736,28.3,1739,42.0,1101,47.4,1022,i-29978801,master_account,0,/world-university-rankings/institut-teknologi-sepuluh-nopember,131446,Indonesia,"20,850",6.1,7%,41 : 59,Institut Teknologi Sepuluh Nopember,False,False,False,
16740,1674,International Hellenic University,10.3–27.2,16740,9.8,2189,10.5,1822,48.8,1207,28.9,1440,32.2,1634,i-74620212,master_account,0,/world-university-rankings/international-hellenic-university,685042,Greece,"58,142",37.1,3%,44 : 56,International Hellenic University,False,False,False,
16750,1675,Ionian University,10.3–27.2,16750,16.3,1914,11.6,1656,26.0,1801,23.8,1642,24.2,2021,i-00207204,master_account,0,/world-university-rankings/ionian-university,661040,Greece,"9,707",24.9,3%,53 : 47,Ionian University,False,False,False,
16760,1676,IPB University,10.3–27.2,16760,32.8,652,12.3,1566,27.5,1762,51.1,924,44.9,1114,i-08407071,master_account,0,/world-university-rankings/ipb-university,589274,Indonesia,"22,993",10.3,5%,58 : 42,IPB University,False,False,False,
16770,1677,Irkutsk National Research Technical University,10.3–27.2,16770,23.0,1338,10.2,1868,16.7,2003,29.2,1432,34.4,1537,i-35805031,master_account,0,/world-university-rankings/irkutsk-national-research-technical-university,624069,Russian Federation,"9,686",10.1,13%,37 : 63,Irkutsk National Research Technical University,False,False,True,
16780,1678,Irkutsk State University,10.3–27.2,16780,18.6,1718,9.8,1929,6.0,2179,17.4,2071,27.2,1872,i-83783424,master_account,0,/world-university-rankings/irkutsk-state-university,587733,Russian Federation,"12,975",14.1,5%,66 : 34,Irkutsk State University,False,False,True,
16790,1679,Islamic Science University of Malaysia (USIM),10.3–27.2,16790,22.1,1411,9.4,1990,18.5,1974,16.9,2127,40.0,1282,i-85821591,master_account,0,/world-university-rankings/islamic-science-university-malaysia-usim,707810,Malaysia,"13,123",17.6,6%,64 : 36,Islamic Science University of Malaysia (USIM),False,False,False,
16800,1680,Islamic University of Indonesia,10.3–27.2,16800,14.6,2045,11.7,1645,24.9,1831,17.8,2032,34.4,1538,i-27257432,master_account,0,/world-university-rankings/islamic-university-indonesia,587682,Indonesia,"26,457",31.6,3%,45 : 55,Islamic University of Indonesia,False,False,False,
16810,1681,Istanbul Aydın University,10.3–27.2,16810,21.2,1479,10.0,1894,35.0,1560,18.4,1988,56.8,707,i-85670183,master_account,0,/world-university-rankings/istanbul-aydin-university,670641,Turkey,"17,587",16.5,20%,53 : 47,Istanbul Aydın University,False,False,False,
16820,1682,Istanbul Bilgi University,10.3–27.2,16820,16.3,1916,11.1,1737,38.0,1486,17.2,2091,53.5,799,i-48648231,master_account,0,/world-university-rankings/istanbul-bilgi-university,675423,Turkey,"12,199",18.6,15%,51 : 49,Istanbul Bilgi University,False,False,False,
16830,1683,Istanbul Okan University,10.3–27.2,16830,26.5,1051,11.0,1753,34.1,1585,17.8,2033,58.4,665,i-97483391,master_account,0,/world-university-rankings/istanbul-okan-university,688819,Turkey,"8,326",12.9,25%,46 : 54,Istanbul Okan University,False,False,False,
16840,1684,Ivane Javakhishvili Tbilisi State University,10.3–27.2,16840,15.0,2016,12.2,1578,15.9,2019,18.9,1952,43.1,1173,i-54592043,master_account,0,/world-university-rankings/ivane-javakhishvili-tbilisi-state-university,131568,Georgia,"24,977",32.5,5%,59 : 41,Ivane Javakhishvili Tbilisi State University,False,False,False,
16850,1685,Ivan Franko National University of Lviv,10.3–27.2,16850,20.5,1546,11.1,1738,11.5,2113,18.8,1959,29.7,1752,i-11017481,master_account,0,/world-university-rankings/ivan-franko-national-university-lviv,624564,Ukraine,"21,946",13.2,1%,66 : 34,Ivan Franko National University of Lviv,False,False,False,
16860,1686,Ivanovo State University of Chemistry and Technology,10.3–27.2,16860,16.9,1878,9.6,1956,7.0,2172,24.1,1620,25.4,1968,i-49323153,master_account,0,/world-university-rankings/ivanovo-state-university-chemistry-and-technology,699786,Russian Federation,"3,876",19.4,8%,36 : 64,Ivanovo State University of Chemistry and Technology,False,False,True,
16870,1687,İzmir Kâtip Çelebi University,10.3–27.2,16870,16.5,1901,10.4,1840,25.1,1825,18.9,1953,30.1,1732,i-71668803,master_account,0,/world-university-rankings/izmir-katip-celebi-university,625317,Turkey,"19,291",16.5,4%,52 : 48,İzmir Kâtip Çelebi University,False,False,False,
16880,1688,Izmir University of Economics,10.3–27.2,16880,16.9,1879,15.6,1234,34.6,1569,39.2,1161,31.6,1665,i-21832694,master_account,0,/world-university-rankings/izmir-university-economics,631854,Turkey,"7,269",24.2,3%,54 : 46,Izmir University of Economics,False,False,False,
16890,1689,Jan Evangelista Purkyně University,10.3–27.2,16890,17.1,1861,13.2,1463,15.4,2036,21.0,1803,41.9,1209,i-87919971,master_account,0,/world-university-rankings/jan-evangelista-purkyne-university,660767,Czechia,"8,393",18.0,5%,64 : 36,Jan Evangelista Purkyně University,False,False,False,
16900,1690,Jan Kochanowski University in Kielce,10.3–27.2,16900,20.1,1583,11.3,1703,16.4,2007,19.5,1896,28.0,1833,i-64244543,master_account,0,/world-university-rankings/jan-kochanowski-university-kielce,661136,Poland,"9,998",11.6,4%,60 : 40,Jan Kochanowski University in Kielce,False,False,False,
16910,1691,"Jaypee Institute of Information Technology, Noida",10.3–27.2,16910,20.0,1591,17.6,1079,38.6,1466,26.2,1537,19.3,2171,i-27249513,master_account,0,/world-university-rankings/jaypee-institute-information-technology-noida,624807,India,"5,208",17.8,0%,32 : 68,"Jaypee Institute of Information Technology, Noida",False,False,False,
16920,1692,Jean Moulin University – Lyon 3,10.3–27.2,16920,15.0,2017,13.7,1408,16.0,2018,29.6,1422,59.6,632,i-34213882,master_account,0,/world-university-rankings/jean-moulin-university-lyon-3,131465,France,"27,662",38.2,21%,66 : 34,Jean Moulin University – Lyon 3,False,False,False,
16930,1693,Jember University,10.3–27.2,16930,10.6,2182,9.8,1930,15.4,2037,20.2,1852,23.1,2074,i-94256561,master_account,0,/world-university-rankings/jember-university,716221,Indonesia,"39,050",31.9,0%,67 : 33,Jember University,False,False,False,
16940,1694,Jianghan University,10.3–27.2,16940,17.1,1862,9.8,1931,28.3,1740,27.9,1475,20.0,2159,i-94365183,master_account,0,/world-university-rankings/jianghan-university,692626,China,"22,607",14.4,1%,56 : 44,Jianghan University,False,False,False,
16950,1695,Jiangsu Normal University,10.3–27.2,16950,16.2,1924,12.9,1496,42.7,1354,34.8,1271,23.9,2037,i-05442833,master_account,0,/world-university-rankings/jiangsu-normal-university,624261,China,"29,443",15.8,1%,,Jiangsu Normal University,False,False,False,
16960,1696,Kagawa University,10.3–27.2,16960,25.2,1149,13.4,1436,35.8,1541,62.0,710,27.0,1888,i-79274242,master_account,0,/world-university-rankings/kagawa-university,609456,Japan,"6,421",9.8,2%,43 : 57,Kagawa University,False,False,False,
16970,1697,Kagoshima University,10.3–27.2,16970,26.5,1052,13.8,1399,23.8,1857,56.3,824,26.5,1907,i-07746282,master_account,0,/world-university-rankings/kagoshima-university,609282,Japan,"10,130",10.5,2%,39 : 61,Kagoshima University,False,False,False,
16980,1698,Kanagawa University,10.3–27.2,16980,17.9,1786,8.1,2158,11.8,2110,25.8,1545,39.7,1290,i-96408929,master_account,0,/world-university-rankings/kanagawa-university,609294,Japan,"17,462",14.0,4%,31 : 69,Kanagawa University,False,False,False,
16990,1699,Kansai University,10.3–27.2,16990,21.6,1444,8.8,2081,10.0,2140,29.0,1437,34.4,1539,i-64220973,master_account,0,/world-university-rankings/kansai-university,589283,Japan,"29,830",11.1,4%,41 : 59,Kansai University,False,False,False,
17000,1700,Karabük University,10.3–27.2,17000,15.6,1978,9.8,1932,45.6,1288,18.7,1965,50.8,882,i-48464219,master_account,0,/world-university-rankings/karabuk-university,634440,Turkey,"45,899",41.5,26%,43 : 57,Karabük University,False,False,False,
17010,1701,Karadeniz Technical University,10.3–27.2,17010,24.5,1202,13.8,1400,35.1,1555,38.9,1171,27.0,1889,i-97377661,master_account,0,/world-university-rankings/karadeniz-technical-university,622848,Turkey,"22,986",10.5,8%,52 : 48,Karadeniz Technical University,False,False,False,
17020,1702,Karamanoğlu Mehmet Bey University,10.3–27.2,17020,11.7,2167,10.1,1882,49.0,1205,17.2,2092,31.8,1657,i-50287056,master_account,0,/world-university-rankings/karamanoglu-mehmet-bey-university,724808,Turkey,"19,789",28.7,6%,51 : 49,Karamanoğlu Mehmet Bey University,False,False,False,
17030,1703,Karpagam Academy of Higher Education,10.3–27.2,17030,19.0,1679,11.8,1638,44.4,1312,19.5,1897,24.3,2018,i-74228562,master_account,0,/world-university-rankings/karpagam-academy-higher-education,717294,India,"10,846",13.8,0%,31 : 69,Karpagam Academy of Higher Education,False,False,False,
17040,1704,Kasetsart University,10.3–27.2,17040,18.8,1702,15.9,1210,27.8,1752,41.5,1113,35.0,1510,i-15905222,master_account,0,/world-university-rankings/kasetsart-university,131364,Thailand,"69,827",17.3,1%,61 : 39,Kasetsart University,False,False,False,
17050,1705,Kastamonu University,10.3–27.2,17050,15.3,2002,12.0,1603,44.3,1318,18.8,1960,35.1,1506,i-96579862,master_account,0,/world-university-rankings/kastamonu-university,691279,Turkey,"16,697",31.4,11%,46 : 54,Kastamonu University,False,False,False,
17060,1706,Kazakh National Agrarian Research University,10.3–27.2,17060,23.7,1273,8.3,2142,15.9,2020,16.6,2152,38.2,1359,i-55911052,master_account,0,/world-university-rankings/kazakh-national-agrarian-research-university,696484,Kazakhstan,"6,042",11.3,6%,50 : 50,Kazakh National Agrarian Research University,False,False,False,
17070,1707,Kazan National Research Technological University,10.3–27.2,17070,22.0,1416,9.9,1915,10.2,2134,44.2,1067,34.8,1518,i-52504773,master_account,0,/world-university-rankings/kazan-national-research-technological-university,587760,Russian Federation,"13,472",12.3,16%,39 : 61,Kazan National Research Technological University,False,False,True,
17080,1708,Kazan State Medical University,10.3–27.2,17080,39.5,353,11.9,1622,10.1,2136,20.7,1813,45.0,1104,i-75866562,master_account,0,/world-university-rankings/kazan-state-medical-university,624084,Russian Federation,"5,835",12.2,36%,54 : 46,Kazan State Medical University,False,False,True,
17090,1709,Kazan State Power Engineering University,10.3–27.2,17090,13.1,2120,9.8,1933,15.3,2040,24.7,1584,25.7,1952,i-81072582,master_account,0,/world-university-rankings/kazan-state-power-engineering-university,703933,Russian Federation,"9,741",25.4,6%,32 : 68,Kazan State Power Engineering University,False,False,True,
17100,1710,Kemerovo State University,10.3–27.2,17100,15.5,1991,11.2,1713,9.9,2144,18.0,2020,24.6,1998,i-97186013,master_account,0,/world-university-rankings/kemerovo-state-university,621444,Russian Federation,"15,000",23.1,7%,61 : 39,Kemerovo State University,False,False,True,
17110,1711,Kenyatta University,10.3–27.2,17110,14.3,2061,9.1,2039,34.2,1582,17.4,2073,54.6,766,i-43691088,master_account,0,/world-university-rankings/kenyatta-university,624543,Kenya,"55,018",27.6,5%,58 : 42,Kenyatta University,False,False,False,
17120,1712,Kharkiv Aviation Institute,10.3–27.2,17120,21.3,1474,10.7,1793,17.4,1987,18.8,1961,32.2,1635,i-04433671,master_account,0,/world-university-rankings/kharkiv-aviation-institute,673893,Ukraine,"4,827",12.6,12%,14 : 86,Kharkiv Aviation Institute,False,False,False,
17130,1713,Kharkiv National University of Radio Electronics,10.3–27.2,17130,20.8,1519,9.0,2059,30.0,1691,18.6,1980,29.5,1763,i-07740583,master_account,0,/world-university-rankings/kharkiv-national-university-radio-electronics,670488,Ukraine,"7,129",11.6,6%,30 : 70,Kharkiv National University of Radio Electronics,False,False,False,
17140,1714,Kirikkale University,10.3–27.2,17140,17.0,1869,19.6,944,20.1,1940,36.0,1245,20.2,2155,i-96053053,master_account,0,/world-university-rankings/kirikkale-university,624678,Turkey,"25,261",40.3,1%,51 : 49,Kirikkale University,False,False,False,
17150,1715,Kırşehir Ahi Evran University,10.3–27.2,17150,14.0,2078,11.1,1739,23.8,1858,21.3,1777,34.6,1531,i-02147116,master_account,0,/world-university-rankings/kirsehir-ahi-evran-university,722755,Turkey,"13,682",23.7,16%,53 : 47,Kırşehir Ahi Evran University,False,False,False,
17160,1716,Kitasato University,10.3–27.2,17160,26.7,1039,12.0,1604,36.0,1536,59.8,748,20.7,2148,i-69081072,master_account,0,/world-university-rankings/kitasato-university,609606,Japan,"8,517",5.0,1%,55 : 45,Kitasato University,False,False,False,
17170,1717,KLE Academy of Higher Education and Research,10.3–27.2,17170,25.0,1166,11.2,1714,15.5,2033,32.0,1349,31.6,1666,i-30246883,master_account,0,/world-university-rankings/kle-academy-higher-education-and-research,621678,India,"7,175",8.5,1%,58 : 42,KLE Academy of Higher Education and Research,False,False,False,
17180,1718,KMITL – King Mongkut’s Institute of Technology Ladkrabang,10.3–27.2,17180,18.9,1690,25.0,679,24.9,1832,74.5,420,38.3,1353,i-49822472,master_account,0,/world-university-rankings/kmitl-king-mongkuts-institute-technology-ladkrabang,589118,Thailand,"27,090",24.8,3%,50 : 50,KMITL – King Mongkut’s Institute of Technology Ladkrabang,False,False,False,
17190,1719,Kocaeli University,10.3–27.2,17190,14.1,2072,10.4,1841,28.6,1731,30.5,1390,25.9,1942,i-08875012,master_account,0,/world-university-rankings/kocaeli-university,131315,Turkey,"43,687",28.6,5%,47 : 53,Kocaeli University,False,False,False,
17200,1720,Kochi University,10.3–27.2,17200,24.2,1228,12.9,1497,21.4,1912,46.7,1011,28.0,1834,i-65014132,master_account,0,/world-university-rankings/kochi-university,589316,Japan,"5,441",8.6,1%,44 : 56,Kochi University,False,False,False,
17210,1721,Kochi University of Technology,10.3–27.2,17210,20.0,1592,14.5,1333,18.7,1971,51.9,903,41.9,1210,i-18181288,master_account,0,/world-university-rankings/kochi-university-technology,609543,Japan,"2,510",19.2,2%,24 : 76,Kochi University of Technology,False,False,False,
17220,1722,Kogakuin University,10.3–27.2,17220,17.2,1854,8.1,2159,14.3,2063,35.5,1255,26.1,1929,i-02120062,master_account,0,/world-university-rankings/kogakuin-university,589220,Japan,"6,553",18.1,2%,19 : 81,Kogakuin University KU KUTE－TOKYO,False,False,False,
17230,1723,Konya Technical University,10.3–27.2,17230,19.4,1645,9.4,1992,37.8,1495,17.3,2082,25.0,1986,i-32253412,master_account,0,/world-university-rankings/konya-technical-university,698799,Turkey,"10,365",22.2,5%,29 : 71,Konya Technical University,False,False,False,
17240,1724,Kwansei Gakuin University,10.3–27.2,17240,23.2,1317,10.4,1843,18.9,1968,30.6,1384,37.0,1407,i-71236461,master_account,0,/world-university-rankings/kwansei-gakuin-university,587742,Japan,"25,457",20.7,4%,50 : 50,Kwansei Gakuin University,False,False,False,
17250,1725,Kyiv National University of Construction and Architecture,10.3–27.2,17250,22.6,1371,9.1,2040,41.4,1398,19.3,1912,34.2,1545,i-47945304,master_account,0,/world-university-rankings/kyiv-national-university-construction-and-architecture,730407,Ukraine,"6,697",7.1,3%,42 : 58,Kyiv National University of Construction and Architecture,False,False,False,
17260,1726,Kyoto Institute of Technology,10.3–27.2,17260,25.5,1129,17.7,1072,16.2,2012,72.2,461,31.8,1658,i-71733966,master_account,0,/world-university-rankings/kyoto-institute-technology,609345,Japan,"4,018",14.5,6%,29 : 71,Kyoto Institute of Technology,False,False,False,
17270,1727,Ladoke Akintola University of Technology,10.3–27.2,17270,14.0,2079,10.7,1794,40.7,1417,25.6,1553,37.2,1400,i-77179742,master_account,0,/world-university-rankings/ladoke-akintola-university-technology,721001,Nigeria,"40,337",50.1,0%,49 : 51,Ladoke Akintola University of Technology,False,False,False,
17280,1728,Lagos State University,10.3–27.2,17280,17.1,1864,10.5,1823,30.1,1684,20.9,1806,45.5,1086,i-49353501,master_account,0,/world-university-rankings/lagos-state-university,681871,Nigeria,"50,785",46.0,0%,51 : 49,Lagos State University,False,False,False,
17290,1729,Larbi Tebessi University,10.3–27.2,17290,18.6,1719,9.1,2041,21.3,1915,17.2,2093,30.7,1710,i-37459743,master_account,0,/world-university-rankings/larbi-tebessi-university,710841,Algeria,"14,303",15.4,0%,65 : 35,Larbi Tebessi University,False,False,False,
17300,1730,Latvia University of Life Sciences and Technologies,10.3–27.2,17300,21.7,1439,15.8,1219,17.9,1983,24.9,1579,27.8,1840,i-59774502,master_account,0,/world-university-rankings/latvia-university-life-sciences-and-technologies,661025,Latvia,"3,998",14.1,8%,49 : 51,Latvia University of Life Sciences and Technologies,False,False,False,
17310,1731,Lincoln University College,10.3–27.2,17310,35.0,527,9.3,2005,12.6,2096,16.9,2129,97.8,10,i-47520791,master_account,0,/world-university-rankings/lincoln-university-college,131527,Malaysia,"3,727",6.7,52%,24 : 76,Lincoln University College,False,False,False,
17320,1732,Liverpool Hope University,10.3–27.2,17320,19.5,1640,16.8,1143,30.2,1682,19.0,1942,77.2,313,i-34435743,master_account,0,/world-university-rankings/liverpool-hope-university,589541,United Kingdom,"5,015",16.7,18%,62 : 38,Liverpool Hope University,False,False,False,https://www.timeshighereducation.com/student/register-interest/siuk?utm_medium=thewebsite&utm_campaign=cta-link&utm_source=rankings&iid=i-34435743
17330,1733,L.N. Gumilyov Eurasian National University,10.3–27.2,17330,20.9,1508,15.2,1276,25.4,1813,17.2,2094,59.2,645,i-29458421,master_account,0,/world-university-rankings/ln-gumilyov-eurasian-national-university,131441,Kazakhstan,"23,205",18.3,4%,49 : 51,L.N. Gumilyov Eurasian National University enu,False,False,False,
17340,1734,Lobachevsky State University of Nizhni Novgorod,10.3–27.2,17340,31.5,724,13.9,1385,13.8,2072,35.3,1258,35.7,1473,i-66446082,master_account,0,/world-university-rankings/lobachevsky-state-university-nizhni-novgorod,131630,Russian Federation,"20,444",10.5,13%,51 : 49,Lobachevsky State University of Nizhni Novgorod,False,False,True,
17350,1735,Lodz University of Technology,10.3–27.2,17350,25.9,1093,15.8,1220,28.5,1733,61.8,713,33.0,1610,i-26605333,master_account,0,/world-university-rankings/lodz-university-technology,612135,Poland,"10,476",11.7,6%,38 : 62,Lodz University of Technology,False,False,False,
17360,1736,Londrina State University,10.3–27.2,17360,30.4,785,12.1,1589,20.0,1943,26.9,1516,25.9,1943,i-88971554,master_account,0,/world-university-rankings/londrina-state-university,131755,Brazil,"20,259",9.9,1%,58 : 42,Londrina State University,False,False,False,
17370,1737,Lublin University of Technology,10.3–27.2,17370,25.8,1103,14.8,1302,31.6,1652,30.8,1379,41.8,1214,i-48537451,master_account,0,/world-university-rankings/lublin-university-technology,660950,Poland,"6,721",11.4,13%,27 : 73,Lublin University of Technology,False,False,False,
17380,1738,Lucian Blaga University of Sibiu,10.3–27.2,17380,19.0,1680,16.0,1201,42.0,1376,22.6,1704,33.9,1561,i-72140923,master_account,0,/world-university-rankings/lucian-blaga-university-sibiu,706430,Romania,"13,293",16.3,4%,50 : 50,Lucian Blaga University of Sibiu,False,False,False,
17390,1739,Lviv Polytechnic National University,10.3–27.2,17390,20.2,1570,12.0,1605,29.3,1712,23.3,1660,27.4,1860,i-81239033,master_account,0,/world-university-rankings/lviv-polytechnic-national-university,131716,Ukraine,"25,087",12.8,1%,45 : 55,Lviv Polytechnic National University,False,False,False,
17400,1740,Mackenzie Presbyterian University,10.3–27.2,17400,20.9,1509,12.6,1529,14.8,2048,27.2,1503,29.9,1743,i-00655351,master_account,0,/world-university-rankings/mackenzie-presbyterian-university,625281,Brazil,"27,073",28.3,0%,48 : 52,Mackenzie Presbyterian University Universidade Presbiteriana Mackenzie MPU Mackenzie University,False,False,False,
17410,1741,Maejo University,10.3–27.2,17410,14.8,2032,9.6,1958,43.4,1335,35.2,1261,39.5,1296,i-00450174,master_account,0,/world-university-rankings/maejo-university,694774,Thailand,"17,942",26.9,1%,59 : 41,Maejo University,False,False,False,
17420,1742,Mahasarakham University,10.3–27.2,17420,19.9,1602,9.3,2007,24.5,1841,18.9,1954,29.5,1764,i-40928582,master_account,0,/world-university-rankings/mahasarakham-university,625065,Thailand,"39,291",33.6,3%,61 : 39,Mahasarakham University,False,False,False,
17430,1743,Manav Rachna International Institute of Research and Studies,10.3–27.2,17430,29.8,833,11.0,1754,37.4,1501,21.7,1756,25.8,1945,i-52059552,master_account,0,/world-university-rankings/manav-rachna-international-institute-research-and-studies,722103,India,"5,684",11.2,2%,50 : 50,Manav Rachna International Institute of Research and Studies,False,False,False,
17440,1744,Manisa Celal Bayar University,10.3–27.2,17440,14.7,2039,10.0,1896,24.1,1852,20.6,1825,23.4,2056,i-25594065,master_account,0,/world-university-rankings/manisa-celal-bayar-university,624657,Turkey,"28,623",23.0,2%,50 : 50,Manisa Celal Bayar University,False,False,False,
17450,1745,Mapua University,10.3–27.2,17450,13.7,2097,14.8,1303,30.5,1677,23.4,1657,23.2,2068,i-04982988,master_account,11,/world-university-rankings/mapua-university,647936,Philippines,"9,032",24.1,2%,33 : 67,Mapua University,False,False,False,
17460,1746,Maria Curie-Skłodowska University (UMCS),10.3–27.2,17460,22.6,1372,21.5,848,25.8,1804,22.3,1724,36.5,1433,i-50283234,master_account,0,/world-university-rankings/maria-curie-sklodowska-university-umcs,660971,Poland,"13,964",10.0,12%,74 : 26,Maria Curie-Skłodowska University (UMCS),False,False,False,
17470,1747,Marmara University,10.3–27.2,17470,25.1,1159,13.7,1409,34.7,1565,34.7,1277,31.9,1649,i-82383392,master_account,0,/world-university-rankings/marmara-university,589181,Turkey,"47,315",25.2,5%,52 : 48,Marmara University,False,False,False,
17480,1748,Matej Bel University,10.3–27.2,17480,18.9,1691,14.2,1358,18.0,1982,21.1,1790,44.7,1119,i-81003701,master_account,0,/world-university-rankings/matej-bel-university,134131,Slovakia,"6,194",14.8,12%,65 : 35,Matej Bel University,False,False,False,
17490,1749,Medical University of Sofia,10.3–27.2,17490,26.4,1061,7.3,2189,37.8,1496,45.9,1028,48.5,988,i-16043001,master_account,0,/world-university-rankings/medical-university-sofia,681421,Bulgaria,"10,870",5.2,29%,55 : 45,Medical University of Sofia,False,False,False,
17500,1750,Meiji University,10.3–27.2,17500,16.2,1925,10.2,1869,11.6,2111,31.1,1371,31.0,1698,i-75702771,master_account,0,/world-university-rankings/meiji-university,589097,Japan,"34,072",21.9,5%,34 : 66,Meiji University,False,False,False,
17510,1751,Meijo University,10.3–27.2,17510,14.8,2033,11.5,1676,10.8,2124,45.4,1043,25.9,1944,i-15254232,master_account,0,/world-university-rankings/meijo-university,609996,Japan,"15,277",31.8,0%,35 : 65,Meijo University,False,False,False,
17520,1752,Mendeleev University of Chemical Technology,10.3–27.2,17520,22.7,1362,17.2,1108,13.1,2091,39.6,1154,26.2,1921,i-89099052,master_account,0,/world-university-rankings/mendeleev-university-chemical-technology,624087,Russian Federation,"8,593",12.6,8%,51 : 49,Mendeleev University of Chemical Technology,False,False,True,
17530,1753,Mersin University,10.3–27.2,17530,17.2,1855,10.6,1811,25.3,1819,23.3,1661,29.0,1786,i-45171934,master_account,0,/world-university-rankings/mersin-university,624372,Turkey,"27,928",27.8,7%,50 : 50,Mersin University,False,False,False,
17540,1754,Metropolitan Autonomous University,10.3–27.2,17540,21.1,1490,24.4,706,19.6,1951,30.1,1404,28.0,1835,i-35042281,master_account,0,/world-university-rankings/metropolitan-autonomous-university,623562,Mexico,"61,622",44.5,1%,50 : 50,Metropolitan Autonomous University,False,False,False,
17550,1755,M’Hamed Bougara University of Boumerdès,10.3–27.2,17550,15.7,1966,8.6,2106,20.9,1928,22.4,1715,32.6,1623,i-50629212,master_account,0,/world-university-rankings/mhamed-bougara-university-boumerdes,649079,Algeria,"32,622",21.3,1%,59 : 41,M’Hamed Bougara University of Boumerdès,False,False,False,
17560,1756,Middle Technical University,10.3–27.2,17560,12.3,2154,8.3,2143,26.1,1799,18.8,1962,25.3,1972,i-62922804,master_account,0,/world-university-rankings/middle-technical-university,662293,Iraq,"36,230",20.3,0%,48 : 52,Middle Technical University,False,False,False,
17570,1757,Mie University,10.3–27.2,17570,26.7,1040,17.0,1120,26.4,1791,66.5,605,25.2,1975,i-79240881,master_account,0,/world-university-rankings/mie-university,609249,Japan,"6,936",11.5,3%,38 : 62,Mie University,False,False,False,
17580,1758,Military Institute of Science and Technology (MIST),10.3–27.2,17580,14.1,2073,8.6,2107,53.8,1069,19.1,1933,26.3,1915,i-42422573,master_account,0,/world-university-rankings/military-institute-science-and-technology-mist,708551,Bangladesh,"3,001",18.2,0%,27 : 73,Military Institute of Science and Technology (MIST),False,False,False,
17590,1759,Mindanao State University – Iligan Institute of Technology,10.3–27.2,17590,18.4,1737,9.1,2042,22.7,1888,17.6,2051,39.1,1321,i-27918512,master_account,0,/world-university-rankings/mindanao-state-university-iligan-institute-technology,670458,Philippines,"12,388",18.0,0%,59 : 41,Mindanao State University – Iligan Institute of Technology,False,False,False,
17600,1760,Ming Chuan University,10.3–27.2,17600,14.1,2074,13.6,1418,22.7,1889,42.3,1096,37.3,1395,i-15229121,master_account,0,/world-university-rankings/ming-chuan-university,131363,Taiwan,"17,030",21.6,12%,59 : 41,Ming Chuan University,False,False,False,
17610,1761,MIREA - Russian Technological University,10.3–27.2,17610,15.9,1953,12.5,1539,8.8,2156,47.8,986,23.2,2069,i-19560069,master_account,0,/world-university-rankings/mirea-russian-technological-university,624096,Russian Federation,"29,873",22.9,6%,25 : 75,MIREA - Russian Technological University,False,False,True,
17620,1762,Mirpur University of Science and Technology,10.3–27.2,17620,11.6,2169,10.3,1857,50.8,1154,19.8,1878,49.6,938,i-25700654,master_account,0,/world-university-rankings/mirpur-university-science-and-technology,718821,Pakistan,"8,917",27.2,0%,51 : 49,Mirpur University of Science and Technology,False,False,False,
17630,1763,Misr University for Science and Technology,10.3–27.2,17630,15.6,1979,8.8,2082,31.5,1655,18.1,2012,41.2,1239,i-11363313,master_account,0,/world-university-rankings/misr-university-science-and-technology,718986,Egypt,"26,246",16.1,4%,50 : 50,Misr University for Science and Technology,False,False,False,
17640,1764,Morgan State University,10.3–27.2,17640,19.7,1622,14.3,1347,29.8,1694,23.6,1649,54.7,761,i-95736832,public,0,/world-university-rankings/morgan-state-university,592829,United States,"8,489",17.4,10%,62 : 38,Morgan State University,False,False,False,https://www.timeshighereducation.com/student/register-interest/shorelight?utm_medium=thewebsite&utm_campaign=cta-link&utm_source=rankings&iid=i-95736832
17650,1765,Moscow Aviation Institute,10.3–27.2,17650,33.1,637,16.2,1187,22.5,1893,53.0,886,30.5,1719,i-24449802,master_account,0,/world-university-rankings/moscow-aviation-institute,131407,Russian Federation,"15,797",16.6,12%,27 : 73,Moscow Aviation Institute,False,False,True,
17660,1766,Moscow Polytechnic University,10.3–27.2,17660,15.8,1960,12.4,1557,49.5,1190,26.1,1539,28.8,1791,i-43789503,master_account,0,/world-university-rankings/moscow-polytechnic-university,628626,Russian Federation,"12,752",17.2,10%,38 : 62,Moscow Polytechnic University,False,False,True,
17670,1767,Moscow Power Engineering Institute,10.3–27.2,17670,23.2,1318,15.9,1213,20.6,1931,56.4,821,38.6,1343,i-18478261,master_account,0,/world-university-rankings/moscow-power-engineering-institute,131378,Russian Federation,"14,453",18.5,15%,34 : 66,Moscow Power Engineering Institute,False,False,True,
17680,1768,Moulay Ismail University,10.3–27.2,17680,14.0,2080,10.8,1783,56.7,988,21.3,1778,27.9,1838,i-20612983,master_account,0,/world-university-rankings/moulay-ismail-university,629427,Morocco,"79,507",54.9,1%,55 : 45,Moulay Ismail University,False,False,False,
17690,1769,M S Ramaiah University of Applied Sciences (RUAS),10.3–27.2,17690,21.8,1428,9.0,2060,31.0,1664,20.2,1853,18.7,2183,i-13593701,master_account,0,/world-university-rankings/m-s-ramaiah-university-applied-sciences-ruas,624816,India,"9,031",12.1,0%,56 : 44,M S Ramaiah University of Applied Sciences (RUAS),False,False,False,
17700,1770,Mugla Sitki Kocman University,10.3–27.2,17700,15.6,1980,11.4,1691,21.1,1923,21.9,1747,26.4,1910,i-93812291,master_account,0,/world-university-rankings/mugla-sitki-kocman-university,717288,Turkey,"29,793",31.0,3%,49 : 51,Mugla Sitki Kocman University,False,False,False,
17710,1771,Muhimbili University of Health and Allied Sciences,10.3–27.2,17710,21.6,1445,14.9,1296,30.3,1681,27.5,1495,54.6,767,i-53923332,master_account,0,/world-university-rankings/muhimbili-university-health-and-allied-sciences,719246,Tanzania,"5,254",11.8,6%,32 : 68,Muhimbili University of Health and Allied Sciences,False,False,False,
17720,1772,Muroran Institute of Technology,10.3–27.2,17720,20.2,1572,10.4,1844,24.8,1836,47.8,987,43.6,1151,i-45675701,master_account,0,/world-university-rankings/muroran-institute-technology,609435,Japan,"3,287",19.1,5%,13 : 87,Muroran Institute of Technology Muroran IT Hokkaido Japan,False,False,False,
17730,1773,Muş Alparslan University,10.3–27.2,17730,12.1,2158,11.0,1756,32.6,1626,16.8,2138,21.6,2124,i-87646231,master_account,0,/world-university-rankings/mus-alparslan-university,728235,Turkey,"8,262",28.3,0%,52 : 48,Muş Alparslan University,False,False,False,
17740,1774,Mustansiriyah University,10.3–27.2,17740,26.8,1032,9.8,1934,19.8,1948,23.9,1636,34.7,1524,i-10891399,master_account,0,/world-university-rankings/mustansiriyah-university,634671,Iraq,"32,844",8.5,1%,55 : 45,Mustansiriyah University,False,False,False,
17750,1775,Nagaoka University of Technology,10.3–27.2,17750,31.4,732,16.8,1144,18.4,1978,68.0,564,41.4,1230,i-10907763,master_account,0,/world-university-rankings/nagaoka-university-technology,589271,Japan,"2,155",10.8,12%,12 : 88,Nagaoka University of Technology,False,False,False,
17760,1776,Nagoya Institute of Technology,10.3–27.2,17760,22.8,1353,22.0,817,25.3,1820,75.3,397,29.5,1765,i-61982112,master_account,0,/world-university-rankings/nagoya-institute-technology,589352,Japan,"5,552",15.7,4%,17 : 83,Nagoya Institute of Technology,False,False,False,
17770,1777,Naresuan University,10.3–27.2,17770,23.6,1282,13.0,1486,20.6,1932,47.0,1005,30.0,1738,i-97924643,master_account,0,/world-university-rankings/naresuan-university,625098,Thailand,"26,692",17.8,1%,68 : 32,Naresuan University,False,False,False,
17780,1778,National Changhua University of Education,10.3–27.2,17780,21.6,1446,20.7,893,20.4,1936,47.7,991,29.2,1776,i-05230901,master_account,0,/world-university-rankings/national-changhua-university-education,623853,Taiwan,"9,029",25.2,9%,49 : 51,National Changhua University of Education,False,False,False,
17790,1779,National Chiayi University,10.3–27.2,17790,15.1,2012,14.3,1348,21.2,1919,60.6,734,23.1,2075,i-45504561,master_account,0,/world-university-rankings/national-chiayi-university,623193,Taiwan,"11,582",23.8,3%,48 : 52,National Chiayi University,False,False,False,
17800,1780,National Chi Nan University,10.3–27.2,17800,19.8,1612,16.0,1203,13.9,2070,66.8,597,33.1,1601,i-31563973,master_account,0,/world-university-rankings/national-chi-nan-university,623856,Taiwan,"6,145",16.5,10%,52 : 48,National Chi Nan University,False,False,False,
17810,1781,National Chin-Yi University of Technology,10.3–27.2,17810,15.0,2018,26.6,617,27.3,1766,50.3,939,36.5,1434,i-21595994,master_account,0,/world-university-rankings/national-chin-yi-university-technology,623883,Taiwan,"7,667",22.4,12%,31 : 69,National Chin-Yi University of Technology,False,False,False,
17820,1782,National Formosa University,10.3–27.2,17820,15.0,2019,11.7,1646,8.9,2153,46.3,1022,20.3,2154,i-59077141,master_account,0,/world-university-rankings/national-formosa-university,622911,Taiwan,"11,694",19.0,2%,22 : 78,National Formosa University,False,False,False,
17830,1783,National Ilan University,10.3–27.2,17830,14.3,2063,14.1,1364,19.5,1956,47.0,1006,31.5,1672,i-84461383,master_account,0,/world-university-rankings/national-ilan-university,623862,Taiwan,"5,592",23.2,2%,36 : 64,National Ilan University,False,False,False,
17840,1784,"National Institute of Applied Sciences, Strasbourg (INSA Strasbourg)",10.3–27.2,17840,23.2,1319,9.3,2008,28.0,1745,36.9,1219,69.8,442,i-83516993,master_account,0,/world-university-rankings/national-institute-applied-sciences-strasbourg-insa-strasbourg,729129,France,"1,980",16.9,13%,37 : 63,"National Institute of Applied Sciences, Strasbourg (INSA Strasbourg)",False,False,False,
17850,1785,National Pingtung University of Science and Technology,10.3–27.2,17850,16.4,1907,14.3,1349,20.7,1929,49.6,952,30.8,1706,i-72593963,master_account,0,/world-university-rankings/national-pingtung-university-science-and-technology,621588,Taiwan,"10,630",18.3,5%,44 : 56,National Pingtung University of Science and Technology,False,False,False,
17860,1786,"National Pirogov Memorial Medical University, Vinnytsya",10.3–27.2,17860,29.9,824,9.0,2061,4.6,2189,18.2,2003,41.4,1231,i-85229813,master_account,0,/world-university-rankings/national-pirogov-memorial-medical-university-vinnytsya,734152,Ukraine,"5,026",5.2,17%,60 : 40,"National Pirogov Memorial Medical University, Vinnytsya",False,False,False,
17870,1787,National Research University of Electronic Technology (MIET),10.3–27.2,17870,45.5,211,15.5,1242,7.9,2165,52.1,902,22.7,2091,i-61434594,master_account,0,/world-university-rankings/national-research-university-electronic-technology-miet,131601,Russian Federation,"5,805",10.5,4%,26 : 74,National Research University of Electronic Technology (MIET),False,False,True,
17880,1788,National Taipei University,10.3–27.2,17880,19.4,1646,15.4,1252,19.5,1957,51.6,909,31.5,1673,i-30830631,master_account,0,/world-university-rankings/national-taipei-university,957,Taiwan,"8,630",15.6,6%,54 : 46,National Taipei University,False,False,False,
17890,1789,National Technical University Kharkiv Polytechnic Institute,10.3–27.2,17890,24.5,1203,9.2,2021,15.7,2027,19.0,1944,33.1,1602,i-70363124,master_account,0,/world-university-rankings/national-technical-university-kharkiv-polytechnic-institute,131649,Ukraine,"11,572",8.5,13%,28 : 72,National Technical University Kharkiv Polytechnic Institute,False,False,False,
17900,1790,National Technical University of Ukraine – Igor Sikorsky Kyiv Polytechnic Institute,10.3–27.2,17900,21.6,1447,10.6,1812,16.7,2004,24.0,1629,22.5,2099,i-07734413,master_account,0,/world-university-rankings/national-technical-university-ukraine-igor-sikorsky-kyiv-polytechnic,131309,Ukraine,"23,940",11.1,2%,22 : 78,National Technical University of Ukraine – Igor Sikorsky Kyiv Polytechnic Institute,False,False,False,
17910,1791,National United University,10.3–27.2,17910,13.3,2114,12.7,1524,16.8,2001,54.2,866,22.4,2103,i-10551062,master_account,0,/world-university-rankings/national-united-university,623196,Taiwan,"7,848",22.1,1%,29 : 71,National United University,False,False,False,
17920,1792,National University of Colombia,10.3–27.2,17920,21.9,1424,15.4,1253,34.3,1577,35.9,1246,41.0,1251,i-12112661,master_account,0,/world-university-rankings/national-university-colombia,583815,Colombia,"55,643",21.0,1%,41 : 59,National University of Colombia,False,False,False,
17930,1793,National University of Córdoba,10.3–27.2,17930,18.9,1692,10.4,1845,21.2,1920,21.3,1779,38.0,1371,i-76703064,master_account,0,/world-university-rankings/national-university-cordoba,131686,Argentina,"168,371",15.8,1%,65 : 35,National University of Córdoba,False,False,False,
17940,1794,National University of Costa Rica,10.3–27.2,17940,21.6,1448,9.2,2022,10.1,2137,17.6,2052,45.1,1099,i-72400561,master_account,0,/world-university-rankings/national-university-costa-rica,624288,Costa Rica,"19,328",10.4,3%,56 : 44,National University of Costa Rica,False,False,False,
17950,1795,National University of Cuyo,10.3–27.2,17950,17.0,1871,10.3,1858,19.3,1961,23.5,1653,40.3,1277,i-42918744,master_account,0,/world-university-rankings/national-university-cuyo,622983,Argentina,"37,486",17.2,3%,62 : 38,National University of Cuyo,False,False,False,
17960,1796,National University of Kaohsiung,10.3–27.2,17960,13.1,2121,19.5,955,13.3,2086,37.1,1214,33.5,1582,i-92732212,master_account,0,/world-university-rankings/national-university-kaohsiung,624549,Taiwan,"6,145",26.7,4%,41 : 59,National University of Kaohsiung,False,False,False,
17970,1797,National University of La Plata,10.3–27.2,17970,23.5,1295,12.4,1558,21.5,1910,26.5,1530,62.6,568,i-94934221,master_account,0,/world-university-rankings/national-university-la-plata,622980,Argentina,"48,850",13.1,25%,60 : 40,National University of La Plata,False,False,False,
17980,1798,National University of Life and Environmental Sciences of Ukraine,10.3–27.2,17980,16.7,1890,9.2,2023,20.5,1933,23.5,1654,25.7,1953,i-35581363,master_account,0,/world-university-rankings/national-university-life-and-environmental-sciences-ukraine,724837,Ukraine,"19,154",14.5,1%,35 : 65,National University of Life and Environmental Sciences of Ukraine,False,False,False,
17990,1799,National University of Medical Sciences (NUMS),10.3–27.2,17990,23.6,1283,10.0,1897,13.0,2093,19.0,1945,26.3,1917,i-64417415,master_account,0,/world-university-rankings/national-university-medical-sciences-nums,703001,Pakistan,"9,257",4.4,0%,64 : 36,National University of Medical Sciences (NUMS),False,False,False,
18000,1800,National University of Mongolia,10.3–27.2,18000,15.6,1981,9.4,1993,15.5,2034,21.7,1757,55.4,742,i-59785631,master_account,0,/world-university-rankings/national-university-mongolia,688759,Mongolia,"15,781",18.4,7%,62 : 38,National University of Mongolia,False,False,False,
18010,1801,National University of Quilmes,10.3–27.2,18010,12.7,2143,9.2,2024,10.8,2125,22.3,1725,32.9,1613,i-03919916,master_account,0,/world-university-rankings/national-university-quilmes,625302,Argentina,"48,698",36.3,2%,54 : 46,National University of Quilmes,False,False,False,
18020,1802,National University of Rosario (UNR),10.3–27.2,18020,15.0,2020,8.7,2096,9.4,2149,21.1,1791,41.2,1240,i-87913843,master_account,0,/world-university-rankings/national-university-rosario-unr,623979,Argentina,"90,716",19.0,7%,66 : 34,National University of Rosario (UNR),False,False,False,
18030,1803,National University of San Martín,10.3–27.2,18030,22.0,1418,11.2,1715,29.3,1714,27.6,1493,45.2,1097,i-02482951,master_account,0,/world-university-rankings/national-university-san-martin,625464,Argentina,"16,968",16.5,5%,60 : 40,National University of San Martín,False,False,False,
18040,1804,NED University of Engineering and Technology,10.3–27.2,18040,13.4,2110,12.5,1540,22.9,1885,26.9,1517,51.7,852,i-23195594,master_account,0,/world-university-rankings/ned-university-engineering-and-technology,131402,Pakistan,"12,523",22.6,0%,41 : 59,NED University of Engineering and Technology,False,False,False,
18050,1805,Niğde Ömer Halisdemir University,10.3–27.2,18050,17.2,1857,10.3,1859,31.0,1665,20.7,1815,31.1,1691,i-54711893,master_account,0,/world-university-rankings/nigde-omer-halisdemir-university,624759,Turkey,"13,328",16.3,9%,56 : 44,Niğde Ömer Halisdemir University,False,False,False,
18060,1806,Nihon University,10.3–27.2,18060,15.5,1992,8.9,2071,19.6,1952,45.4,1044,24.4,2011,i-75610481,master_account,0,/world-university-rankings/nihon-university,609483,Japan,"77,140",30.1,2%,32 : 68,Nihon University,False,False,False,
18070,1807,Nile University,10.3–27.2,18070,15.2,2007,12.9,1498,34.6,1571,38.8,1175,31.4,1679,i-18505591,master_account,0,/world-university-rankings/nile-university,709592,Egypt,"3,826",18.5,1%,37 : 63,Nile University,False,False,False,
18080,1808,Nizhny Novgorod State Technical University n.a. R.E. Alekseev,10.3–27.2,18080,20.0,1593,9.0,2062,6.9,2173,40.8,1127,28.1,1827,i-12762543,master_account,0,/world-university-rankings/nizhny-novgorod-state-technical-university-na-re-alekseev,701587,Russian Federation,"8,437",12.9,9%,24 : 76,Nizhny Novgorod State Technical University n.a. R.E. Alekseev,False,False,True,
18090,1809,Nnamdi Azikiwe University,10.3–27.2,18090,23.3,1311,8.6,2109,36.2,1530,19.2,1923,36.0,1463,i-65705824,master_account,0,/world-university-rankings/nnamdi-azikiwe-university,718267,Nigeria,"43,059",16.2,0%,59 : 41,Nnamdi Azikiwe University,False,False,False,
18100,1810,North-Caucasus Federal University,10.3–27.2,18100,28.1,946,8.7,2097,11.3,2116,19.8,1879,31.8,1659,i-92563652,master_account,0,/world-university-rankings/north-caucasus-federal-university,587838,Russian Federation,"18,686",7.7,9%,45 : 55,North-Caucasus Federal University,False,False,True,
18110,1811,North-Eastern Federal University,10.3–27.2,18110,24.3,1221,11.6,1660,12.9,2094,16.8,2139,26.8,1894,i-83998317,master_account,0,/world-university-rankings/north-eastern-federal-university,587691,Russian Federation,"12,430",13.4,6%,53 : 47,North-Eastern Federal University,False,False,True,
18120,1812,Northern (Arctic) Federal University named after M.V. Lomonosov,10.3–27.2,18120,18.9,1693,10.9,1772,9.1,2150,21.8,1753,29.3,1772,i-94904382,master_account,0,/world-university-rankings/northern-arctic-federal-university-named-after-mv-lomonosov,624111,Russian Federation,"9,359",15.1,9%,45 : 55,Northern (Arctic) Federal University named after M.V. Lomonosov,False,False,True,
18130,1813,Northern Technical University,10.3–27.2,18130,10.8,2180,8.5,2124,21.1,1924,18.2,2004,28.4,1813,i-36502626,master_account,0,/world-university-rankings/northern-technical-university,675474,Iraq,"23,224",24.6,0%,43 : 57,Northern Technical University,False,False,False,
18140,1814,North Khorasan University of Medical Sciences,10.3–27.2,18140,24.7,1191,11.2,1716,25.4,1814,17.5,2060,28.7,1802,i-59757123,master_account,0,/world-university-rankings/north-khorasan-university-medical-sciences,734766,Iran,"2,221",9.5,0%,56 : 44,North Khorasan University of Medical Sciences,False,False,False,
18150,1815,North-Western State Medical University named after I.I. Mechnikov,10.3–27.2,18150,25.9,1095,10.7,1795,10.1,2138,19.3,1914,29.4,1770,i-16838683,master_account,0,/world-university-rankings/north-western-state-medical-university-named-after-ii-mechnikov,587778,Russian Federation,"6,780",6.2,12%,67 : 33,North-Western State Medical University named after I.I. Mechnikov,False,False,True,
18160,1816,Novosibirsk State Technical University,10.3–27.2,18160,18.1,1763,12.9,1499,14.3,2064,32.8,1328,37.9,1375,i-68817131,master_account,0,/world-university-rankings/novosibirsk-state-technical-university,587832,Russian Federation,"14,178",16.5,20%,37 : 63,Novosibirsk State Technical University,False,False,True,
18170,1817,Nueva Granada Military University,10.3–27.2,18170,21.8,1429,8.2,2151,6.9,2174,17.3,2083,28.1,1828,i-96113081,master_account,0,/world-university-rankings/nueva-granada-military-university,639062,Colombia,"18,768",9.9,0%,47 : 53,Nueva Granada Military University,False,False,False,
18180,1818,Obafemi Awolowo University,10.3–27.2,18180,21.5,1456,13.4,1437,36.0,1537,45.5,1038,41.1,1245,i-26792622,master_account,0,/world-university-rankings/obafemi-awolowo-university,624498,Nigeria,"32,746",26.3,0%,46 : 54,Obafemi Awolowo University,False,False,False,
18190,1819,Ochanomizu University,10.3–27.2,18190,25.8,1104,18.7,993,20.2,1939,38.4,1183,40.6,1263,i-42483652,master_account,0,/world-university-rankings/ochanomizu-university,609243,Japan,"2,652",14.7,6%,100 : 0,Ochanomizu University,False,False,False,
18200,1820,October University for Modern Sciences and Arts (MSA),10.3–27.2,18200,21.2,1481,9.1,2045,40.3,1427,17.2,2095,30.8,1707,i-45053352,master_account,0,/world-university-rankings/october-university-modern-sciences-and-arts-msa,688654,Egypt,"12,047",10.5,1%,51 : 49,October University for Modern Sciences and Arts (MSA),False,False,False,
18210,1821,Odesa I.I. Mechnikov National University,10.3–27.2,18210,24.7,1192,9.1,2046,8.5,2158,16.9,2131,26.2,1923,i-01847161,master_account,0,/world-university-rankings/odesa-ii-mechnikov-national-university,710222,Ukraine,"5,839",7.8,3%,65 : 35,Odesa I.I. Mechnikov National University,False,False,False,
18220,1822,Ogarev Mordovia State University,10.3–27.2,18220,25.4,1135,9.6,1959,7.2,2170,19.6,1890,35.8,1470,i-35649153,master_account,0,/world-university-rankings/ogarev-mordovia-state-university,131469,Russian Federation,"16,100",14.0,16%,37 : 63,Ogarev Mordovia State University,False,False,True,
18230,1823,Oita University,10.3–27.2,18230,26.5,1055,12.1,1591,19.7,1949,34.9,1268,23.3,2064,i-27555442,master_account,0,/world-university-rankings/oita-university,589160,Japan,"5,240",8.3,1%,37 : 63,Oita University,False,False,False,
18240,1824,Okayama University of Science,10.3–27.2,18240,14.4,2058,11.6,1661,13.3,2087,40.3,1142,24.9,1989,i-44163761,master_account,0,/world-university-rankings/okayama-university-science,609573,Japan,"6,859",25.8,3%,25 : 75,Okayama University of Science,False,False,False,
18250,1825,Oles Honchar Dnipro National University,10.3–27.2,18250,19.2,1666,9.5,1978,9.1,2151,17.7,2045,21.3,2132,i-98695351,master_account,0,/world-university-rankings/oles-honchar-dnipro-national-university,688753,Ukraine,"8,236",11.9,1%,54 : 46,Oles Honchar Dnipro National University,False,False,False,
18260,1826,Omsk State Technical University,10.3–27.2,18260,15.6,1982,8.2,2152,5.0,2187,19.9,1873,25.2,1976,i-59409573,master_account,0,/world-university-rankings/omsk-state-technical-university,624114,Russian Federation,"13,819",17.6,8%,34 : 66,Omsk State Technical University,False,False,True,
18270,1827,Ondokuz Mayis University,10.3–27.2,18270,19.7,1623,11.3,1707,29.6,1700,26.2,1538,37.2,1402,i-26289772,master_account,0,/world-university-rankings/ondokuz-mayis-university,624477,Turkey,"37,153",18.3,15%,40 : 60,Ondokuz Mayis University,False,False,False,
18280,1828,Oran 1 University,10.3–27.2,18280,26.2,1069,8.8,2083,11.5,2114,19.2,1924,37.7,1382,i-37565396,master_account,0,/world-university-rankings/oran-1-university,649085,Algeria,"23,895",18.8,1%,66 : 34,Oran 1 University,False,False,False,
18290,1829,Ordu University,10.3–27.2,18290,14.2,2070,10.7,1796,27.8,1753,17.2,2096,19.4,2167,i-50685161,master_account,0,/world-university-rankings/ordu-university,715168,Turkey,"11,821",17.5,1%,56 : 44,Ordu University,False,False,False,
18300,1830,Osaka Institute of Technology,10.3–27.2,18300,14.4,2059,13.4,1438,13.8,2073,38.6,1179,26.1,1930,i-14990312,master_account,0,/world-university-rankings/osaka-institute-technology,131359,Japan,"7,956",28.3,1%,14 : 86,Osaka Institute of Technology,False,False,False,
18310,1831,Osaka Medical and Pharmaceutical University,10.3–27.2,18310,27.5,983,13.9,1389,32.2,1638,53.2,882,19.2,2174,i-17316923,master_account,0,/world-university-rankings/osaka-medical-and-pharmaceutical-university,715009,Japan,"3,126",5.5,1%,60 : 40,Osaka Medical and Pharmaceutical University,False,False,False,
18320,1832,Ovidius University of Constanța,10.3–27.2,18320,20.1,1584,9.9,1917,14.2,2066,18.3,1995,27.2,1874,i-30037353,master_account,0,/world-university-rankings/ovidius-university-constanta,714895,Romania,"16,291",12.6,7%,57 : 43,Ovidius University of Constanța,False,False,False,
18330,1833,Pace University-New York,10.3–27.2,18330,35.5,506,8.3,2144,24.9,1833,32.1,1348,49.8,926,i-06760542,private,0,/world-university-rankings/pace-university-new-york,593630,United States,"12,280",15.7,21%,63 : 37,Pace University-New York,False,False,False,https://www.timeshighereducation.com/student/register-interest/shorelight?utm_medium=thewebsite&utm_campaign=cta-link&utm_source=rankings&iid=i-06760542
18340,1834,Paisii Hilendarski University of Plovdiv,10.3–27.2,18340,13.6,2103,12.5,1542,13.7,2077,21.9,1748,23.1,2077,i-73313992,master_account,0,/world-university-rankings/paisii-hilendarski-university-plovdiv,724807,Bulgaria,"21,840",35.1,2%,67 : 33,Paisii Hilendarski University of Plovdiv,False,False,False,
18350,1835,Pamukkale University,10.3–27.2,18350,17.9,1787,10.5,1825,18.8,1969,28.3,1461,21.9,2120,i-77283324,master_account,0,/world-university-rankings/pamukkale-university,624645,Turkey,"32,376",29.0,4%,48 : 52,Pamukkale University,False,False,False,
18360,1836,Paris Nanterre University,10.3–27.2,18360,21.5,1457,16.6,1158,27.0,1777,35.7,1249,61.5,595,i-88480281,master_account,0,/world-university-rankings/paris-nanterre-university,622917,France,"30,986",20.1,16%,65 : 35,Paris Nanterre University,False,False,False,
18370,1837,Pavlov First Saint Petersburg State Medical University,10.3–27.2,18370,31.7,710,12.8,1511,15.2,2042,32.8,1330,30.6,1716,i-90191373,master_account,0,/world-university-rankings/pavlov-first-saint-petersburg-state-medical-university,624132,Russian Federation,"5,569",9.0,12%,74 : 26,Pavlov First Saint Petersburg State Medical University,False,False,True,
18380,1838,Payame Noor University,10.3–27.2,18380,16.7,1891,8.8,2084,22.4,1895,22.2,1729,23.9,2038,i-24206479,master_account,0,/world-university-rankings/payame-noor-university,622272,Iran,"399,383",115.1,0%,62 : 38,Payame Noor University,False,False,False,
18390,1839,Pázmány Péter Catholic University,10.3–27.2,18390,23.0,1339,11.7,1647,27.1,1774,23.2,1666,36.3,1442,i-15690593,master_account,0,/world-university-rankings/pazmany-peter-catholic-university,662296,Hungary,"6,452",15.9,6%,,Pázmány Péter Catholic University,False,False,False,
18400,1840,Penza State University,10.3–27.2,18400,16.7,1892,9.4,1995,6.7,2177,17.8,2034,32.9,1615,i-25867281,master_account,0,/world-university-rankings/penza-state-university,587610,Russian Federation,"17,808",14.9,14%,54 : 46,Penza State University,False,False,True,
18410,1841,Perm National Research Polytechnic University,10.3–27.2,18410,21.1,1492,16.0,1204,10.6,2127,51.2,921,26.2,1924,i-65615468,master_account,0,/world-university-rankings/perm-national-research-polytechnic-university,587694,Russian Federation,"10,691",13.2,6%,46 : 54,Perm National Research Polytechnic University,False,False,True,
18420,1842,Perm State University,10.3–27.2,18420,18.4,1738,12.0,1607,7.9,2166,24.5,1602,27.8,1841,i-26244124,master_account,0,/world-university-rankings/perm-state-university,131419,Russian Federation,"10,895",14.5,9%,56 : 44,Perm State University,False,False,True,
18430,1843,Petersburg State Transport University,10.3–27.2,18430,16.6,1898,11.4,1693,15.0,2046,49.0,962,39.5,1297,i-80086491,master_account,0,/world-university-rankings/petersburg-state-transport-university,624117,Russian Federation,"9,137",22.2,18%,28 : 72,Petersburg State Transport University,False,False,True,
18440,1844,Petrozavodsk State University,10.3–27.2,18440,18.2,1752,12.2,1580,14.7,2052,35.4,1257,28.8,1792,i-05006621,master_account,0,/world-university-rankings/petrozavodsk-state-university,587877,Russian Federation,"7,512",13.3,9%,51 : 49,Petrozavodsk State University,False,False,True,
18450,1845,Pirogov Russian National Research Medical University,10.3–27.2,18450,44.2,237,14.5,1334,18.2,1980,40.6,1133,29.7,1753,i-91712472,master_account,0,/world-university-rankings/pirogov-russian-national-research-medical-university,621615,Russian Federation,"13,377",7.8,11%,70 : 30,Pirogov Russian National Research Medical University,False,False,True,
18460,1846,Plekhanov Russian University of Economics,10.3–27.2,18460,26.8,1033,13.3,1449,25.0,1829,23.3,1663,44.2,1134,i-32689819,master_account,0,/world-university-rankings/plekhanov-russian-university-economics,131457,Russian Federation,"13,681",8.5,14%,55 : 45,Plekhanov Russian University of Economics,False,False,True,
18470,1847,Polytechnic Institute of Porto,10.3–27.2,18470,14.7,2040,13.1,1470,40.0,1437,34.0,1296,32.3,1631,i-48536101,master_account,0,/world-university-rankings/polytechnic-institute-porto,633273,Portugal,"21,106",17.7,7%,48 : 52,Polytechnic Institute of Porto,False,False,False,
18480,1848,Polytechnic Institute of Setúbal,10.3–27.2,18480,18.2,1753,9.1,2047,18.5,1975,18.1,2013,35.8,1471,i-91781783,master_account,0,/world-university-rankings/polytechnic-institute-setubal,661633,Portugal,"6,301",12.6,11%,45 : 55,Polytechnic Institute of Setúbal,False,False,False,
18490,1849,Polytechnic University of Bucharest,10.3–27.2,18490,18.7,1711,9.7,1948,30.5,1678,39.2,1162,22.6,2097,i-05232035,master_account,0,/world-university-rankings/polytechnic-university-bucharest,624327,Romania,"37,048",22.3,1%,41 : 59,Polytechnic University of Bucharest,False,False,False,
18500,1850,Polytechnic University of Timişoara,10.3–27.2,18500,18.0,1776,9.8,1935,33.6,1597,36.4,1230,24.1,2028,i-09652734,master_account,0,/world-university-rankings/polytechnic-university-timisoara,647927,Romania,"12,676",18.1,4%,38 : 62,Polytechnic University of Timişoara,False,False,False,
18510,1851,Pontifical Catholic University of Argentina,10.3–27.2,18510,24.5,1204,8.2,2153,17.2,1990,16.7,2148,46.8,1039,i-95324022,master_account,0,/world-university-rankings/pontifical-catholic-university-argentina,131791,Argentina,"18,296",4.2,10%,55 : 45,Pontifical Catholic University of Argentina,False,False,False,
18520,1852,Pontifical Catholic University of Minas Gerais,10.3–27.2,18520,16.3,1918,10.2,1870,13.7,2078,19.5,1899,25.5,1963,i-56459832,master_account,0,/world-university-rankings/pontifical-catholic-university-minas-gerais,623454,Brazil,"35,797",29.6,0%,56 : 44,Pontifical Catholic University of Minas Gerais,False,False,False,
18530,1853,Pontifical Catholic University of Peru,10.3–27.2,18530,26.1,1077,10.8,1784,30.9,1670,24.1,1624,42.7,1181,i-02139203,master_account,0,/world-university-rankings/pontifical-catholic-university-peru,131278,Peru,"26,939",6.4,1%,47 : 53,Pontifical Catholic University of Peru,False,False,False,
18540,1854,Pontifical Catholic University of Valparaíso,10.3–27.2,18540,17.4,1842,17.6,1082,33.0,1612,33.8,1301,51.3,863,i-12920092,master_account,0,/world-university-rankings/pontifical-catholic-university-valparaiso,131340,Chile,"18,070",23.2,2%,43 : 57,Pontifical Catholic University of Valparaíso,False,False,False,
18550,1855,Pontificia Universidad Católica del Ecuador,10.3–27.2,18550,14.1,2075,9.3,2009,21.4,1913,16.7,2149,53.3,806,i-01374314,master_account,0,/world-university-rankings/pontificia-universidad-catolica-del-ecuador,623952,Ecuador,"29,406",19.4,2%,56 : 44,Pontificia Universidad Católica del Ecuador,False,False,False,
18560,1856,Pontificia Universidad Javeriana,10.3–27.2,18560,21.1,1493,13.0,1487,31.8,1645,24.4,1604,43.0,1176,i-48220836,master_account,0,/world-university-rankings/pontificia-universidad-javeriana,589217,Colombia,"29,088",14.2,1%,56 : 44,Pontificia Universidad Javeriana Pontifical Xavierian University,False,False,False,
18570,1857,Poznan University of Technology,10.3–27.2,18570,25.7,1110,14.0,1377,34.7,1566,47.7,992,31.2,1689,i-39336963,master_account,0,/world-university-rankings/poznan-university-technology,622890,Poland,"13,680",11.0,8%,31 : 69,Poznan University of Technology,False,False,False,
18580,1858,Presidency University,10.3–27.2,18580,17.1,1865,7.6,2186,31.1,1662,18.5,1986,19.6,2163,i-79967582,master_account,0,/world-university-rankings/presidency-university,624891,India,"17,979",18.0,0%,34 : 66,Presidency University,False,False,False,
18590,1859,Privolzhsky Research Medical University,10.3–27.2,18590,25.8,1105,12.3,1568,5.9,2184,19.7,1881,43.0,1177,i-58954943,master_account,0,/world-university-rankings/privolzhsky-research-medical-university,623733,Russian Federation,"5,990",8.3,34%,65 : 35,Privolzhsky Research Medical University,False,False,True,
18600,1860,PSG College of Technology,10.3–27.2,18600,21.5,1458,9.8,1936,25.1,1827,37.5,1200,18.5,2185,i-02593742,master_account,0,/world-university-rankings/psg-college-technology,624387,India,"7,957",14.0,0%,37 : 63,PSG College of Technology,False,False,False,
18610,1861,Qom University of Medical Sciences,10.3–27.2,18610,35.8,496,11.5,1677,34.7,1567,24.6,1597,25.8,1946,i-98515974,master_account,0,/world-university-rankings/qom-university-medical-sciences,718088,Iran,"2,793",10.3,5%,56 : 44,Qom University of Medical Sciences,False,False,False,
18620,1862,Razi University,10.3–27.2,18620,27.1,1009,14.7,1312,35.7,1545,46.1,1027,28.8,1793,i-70083242,master_account,0,/world-university-rankings/razi-university,624339,Iran,"11,378",17.6,4%,59 : 41,Razi University,False,False,False,
18630,1863,Recep Tayyip Erdoğan University,10.3–27.2,18630,20.5,1547,12.4,1559,44.2,1320,30.9,1378,24.5,2005,i-05354194,master_account,0,/world-university-rankings/recep-tayyip-erdogan-university,670464,Turkey,"11,544",14.6,4%,,Recep Tayyip Erdoğan University,False,False,False,
18640,1864,Regional Autonomous University of the Andes (UNIANDES),10.3–27.2,18640,20.7,1534,10.5,1826,5.0,2188,16.3,2178,24.7,1992,i-09949192,master_account,0,/world-university-rankings/regional-autonomous-university-andes-uniandes,719234,Ecuador,"6,696",12.3,1%,61 : 39,Regional Autonomous University of the Andes (UNIANDES),False,False,False,
18650,1865,REVA University,10.3–27.2,18650,16.9,1880,8.5,2125,41.3,1403,19.3,1915,23.4,2057,i-63606634,master_account,0,/world-university-rankings/reva-university,715081,India,"15,628",17.4,2%,37 : 63,REVA University,False,False,False,
18660,1866,Rikkyo University,10.3–27.2,18660,18.5,1730,9.6,1960,41.0,1409,21.4,1771,56.4,715,i-01592143,master_account,0,/world-university-rankings/rikkyo-university,609279,Japan,"19,644",14.7,5%,56 : 44,Rikkyo University,False,False,False,
18670,1867,Ritsumeikan University,10.3–27.2,18670,20.7,1535,16.2,1188,28.4,1737,63.4,686,46.9,1033,i-20006952,master_account,0,/world-university-rankings/ritsumeikan-university,131385,Japan,"35,919",18.0,10%,37 : 63,Ritsumeikan University,False,False,False,
18680,1868,Russian Presidential Academy of National Economy and Public Administration,10.3–27.2,18680,23.9,1251,22.5,796,21.3,1916,27.3,1501,24.4,2012,i-80540372,master_account,0,/world-university-rankings/russian-presidential-academy-national-economy-and-public-administration,131707,Russian Federation,"21,295",17.1,4%,66 : 34,Russian Presidential Academy of National Economy and Public Administration,False,False,True,
18690,1869,Russian State University for the Humanities,10.3–27.2,18690,15.2,2008,13.9,1391,16.2,2013,16.0,2189,22.7,2093,i-70168773,master_account,0,/world-university-rankings/russian-state-university-humanities,131647,Russian Federation,"17,097",19.6,5%,72 : 28,Russian State University for the Humanities,False,False,True,
18700,1870,Russian University of Transport (MIIT),10.3–27.2,18700,18.1,1764,12.1,1592,8.0,2163,37.4,1203,26.4,1911,i-05268272,master_account,0,/world-university-rankings/russian-university-transport-miit,624102,Russian Federation,"21,334",24.7,9%,44 : 56,Russian University of Transport (MIIT),False,False,True,
18710,1871,R V College of Engineering,10.3–27.2,18710,28.9,892,10.9,1773,25.2,1822,30.6,1386,17.1,2191,i-96256901,master_account,0,/world-university-rankings/r-v-college-engineering,715156,India,"6,140",17.8,0%,27 : 73,R V College of Engineering RVCE R V College of Engineering India,False,False,False,
18720,1872,Ryukoku University,10.3–27.2,18720,15.9,1955,10.5,1827,16.2,2014,24.2,1610,31.8,1660,i-97854522,master_account,0,/world-university-rankings/ryukoku-university,609264,Japan,"15,132",26.8,3%,36 : 64,Ryukoku University,False,False,False,
18730,1873,Rzeszów University of Technology,10.3–27.2,18730,20.1,1585,8.3,2145,23.4,1872,24.8,1580,25.7,1954,i-13569711,master_account,0,/world-university-rankings/rzeszow-university-technology,661133,Poland,"10,790",12.0,1%,44 : 56,Rzeszów University of Technology,False,False,False,
18740,1874,Sabzevar University of Medical Sciences,10.3–27.2,18740,24.4,1214,9.7,1949,48.4,1218,17.7,2046,25.2,1977,i-21681202,master_account,0,/world-university-rankings/sabzevar-university-medical-sciences,730190,Iran,"2,226",7.0,1%,56 : 44,Sabzevar University of Medical Sciences,False,False,False,
18750,1875,Saga University,10.3–27.2,18750,25.4,1137,14.7,1313,25.4,1815,66.9,594,27.2,1875,i-03687663,master_account,0,/world-university-rankings/saga-university,609459,Japan,"6,403",9.6,2%,42 : 58,Saga University,False,False,False,
18760,1876,Saint Petersburg State Pediatric Medical University,10.3–27.2,18760,25.6,1122,11.2,1718,8.0,2164,17.5,2061,35.2,1503,i-04217513,master_account,0,/world-university-rankings/saint-petersburg-state-pediatric-medical-university,670440,Russian Federation,"6,843",11.6,18%,67 : 33,Saint Petersburg State Pediatric Medical University,False,False,True,
18770,1877,Saints Cyril and Methodius University in Skopje,10.3–27.2,18770,21.3,1475,10.2,1871,23.9,1856,32.6,1334,43.8,1145,i-66139108,master_account,0,/world-university-rankings/saints-cyril-and-methodius-university-skopje,621753,North Macedonia,"26,028",12.2,0%,57 : 43,Saints Cyril and Methodius University in Skopje,False,False,False,
18780,1878,Saitama Medical University,10.3–27.2,18780,27.0,1018,10.8,1785,42.7,1355,44.8,1059,19.1,2179,i-32780282,master_account,0,/world-university-rankings/saitama-medical-university,587613,Japan,"1,904",1.3,0%,49 : 51,Saitama Medical University,False,False,False,
18790,1879,Saitama University,10.3–27.2,18790,21.8,1430,18.9,988,21.3,1917,57.2,798,38.9,1333,i-90277991,master_account,0,/world-university-rankings/saitama-university,131763,Japan,"8,341",16.0,6%,32 : 68,Saitama University,False,False,False,
18800,1880,Sakarya University of Applied Sciences,10.3–27.2,18800,13.2,2118,9.8,1937,32.7,1619,16.4,2168,42.8,1180,i-41410543,master_account,0,/world-university-rankings/sakarya-university-applied-sciences,728887,Turkey,"11,118",30.2,26%,31 : 69,Sakarya University of Applied Sciences,False,False,False,
18810,1881,Samara National Research University (Samara University),10.3–27.2,18810,27.1,1011,14.1,1366,16.2,2015,34.2,1291,31.6,1668,i-54292411,master_account,0,/world-university-rankings/samara-national-research-university-samara-university,621822,Russian Federation,"9,427",10.4,10%,46 : 54,Samara National Research University (Samara University),False,False,True,
18820,1882,Samara State Medical University,10.3–27.2,18820,42.8,268,10.7,1797,6.0,2180,33.2,1315,31.6,1669,i-24696511,master_account,0,/world-university-rankings/samara-state-medical-university,624135,Russian Federation,"8,007",9.3,12%,59 : 41,Samara State Medical University,False,False,True,
18830,1883,Samara State Technical University,10.3–27.2,18830,17.0,1872,10.5,1828,8.3,2159,33.3,1312,22.1,2113,i-38426441,master_account,0,/world-university-rankings/samara-state-technical-university,587805,Russian Federation,"13,464",16.3,5%,35 : 65,Samara State Technical University,False,False,True,
18840,1884,Satbayev University,10.3–27.2,18840,26.7,1041,14.7,1314,19.3,1962,32.3,1343,77.5,310,i-03579297,master_account,0,/world-university-rankings/satbayev-university,679062,Kazakhstan,"8,346",11.2,17%,55 : 45,Satbayev University,False,False,False,
18850,1885,SGH Warsaw School of Economics,10.3–27.2,18850,25.3,1144,21.6,844,31.8,1646,16.4,2169,39.7,1291,i-31465752,master_account,0,/world-university-rankings/sgh-warsaw-school-economics,622008,Poland,"7,993",14.8,14%,48 : 52,SGH Warsaw School of Economics,False,False,False,
18860,1886,Shahed University,10.3–27.2,18860,26.0,1086,13.1,1472,26.6,1786,32.4,1338,20.4,2151,i-56246493,master_account,0,/world-university-rankings/shahed-university,625233,Iran,"6,402",15.1,0%,47 : 53,Shahed University,False,False,False,
18870,1887,Shahid Sadoughi University of Medical Sciences,10.3–27.2,18870,41.5,298,11.1,1741,30.1,1685,20.4,1843,23.2,2071,i-41992267,master_account,0,/world-university-rankings/shahid-sadoughi-university-medical-sciences,715399,Iran,"5,717",10.5,3%,56 : 44,Shahid Sadoughi University of Medical Sciences,False,False,False,
18880,1888,Shanxi Medical University,10.3–27.2,18880,24.2,1230,11.6,1662,29.8,1695,23.9,1637,19.6,2164,i-42551777,master_account,0,/world-university-rankings/shanxi-medical-university,622134,China,"26,728",8.0,2%,66 : 34,Shanxi Medical University,False,False,False,
18890,1889,Shibaura Institute of Technology,10.3–27.2,18890,18.2,1754,18.7,995,23.6,1862,45.8,1029,45.0,1106,i-71282983,master_account,0,/world-university-rankings/shibaura-institute-technology,587799,Japan,"9,475",25.2,5%,19 : 81,Shibaura Institute of Technology SHIBAURA Science Engineering,False,False,False,
18900,1890,Shimane University,10.3–27.2,18900,26.0,1087,13.0,1488,21.5,1911,41.1,1119,30.4,1724,i-49713751,master_account,0,/world-university-rankings/shimane-university,589307,Japan,"6,056",8.4,3%,41 : 59,Shimane University Shimane Shimadai,False,False,False,
18910,1891,Shizuoka University,10.3–27.2,18910,20.9,1511,16.5,1166,18.5,1976,66.1,615,33.6,1576,i-18564251,master_account,0,/world-university-rankings/shizuoka-university,589295,Japan,"9,821",14.9,3%,30 : 70,Shizuoka University,False,False,False,
18920,1892,Shree Guru Gobind Singh Tricentenary University,10.3–27.2,18920,24.2,1231,10.1,1883,43.2,1337,16.2,2183,24.5,2006,i-38207943,master_account,0,/world-university-rankings/shree-guru-gobind-singh-tricentenary-university,729012,India,"7,375",10.3,0%,50 : 50,Shree Guru Gobind Singh Tricentenary University,False,False,False,
18930,1893,Siberian State Medical University,10.3–27.2,18930,21.3,1476,11.1,1742,4.0,2191,17.5,2062,34.8,1519,i-03511423,master_account,0,/world-university-rankings/siberian-state-medical-university,623757,Russian Federation,"8,785",11.6,16%,59 : 41,Siberian State Medical University,False,False,True,
18940,1894,Sikkim Manipal University,10.3–27.2,18940,20.8,1522,9.6,1962,29.6,1701,22.1,1737,24.6,2000,i-34997034,master_account,0,/world-university-rankings/sikkim-manipal-university,624849,India,"4,411",13.2,2%,42 : 58,Sikkim Manipal University,False,False,False,
18950,1895,Silpakorn University,10.3–27.2,18950,21.4,1467,15.6,1236,19.6,1953,46.4,1020,30.4,1725,i-48413661,master_account,0,/world-university-rankings/silpakorn-university,625062,Thailand,"29,673",21.9,2%,68 : 32,Silpakorn University,False,False,False,
18960,1896,Sinop University,10.3–27.2,18960,9.9,2188,12.5,1544,40.8,1414,18.2,2005,31.4,1682,i-15882822,master_account,0,/world-university-rankings/sinop-university,724830,Turkey,"8,888",28.3,1%,56 : 44,Sinop University,False,False,False,
18970,1897,Sivas Cumhuriyet University,10.3–27.2,18970,14.9,2024,9.9,1918,33.4,1605,19.2,1926,34.7,1525,i-87853512,master_account,0,/world-university-rankings/sivas-cumhuriyet-university,624654,Turkey,"34,861",24.9,11%,53 : 47,Sivas Cumhuriyet University,False,False,False,
18980,1898,Slovak University of Technology in Bratislava,10.3–27.2,18980,28.7,904,14.5,1335,24.7,1838,45.4,1046,45.0,1107,i-98805413,master_account,0,/world-university-rankings/slovak-university-technology-bratislava,131818,Slovakia,"10,809",12.9,19%,33 : 67,Slovak University of Technology in Bratislava,False,False,False,
18990,1899,Sofia University,10.3–27.2,18990,27.1,1012,12.3,1569,21.7,1905,24.7,1586,36.0,1465,i-88287702,master_account,0,/world-university-rankings/sofia-university,131753,Bulgaria,"21,579",7.4,8%,65 : 35,Sofia University,False,False,False,
19000,1900,"Soochow University, Taiwan",10.3–27.2,19000,14.6,2046,18.0,1052,23.0,1884,27.4,1496,34.9,1512,i-42560414,master_account,0,/world-university-rankings/soochow-university-taiwan,623895,Taiwan,"15,287",35.9,3%,59 : 41,"Soochow University, Taiwan",False,False,False,
19010,1901,Sophia University,10.3–27.2,19010,22.5,1384,11.1,1743,13.9,2071,33.6,1307,50.0,913,i-03864419,master_account,6,/world-university-rankings/sophia-university,131287,Japan,"13,016",12.2,12%,60 : 40,Sophia University sofia SU,False,False,False,
19020,1902,Southern Federal University,10.3–27.2,19020,23.8,1262,16.3,1183,24.6,1840,38.7,1177,47.6,1014,i-38172613,master_account,0,/world-university-rankings/southern-federal-university,131480,Russian Federation,"18,741",12.8,15%,57 : 43,Southern Federal University,False,False,True,
19030,1903,Southwest Petroleum University,10.3–27.2,19030,17.7,1812,15.3,1265,37.5,1500,77.1,372,20.4,2152,i-44522953,master_account,0,/world-university-rankings/southwest-petroleum-university,623691,China,"41,268",19.6,1%,35 : 65,Southwest Petroleum University,False,False,False,
19040,1904,Sri Lanka Institute of Information Technology,10.3–27.2,19040,11.1,2177,10.0,1898,20.0,1944,45.8,1030,18.5,2186,i-39081001,master_account,0,/world-university-rankings/sri-lanka-institute-information-technology,688834,Sri Lanka,"15,304",30.5,0%,41 : 59,Sri Lanka Institute of Information Technology,False,False,False,
19050,1905,Srinakharinwirot University,10.3–27.2,19050,23.3,1313,10.5,1829,19.5,1958,20.5,1834,24.1,2029,i-43404111,master_account,0,/world-university-rankings/srinakharinwirot-university,625059,Thailand,"29,327",19.0,2%,67 : 33,Srinakharinwirot University Srinakharinwirot thailand,False,False,False,
19060,1906,Sri Ramachandra Institute of Higher Education and Research,10.3–27.2,19060,25.4,1138,12.6,1531,16.3,2009,25.7,1549,29.5,1766,i-44190743,master_account,0,/world-university-rankings/sri-ramachandra-institute-higher-education-and-research,624867,India,"8,949",13.5,5%,61 : 39,Sri Ramachandra Institute of Higher Education and Research,False,False,False,
19070,1907,Sri Venkateswara University,10.3–27.2,19070,36.9,451,10.6,1813,23.6,1863,26.3,1534,29.2,1777,i-89339171,master_account,0,/world-university-rankings/sri-venkateswara-university,587880,India,"6,670",15.5,0%,50 : 50,Sri Venkateswara University,False,False,False,
19080,1908,State Islamic University of Sunan Gunung Djati Bandung,10.3–27.2,19080,10.7,2181,9.1,2048,25.0,1830,16.2,2184,19.1,2180,i-38868607,master_account,0,/world-university-rankings/state-islamic-university-sunan-gunung-djati-bandung,719235,Indonesia,"31,937",31.3,0%,67 : 33,State Islamic University of Sunan Gunung Djati Bandung,False,False,False,
19090,1909,"State University ""Kyiv Aviation Institute""",10.3–27.2,19090,22.3,1395,9.0,2063,34.8,1564,17.2,2097,24.5,2007,i-01956875,master_account,0,/world-university-rankings/state-university-kyiv-aviation-institute,691300,Ukraine,"15,407",10.5,4%,40 : 60,"State University ""Kyiv Aviation Institute""",False,False,False,
19100,1910,State University of Bahia,10.3–27.2,19100,22.1,1412,8.8,2085,5.2,2186,17.1,2108,22.3,2106,i-32836144,master_account,0,/world-university-rankings/state-university-bahia,625608,Brazil,"23,621",10.6,0%,67 : 33,State University of Bahia,False,False,False,
19110,1911,State University of Malang,10.3–27.2,19110,21.1,1495,11.5,1678,34.5,1575,26.4,1533,37.5,1386,i-40450995,master_account,0,/world-university-rankings/state-university-malang,715126,Indonesia,"37,201",26.4,4%,55 : 45,State University of Malang,False,False,False,
19120,1912,State University of Ponta Grossa,10.3–27.2,19120,26.2,1071,19.0,983,16.9,1996,20.6,1827,28.1,1829,i-04519523,master_account,0,/world-university-rankings/state-university-ponta-grossa,621429,Brazil,"8,076",8.9,1%,46 : 54,State University of Ponta Grossa,False,False,False,
19130,1913,Universidade Estadual de Santa Cruz,10.3–27.2,19130,26.1,1078,10.1,1884,16.4,2008,19.3,1917,36.1,1455,i-59404824,master_account,0,/world-university-rankings/universidade-estadual-de-santa-cruz,639035,Brazil,"7,689",9.3,2%,56 : 44,Universidade Estadual de Santa Cruz,False,False,False,
19140,1914,State University of Southwestern Bahia (UESB),10.3–27.2,19140,26.6,1047,8.7,2098,6.0,2181,16.5,2162,19.5,2165,i-24181802,master_account,0,/world-university-rankings/state-university-southwestern-bahia-uesb,639041,Brazil,"9,315",9.4,0%,59 : 41,State University of Southwestern Bahia (UESB),False,False,False,
19150,1915,Ştefan cel Mare University of Suceava,10.3–27.2,19150,17.4,1843,15.8,1222,39.7,1445,22.0,1743,37.3,1397,i-04823813,master_account,0,/world-university-rankings/stefan-cel-mare-university-suceava,672258,Romania,"9,043",22.0,15%,60 : 40,Ştefan cel Mare University of Suceava,False,False,False,
19160,1916,St Petersburg Electrotechnical University (LETI),10.3–27.2,19160,22.2,1403,15.2,1279,19.7,1950,39.2,1164,39.1,1322,i-75194341,master_account,0,/world-university-rankings/st-petersburg-electrotechnical-university-leti,131677,Russian Federation,"9,024",14.2,19%,31 : 69,St Petersburg Electrotechnical University (LETI),False,False,True,
19170,1917,Széchenyi István University,10.3–27.2,19170,18.9,1695,13.1,1473,27.8,1754,27.9,1477,33.1,1605,i-52970081,master_account,0,/world-university-rankings/szechenyi-istvan-university,662104,Hungary,"12,060",16.1,6%,44 : 56,Széchenyi István University,False,False,False,
19180,1918,Tamil Nadu Agricultural University,10.3–27.2,19180,35.8,497,13.3,1452,20.7,1930,31.1,1372,17.8,2189,i-84746072,master_account,0,/world-university-rankings/tamil-nadu-agricultural-university,621501,India,"8,627",12.7,0%,65 : 35,Tamil Nadu Agricultural University,False,False,False,
19190,1919,Tamkang University,10.3–27.2,19190,16.1,1939,12.4,1560,40.1,1433,50.5,935,44.6,1124,i-78400041,master_account,0,/world-university-rankings/tamkang-university,131693,Taiwan,"21,955",20.1,7%,46 : 54,Tamkang University,False,False,False,
19200,1920,Taras Shevchenko National University of Kyiv,10.3–27.2,19200,25.7,1111,15.4,1255,22.4,1896,28.6,1455,30.5,1720,i-85234193,master_account,0,/world-university-rankings/taras-shevchenko-national-university-kyiv,131734,Ukraine,"25,696",11.2,5%,56 : 44,Taras Shevchenko National University of Kyiv,False,False,False,
19210,1921,Tashkent University of Information Technologies,10.3–27.2,19210,17.6,1823,9.2,2027,49.5,1192,27.8,1484,23.2,2072,i-90286452,master_account,0,/world-university-rankings/tashkent-university-information-technologies,670635,Uzbekistan,"20,688",18.4,0%,25 : 75,Tashkent University of Information Technologies,False,False,False,
19220,1922,Technical University of Cartagena,10.3–27.2,19220,28.6,914,13.8,1405,31.2,1661,41.0,1124,42.4,1193,i-03946233,master_account,0,/world-university-rankings/technical-university-cartagena,638561,Spain,"4,546",10.4,10%,28 : 72,Technical University of Cartagena,False,False,False,
19230,1923,Technical University of Cluj-Napoca,10.3–27.2,19230,17.8,1798,13.9,1393,36.4,1525,41.7,1105,27.3,1867,i-99628006,master_account,0,/world-university-rankings/technical-university-cluj-napoca,670557,Romania,"18,486",20.3,3%,38 : 62,Technical University of Cluj-Napoca,False,False,False,
19240,1924,Technical University of Crete,10.3–27.2,19240,15.6,1983,15.1,1285,45.0,1300,45.1,1053,38.9,1334,i-13437813,master_account,0,/world-university-rankings/technical-university-crete,685450,Greece,"7,080",33.2,5%,29 : 71,Technical University of Crete,False,False,False,
19250,1925,Technical University of Košice,10.3–27.2,19250,26.8,1034,16.8,1146,26.4,1792,42.9,1088,51.7,853,i-74720973,master_account,11,/world-university-rankings/technical-university-kosice,623922,Slovakia,"11,397",16.8,41%,25 : 75,Technical University of Košice,False,False,False,
19260,1926,Technical University of Liberec,10.3–27.2,19260,22.2,1404,16.9,1131,20.3,1938,37.6,1198,47.7,1008,i-13259571,master_account,0,/world-university-rankings/technical-university-liberec,131345,Czechia,"5,565",11.3,10%,53 : 47,Technical University of Liberec,False,False,False,
19270,1927,Technical University of Sofia,10.3–27.2,19270,22.9,1348,11.5,1680,22.1,1900,37.7,1196,24.7,1993,i-54060822,master_account,0,/world-university-rankings/technical-university-sofia,708377,Bulgaria,"10,396",10.5,8%,29 : 71,Technical University of Sofia,False,False,False,
19280,1928,Technological University of Pereira,10.3–27.2,19280,16.7,1893,7.7,2182,10.0,2141,20.5,1835,34.3,1543,i-30778841,master_account,0,/world-university-rankings/technological-university-pereira,621693,Colombia,"16,544",17.0,0%,43 : 57,Technological University of Pereira,False,False,False,
19290,1929,Tecnológico de Costa Rica,10.3–27.2,19290,20.1,1586,8.6,2111,14.7,2053,17.8,2036,39.1,1323,i-13833527,master_account,0,/world-university-rankings/tecnologico-de-costa-rica,701258,Costa Rica,"10,169",12.8,2%,38 : 62,Tecnológico de Costa Rica,False,False,False,
19300,1930,Teikyo University,10.3–27.2,19300,16.2,1927,14.0,1378,29.6,1702,41.7,1106,27.7,1848,i-81842721,master_account,0,/world-university-rankings/teikyo-university,609231,Japan,"22,761",20.7,6%,36 : 64,Teikyo University,False,False,False,
19310,1931,Tekirdağ Namık Kemal University,10.3–27.2,19310,13.1,2122,9.6,1963,17.6,1985,18.4,1989,25.0,1987,i-86706851,master_account,0,/world-university-rankings/tekirdag-namik-kemal-university,624768,Turkey,"31,784",28.0,7%,45 : 55,Tekirdağ Namık Kemal University,False,False,False,
19320,1932,Telkom University,10.3–27.2,19320,16.5,1902,12.8,1514,32.7,1620,36.1,1242,53.9,783,i-93837833,master_account,0,/world-university-rankings/telkom-university,690040,Indonesia,"18,089",14.7,10%,41 : 59,Telkom University,False,False,False,
19330,1933,Temuco Catholic University,10.3–27.2,19330,21.6,1449,11.0,1759,14.8,2049,18.8,1963,45.1,1101,i-08329652,master_account,0,/world-university-rankings/temuco-catholic-university,621696,Chile,"10,711",10.1,0%,61 : 39,Temuco Catholic University,False,False,False,
19340,1934,The University of Danang,10.3–27.2,19340,10.4,2184,9.4,1997,32.0,1642,24.7,1587,48.1,999,i-45641699,master_account,0,/world-university-rankings/university-danang,672222,Vietnam,"60,839",36.0,1%,58 : 42,The University of Danang,False,False,False,
19350,1935,Thiagarajar College of Engineering,10.3–27.2,19350,19.6,1634,9.0,2064,26.7,1785,20.0,1865,19.2,2175,i-98551641,master_account,0,/world-university-rankings/thiagarajar-college-engineering,715402,India,"4,835",16.0,0%,40 : 60,Thiagarajar College of Engineering,False,False,False,
19360,1936,Tikrit University,10.3–27.2,19360,30.4,786,9.4,1998,15.6,2030,16.6,2154,21.9,2121,i-00368661,master_account,0,/world-university-rankings/tikrit-university,651572,Iraq,"33,551",11.0,0%,41 : 59,Tikrit University,False,False,False,
19370,1937,Toho University,10.3–27.2,19370,24.4,1216,15.4,1256,33.9,1589,59.5,755,21.5,2127,i-16498163,master_account,0,/world-university-rankings/toho-university,609234,Japan,"5,275",13.6,1%,55 : 45,Toho University,False,False,False,
19380,1938,Tokat Gaziosmanpaşa University,10.3–27.2,19380,19.0,1681,10.0,1899,36.5,1523,23.2,1667,36.3,1443,i-47310483,master_account,0,/world-university-rankings/tokat-gaziosmanpasa-university,624285,Turkey,"21,110",13.7,14%,39 : 61,Tokat Gaziosmanpaşa University,False,False,False,
19390,1939,Tokyo City University,10.3–27.2,19390,17.9,1788,12.0,1609,15.7,2028,47.3,1000,29.7,1755,i-97190259,master_account,0,/world-university-rankings/tokyo-city-university,587859,Japan,"7,789",28.2,2%,26 : 74,Tokyo City University,False,False,False,
19400,1940,Tokyo Denki University,10.3–27.2,19400,15.2,2009,8.9,2072,14.2,2067,48.5,972,21.5,2128,i-46569572,master_account,0,/world-university-rankings/tokyo-denki-university,589262,Japan,"9,991",28.6,2%,13 : 87,Tokyo Denki University,False,False,False,
19410,1941,Tokyo Metropolitan University,10.3–27.2,19410,29.7,839,16.2,1189,29.8,1696,52.8,889,33.5,1583,i-66251487,master_account,6,/world-university-rankings/tokyo-metropolitan-university,712,Japan,"8,789",10.7,5%,39 : 61,Tokyo Metropolitan University,False,False,False,
19420,1942,Tokyo University of Agriculture,10.3–27.2,19420,19.9,1604,9.8,1938,22.8,1886,34.7,1279,26.4,1912,i-99134033,master_account,0,/world-university-rankings/tokyo-university-agriculture,609564,Japan,"13,209",33.6,2%,44 : 56,Tokyo University of Agriculture,False,False,False,
19430,1943,Tokyo University of Marine Science and Technology,10.3–27.2,19430,30.2,804,17.8,1067,22.7,1890,58.1,782,46.0,1069,i-22364826,master_account,0,/world-university-rankings/tokyo-university-marine-science-and-technology,131398,Japan,"2,571",11.6,8%,33 : 67,Tokyo University of Marine Science and Technology,False,False,False,
19440,1944,Tokyo University of Technology,10.3–27.2,19440,16.3,1919,12.9,1500,11.6,2112,31.7,1356,33.1,1606,i-01460604,master_account,0,/world-university-rankings/tokyo-university-technology,609876,Japan,"7,808",27.1,3%,35 : 65,Tokyo University of Technology,False,False,False,
19450,1945,Tomsk State University of Control Systems and Radioelectronics,10.3–27.2,19450,22.9,1349,16.9,1132,15.0,2047,52.9,888,37.5,1387,i-18521683,master_account,0,/world-university-rankings/tomsk-state-university-control-systems-and-radioelectronics,131380,Russian Federation,"6,402",12.2,16%,26 : 74,Tomsk State University of Control Systems and Radioelectronics,False,False,True,
19460,1946,Tottori University,10.3–27.2,19460,28.4,928,14.0,1379,22.6,1891,55.3,842,25.8,1947,i-48465281,master_account,0,/world-university-rankings/tottori-university,131538,Japan,"5,994",8.3,2%,39 : 61,Tottori University,False,False,False,
19470,1947,Toyama Prefectural University,10.3–27.2,19470,22.8,1354,9.5,1980,7.9,2167,32.6,1335,23.4,2058,i-71298603,master_account,0,/world-university-rankings/toyama-prefectural-university,609381,Japan,"2,197",10.5,1%,36 : 64,Toyama Prefectural University,False,False,False,
19480,1948,Toyo University,10.3–27.2,19480,15.6,1984,9.1,2049,11.0,2120,30.5,1391,35.3,1498,i-76220861,master_account,0,/world-university-rankings/toyo-university,131682,Japan,"29,543",19.1,6%,41 : 59,Toyo University,False,False,False,
19490,1949,Trakia University,10.3–27.2,19490,20.9,1512,10.3,1861,8.3,2160,19.4,1908,26.9,1890,i-95229373,master_account,0,/world-university-rankings/trakia-university,727189,Bulgaria,"7,188",11.7,9%,67 : 33,Trakia University,False,False,False,
19500,1950,Trakya University,10.3–27.2,19500,13.9,2085,9.2,2028,20.5,1934,19.9,1874,30.5,1721,i-64395373,master_account,0,/world-university-rankings/trakya-university,624675,Turkey,"42,685",24.1,11%,50 : 50,Trakya University,False,False,False,
19510,1951,Transilvania University of Brașov,10.3–27.2,19510,14.8,2035,13.4,1441,47.7,1246,35.9,1247,40.5,1271,i-05258822,master_account,0,/world-university-rankings/transilvania-university-brasov,678543,Romania,"20,101",22.5,2%,53 : 47,Transilvania University of Brașov,False,False,False,
19520,1952,Tribhuvan University,10.3–27.2,19520,13.6,2104,7.8,2180,46.7,1262,18.1,2014,45.7,1078,i-85128282,master_account,0,/world-university-rankings/tribhuvan-university,624417,Nepal,"499,671",19.6,0%,52 : 48,Tribhuvan University,False,False,False,
19530,1953,Tula State University,10.3–27.2,19530,14.0,2082,8.4,2132,4.4,2190,17.7,2047,22.4,2104,i-40293751,master_account,0,/world-university-rankings/tula-state-university,624210,Russian Federation,"18,611",19.5,6%,39 : 61,Tula State University,False,False,True,
19540,1954,Tunghai University,10.3–27.2,19540,15.7,1968,15.4,1257,40.8,1415,44.2,1068,48.4,991,i-96286163,master_account,0,/world-university-rankings/tunghai-university,621585,Taiwan,"14,886",20.5,9%,55 : 45,Tunghai University,False,False,False,
19550,1955,Ubon Ratchathani University,10.3–27.2,19550,15.7,1969,10.1,1885,43.0,1346,27.0,1510,30.7,1712,i-30877211,master_account,0,/world-university-rankings/ubon-ratchathani-university,688681,Thailand,"13,247",18.2,0%,67 : 33,Ubon Ratchathani University,False,False,False,
19560,1956,Ufa State Petroleum Technological University,10.3–27.2,19560,23.8,1264,7.9,2176,12.4,2100,17.4,2076,31.1,1693,i-67066908,master_account,0,/world-university-rankings/ufa-state-petroleum-technological-university,587820,Russian Federation,"12,689",7.8,13%,39 : 61,Ufa State Petroleum Technological University,False,False,True,
19570,1957,Ukrainian State University of Science and Technologies,10.3–27.2,19570,19.8,1614,8.9,2073,12.0,2106,20.9,1807,24.5,2008,i-15043561,master_account,0,/world-university-rankings/ukrainian-state-university-science-and-technologies,736132,Ukraine,"15,419",13.0,0%,34 : 66,Ukrainian State University of Science and Technologies,False,False,False,
19580,1958,UNIR – International University of La Rioja,10.3–27.2,19580,12.6,2147,15.6,1237,35.9,1539,20.6,1828,57.4,693,i-12050062,master_account,0,/world-university-rankings/unir-international-university-la-rioja-0,660794,Spain,"53,424",46.1,34%,63 : 37,UNIR – International University of La Rioja,False,False,False,
19590,1959,Unisinos University,10.3–27.2,19590,21.6,1450,20.7,896,26.1,1800,55.3,843,30.7,1713,i-92076143,master_account,0,/world-university-rankings/unisinos-university,131776,Brazil,"14,944",30.4,0%,53 : 47,Unisinos University,False,False,False,
19600,1960,Universidad Andrés Bello (UNAB),10.3–27.2,19600,15.7,1970,10.8,1786,37.6,1498,22.4,1716,52.5,825,i-84976793,master_account,0,/world-university-rankings/universidad-andres-bello-unab,623754,Chile,"49,719",17.8,3%,55 : 45,Universidad Andrés Bello (UNAB),False,False,False,
19610,1961,Universidad Autónoma de Chile,10.3–27.2,19610,13.0,2128,13.3,1455,39.9,1438,20.7,1817,55.5,739,i-08815421,master_account,0,/world-university-rankings/universidad-autonoma-de-chile,626166,Chile,"30,410",26.8,1%,64 : 36,Universidad Autónoma de Chile,False,False,False,
19620,1962,Universidad Autónoma de Coahuila,10.3–27.2,19620,21.5,1459,8.1,2162,12.0,2107,17.1,2109,27.1,1883,i-92688964,master_account,0,/world-university-rankings/universidad-autonoma-de-coahuila,625764,Mexico,"28,386",11.3,0%,58 : 42,Universidad Autónoma de Coahuila,False,False,False,
19630,1963,Universidad Autónoma del Estado de Hidalgo,10.3–27.2,19630,17.7,1814,9.2,2029,10.0,2142,19.2,1927,26.9,1891,i-41741131,master_account,0,/world-university-rankings/universidad-autonoma-del-estado-de-hidalgo,584760,Mexico,"38,623",14.2,1%,58 : 42,Universidad Autónoma del Estado de Hidalgo,False,False,False,
19640,1964,Universidad Autónoma del Estado de Mexico (UAEMex),10.3–27.2,19640,23.1,1331,10.0,1900,7.9,2168,18.3,1996,26.6,1903,i-96809168,master_account,0,/world-university-rankings/universidad-autonoma-del-estado-de-mexico-uaemex,131803,Mexico,"69,400",9.8,1%,59 : 41,Universidad Autónoma del Estado de Mexico (UAEMex),False,False,False,
19650,1965,Universidad Autónoma de Nuevo León (UANL),10.3–27.2,19650,12.9,2135,9.7,1950,17.0,1995,22.4,1717,32.8,1618,i-28240773,master_account,0,/world-university-rankings/universidad-autonoma-de-nuevo-leon-uanl,131435,Mexico,"134,947",48.4,0%,51 : 49,Universidad Autónoma de Nuevo León (UANL),False,False,False,
19660,1966,Universidad Autónoma de Querétaro,10.3–27.2,19660,22.7,1364,11.3,1708,19.4,1960,29.8,1416,28.3,1821,i-87652473,master_account,0,/world-university-rankings/universidad-autonoma-de-queretaro,625539,Mexico,"24,995",42.8,1%,58 : 42,Universidad Autónoma de Querétaro,False,False,False,
19670,1967,Universidad Autónoma de Yucatán,10.3–27.2,19670,16.0,1950,9.8,1939,11.5,2115,24.1,1625,31.6,1670,i-71607971,master_account,0,/world-university-rankings/universidad-autonoma-de-yucatan,584739,Mexico,"19,900",19.7,1%,50 : 50,Universidad Autónoma de Yucatán,False,False,False,
19680,1968,Universidad Católica de la Santísima Concepción,10.3–27.2,19680,11.7,2168,18.2,1038,26.9,1779,17.6,2053,50.3,896,i-37077185,master_account,0,/world-university-rankings/universidad-catolica-de-la-santisima-concepcion,625752,Chile,"9,954",23.7,1%,56 : 44,Universidad Católica de la Santísima Concepción,False,False,False,
19690,1969,Universidad Católica del Maule,10.3–27.2,19690,16.1,1940,15.8,1224,26.0,1802,17.8,2037,54.6,769,i-12237559,master_account,0,/world-university-rankings/universidad-catolica-del-maule,621720,Chile,"12,490",20.4,1%,53 : 47,Universidad Católica del Maule,False,False,False,
19700,1970,Universidad Científica del Sur,10.3–27.2,19700,21.4,1468,9.2,2030,14.4,2060,16.3,2179,41.4,1232,i-48285151,master_account,0,/world-university-rankings/universidad-cientifica-del-sur,657488,Peru,"20,474",10.0,1%,66 : 34,Universidad Científica del Sur,False,False,False,
19710,1971,Universidad de Cartagena,10.3–27.2,19710,13.4,2111,10.0,1901,55.2,1030,18.9,1955,39.8,1288,i-61682351,master_account,0,/world-university-rankings/universidad-de-cartagena,625290,Colombia,"24,568",22.6,1%,47 : 53,Universidad de Cartagena,False,False,False,
19720,1972,Universidad de las Fuerzas Armadas – ESPE,10.3–27.2,19720,13.0,2129,8.0,2167,12.8,2095,21.1,1792,35.5,1486,i-63677962,master_account,0,/world-university-rankings/universidad-de-las-fuerzas-armadas-espe,625959,Ecuador,"28,109",19.9,0%,46 : 54,Universidad de las Fuerzas Armadas – ESPE,False,False,False,
19730,1973,Universidad del Valle,10.3–27.2,19730,24.9,1177,9.4,1999,13.5,2084,21.1,1793,40.1,1281,i-31552043,master_account,0,/world-university-rankings/universidad-del-valle,623592,Colombia,"33,529",8.1,1%,50 : 50,Universidad del Valle,False,False,False,
19740,1974,Universidad Distrital Francisco José de Caldas,10.3–27.2,19740,17.5,1834,9.1,2050,12.0,2108,19.3,1918,30.8,1708,i-02079583,master_account,0,/world-university-rankings/universidad-distrital-francisco-jose-de-caldas,621504,Colombia,"28,761",14.5,0%,36 : 64,Universidad Distrital Francisco José de Caldas,False,False,False,
19750,1975,Universidade do Estado de Santa Catarina,10.3–27.2,19750,31.5,727,11.8,1639,16.2,2016,27.4,1497,23.9,2039,i-56206173,master_account,0,/world-university-rankings/universidade-do-estado-de-santa-catarina,625293,Brazil,"11,738",11.5,1%,55 : 45,Universidade do Estado de Santa Catarina,False,False,False,
19760,1976,Universidade do Estado do Rio de Janeiro (UERJ),10.3–27.2,19760,32.2,684,12.3,1570,24.5,1843,23.2,1668,29.7,1756,i-02235833,master_account,0,/world-university-rankings/universidade-do-estado-do-rio-de-janeiro-uerj,131279,Brazil,"34,661",11.8,0%,55 : 45,Universidade do Estado do Rio de Janeiro (UERJ),False,False,False,
19770,1977,Universidade Estadual de Feira de Santana (UEFS),10.3–27.2,19770,21.4,1469,9.8,1940,18.7,1972,17.9,2026,28.3,1822,i-70587606,master_account,0,/world-university-rankings/universidade-estadual-de-feira-de-santana-uefs,621426,Brazil,"10,209",11.2,0%,54 : 46,Universidade Estadual de Feira de Santana (UEFS),False,False,False,
19780,1978,Universidade Estadual de Maringá,10.3–27.2,19780,31.8,702,14.2,1359,19.2,1964,26.8,1519,23.7,2050,i-35968402,master_account,0,/world-university-rankings/universidade-estadual-de-maringa,131470,Brazil,"17,887",11.4,0%,56 : 44,Universidade Estadual de Maringá,False,False,False,
19790,1979,Universidade Estadual do Maranhão,10.3–27.2,19790,15.8,1963,9.2,2031,8.6,2157,16.2,2185,24.0,2033,i-00997223,master_account,0,/world-university-rankings/universidade-estadual-do-maranhao,625890,Brazil,"20,516",15.3,0%,62 : 38,Universidade Estadual do Maranhão,False,False,False,
19800,1980,Universidade Estadual do Norte Fluminense Darcy Ribeiro,10.3–27.2,19800,29.8,834,11.9,1627,21.6,1906,21.9,1749,35.0,1511,i-15164954,master_account,0,/world-university-rankings/universidade-estadual-do-norte-fluminense-darcy-ribeiro,625545,Brazil,"6,353",19.4,0%,62 : 38,Universidade Estadual do Norte Fluminense Darcy Ribeiro,False,False,False,
19810,1981,Universidade Estadual do Oeste do Paraná (Unioeste),10.3–27.2,19810,25.3,1145,10.0,1902,8.1,2161,17.9,2027,21.7,2122,i-22447953,master_account,0,/world-university-rankings/universidade-estadual-do-oeste-do-parana-unioeste,625686,Brazil,"13,600",10.7,0%,62 : 38,Universidade Estadual do Oeste do Paraná (Unioeste),False,False,False,
19820,1982,Universidade Federal da Bahia,10.3–27.2,19820,27.1,1013,14.6,1325,30.0,1692,25.1,1570,33.0,1611,i-99937462,master_account,0,/world-university-rankings/universidade-federal-da-bahia,131825,Brazil,"50,721",19.0,1%,54 : 46,Universidade Federal da Bahia,False,False,False,
19830,1983,Universidade Federal de Ciências da Saúde de Porto Alegre (UFCSPA),10.3–27.2,19830,23.2,1321,13.1,1474,27.5,1763,30.4,1393,30.3,1729,i-80053962,master_account,0,/world-university-rankings/universidade-federal-de-ciencias-da-saude-de-porto-alegre-ufcspa,639032,Brazil,"4,652",13.0,2%,70 : 30,Universidade Federal de Ciências da Saúde de Porto Alegre (UFCSPA),False,False,False,
19840,1984,Universidade Federal de Juiz de Fora,10.3–27.2,19840,23.7,1275,13.1,1475,34.7,1568,25.1,1571,31.5,1674,i-82763711,master_account,0,/world-university-rankings/universidade-federal-de-juiz-de-fora,621432,Brazil,"24,376",15.1,1%,55 : 45,Universidade Federal de Juiz de Fora,False,False,False,
19850,1985,Universidade Federal de Ouro Preto (UFOP),10.3–27.2,19850,22.3,1396,22.2,806,23.5,1869,35.2,1262,26.0,1935,i-29282261,master_account,0,/world-university-rankings/universidade-federal-de-ouro-preto-ufop,584778,Brazil,"13,409",14.4,1%,50 : 50,Universidade Federal de Ouro Preto (UFOP),False,False,False,
19860,1986,Universidade Federal de Sergipe,10.3–27.2,19860,20.1,1587,10.6,1814,27.5,1764,22.8,1694,29.9,1744,i-50925242,master_account,0,/world-university-rankings/universidade-federal-de-sergipe-0,625488,Brazil,"24,819",14.7,0%,54 : 46,Universidade Federal de Sergipe,False,False,False,
19870,1987,Universidade Federal do ABC (UFABC),10.3–27.2,19870,18.8,1704,17.3,1103,36.0,1538,28.9,1441,45.1,1102,i-53965116,master_account,0,/world-university-rankings/universidade-federal-do-abc-ufabc,584718,Brazil,"19,284",25.4,1%,38 : 62,Universidade Federal do ABC (UFABC),False,False,False,
19880,1988,Universidade Federal do Maranhão (UFMA),10.3–27.2,19880,15.0,2023,12.0,1610,15.8,2022,24.6,1598,24.2,2022,i-39451921,master_account,0,/world-university-rankings/universidade-federal-do-maranhao-ufma,621456,Brazil,"47,330",23.5,0%,53 : 47,Universidade Federal do Maranhão (UFMA),False,False,False,
19890,1989,Universidade Federal Rural do Semi-Arido,10.3–27.2,19890,18.0,1778,8.5,2126,7.4,2169,16.3,2180,19.1,2181,i-81746732,master_account,0,/world-university-rankings/universidade-federal-rural-do-semi-arido,639104,Brazil,"11,086",14.8,0%,41 : 59,Universidade Federal Rural do Semi-Arido,False,False,False,
19900,1990,Universidade Lusófona,10.3–27.2,19900,23.6,1286,9.9,1920,36.9,1511,20.7,1818,54.9,759,i-57789339,master_account,0,/world-university-rankings/universidade-lusofona,725646,Portugal,"12,743",6.2,17%,55 : 45,Universidade Lusófona,False,False,False,
19910,1991,Universidade Nove de Julho (Uninove),10.3–27.2,19910,23.6,1287,9.1,2051,12.0,2109,17.8,2038,32.1,1640,i-47058034,master_account,0,/world-university-rankings/universidade-nove-de-julho-uninove,584763,Brazil,"92,549",20.0,1%,58 : 42,Universidade Nove de Julho (Uninove),False,False,False,
19920,1992,Universidad Francisco de Vitoria,10.3–27.2,19920,15.5,1993,12.7,1525,46.3,1267,18.3,1997,41.3,1238,i-83125082,master_account,0,/world-university-rankings/universidad-francisco-de-vitoria,622479,Spain,"14,642",21.2,8%,45 : 55,Universidad Francisco de Vitoria,False,False,False,
19930,1993,Universidad Industrial de Santander (UIS),10.3–27.2,19930,16.2,1928,11.4,1694,14.4,2061,24.2,1612,39.1,1324,i-01827582,master_account,0,/world-university-rankings/universidad-industrial-de-santander-uis,623517,Colombia,"21,778",25.4,1%,46 : 54,Universidad Industrial de Santander (UIS),False,False,False,
19940,1994,Universidad Loyola,10.3–27.2,19940,16.2,1929,16.5,1167,41.9,1379,20.2,1854,48.7,981,i-85295582,master_account,0,/world-university-rankings/universidad-loyola,719226,Spain,"5,635",17.8,5%,57 : 43,Universidad Loyola,False,False,False,
19950,1995,Universidad Mayor,10.3–27.2,19950,19.7,1624,8.9,2074,33.2,1608,17.6,2054,48.2,996,i-69201725,master_account,0,/world-university-rankings/universidad-mayor,621681,Chile,"23,839",11.5,1%,55 : 45,Universidad Mayor,False,False,False,
19960,1996,Universidad Michoacana de San Nicolás de Hidalgo,10.3–27.2,19960,15.5,1994,8.9,2075,13.5,2085,19.4,1909,29.5,1767,i-59901991,master_account,0,/world-university-rankings/universidad-michoacana-de-san-nicolas-de-hidalgo,623727,Mexico,"42,472",26.4,2%,56 : 44,Universidad Michoacana de San Nicolás de Hidalgo,False,False,False,
19970,1997,Universidad Nacional Agraria La Molina,10.3–27.2,19970,23.9,1252,8.0,2168,11.1,2118,16.8,2142,44.8,1117,i-79617432,master_account,0,/world-university-rankings/universidad-nacional-agraria-la-molina,625278,Peru,"7,819",9.2,1%,49 : 51,Universidad Nacional Agraria La Molina,False,False,False,
19980,1998,Universidad Nacional de Asunción,10.3–27.2,19980,22.4,1390,9.6,1964,24.9,1834,20.4,1844,47.2,1026,i-51527861,master_account,0,/world-university-rankings/universidad-nacional-de-asuncion,625533,Paraguay,"52,870",8.9,1%,56 : 44,Universidad Nacional de Asunción,False,False,False,
19990,1999,Universidad Nacional del Litoral,10.3–27.2,19990,13.5,2107,9.6,1965,16.9,1997,25.2,1566,33.3,1591,i-56820834,master_account,0,/world-university-rankings/universidad-nacional-del-litoral,624330,Argentina,"50,839",34.9,1%,63 : 37,Universidad Nacional del Litoral,False,False,False,
20000,2000,Universidad Nacional Mayor de San Marcos,10.3–27.2,20000,20.6,1542,10.6,1815,13.8,2074,16.6,2155,34.0,1557,i-66873881,master_account,0,/world-university-rankings/universidad-nacional-mayor-de-san-marcos,622884,Peru,"42,959",13.3,1%,44 : 56,Universidad Nacional Mayor de San Marcos,False,False,False,
20010,2001,Universidad Panamericana (UP),10.3–27.2,20010,24.5,1206,9.2,2032,12.5,2097,19.3,1919,46.9,1034,i-56250001,master_account,1,/world-university-rankings/universidad-panamericana,589358,Mexico,"17,141",7.6,2%,51 : 49,Universidad Panamericana (UP),False,False,False,
20020,2002,Universidad Pedagogica y Tecnologica de Colombia - UPTC,10.3–27.2,20020,13.9,2086,8.0,2169,6.0,2182,16.4,2170,34.1,1554,i-29497403,master_account,0,/world-university-rankings/universidad-pedagogica-y-tecnologica-de-colombia-uptc,639359,Colombia,"36,136",18.7,0%,55 : 45,Universidad Pedagogica y Tecnologica de Colombia - UPTC,False,False,False,
20030,2003,Universidad Peruana de Ciencias Aplicadas (UPC),10.3–27.2,20030,12.0,2160,8.8,2086,13.6,2082,17.2,2099,33.5,1584,i-12013252,master_account,0,/world-university-rankings/universidad-peruana-de-ciencias-aplicadas-upc,625590,Peru,"81,453",29.7,2%,49 : 51,Universidad Peruana de Ciencias Aplicadas (UPC),False,False,False,
20040,2004,Universidad Politécnica Salesiana,10.3–27.2,20040,13.1,2123,9.6,1966,14.6,2054,20.3,1847,33.2,1599,i-07977063,master_account,0,/world-university-rankings/universidad-politecnica-salesiana,639089,Ecuador,"21,393",20.3,1%,41 : 59,Universidad Politécnica Salesiana,False,False,False,
20050,2005,Universidad Pontificia Bolivariana (UPB),10.3–27.2,20050,25.5,1131,12.0,1611,12.3,2102,36.1,1243,34.8,1520,i-44138402,master_account,0,/world-university-rankings/universidad-pontificia-bolivariana-upb,131507,Colombia,"9,763",11.0,3%,57 : 43,Universidad Pontificia Bolivariana (UPB),False,False,False,
20060,2006,Universidad San Ignacio de Loyola,10.3–27.2,20060,12.0,2161,10.1,1886,29.4,1709,16.7,2150,40.9,1254,i-91842813,master_account,0,/world-university-rankings/universidad-san-ignacio-de-loyola,621708,Peru,"24,365",29.6,1%,48 : 52,Universidad San Ignacio de Loyola,False,False,False,
20070,2007,Universidad Santo Tomás,10.3–27.2,20070,13.4,2112,10.7,1799,15.4,2038,16.6,2156,45.6,1081,i-02436562,master_account,0,/world-university-rankings/universidad-santo-tomas,685402,Chile,"26,783",21.2,0%,68 : 32,Universidad Santo Tomás,False,False,False,
20080,2008,Universidad Técnica de Manabí,10.3–27.2,20080,9.6,2190,9.3,2011,8.9,2154,16.1,2186,60.0,624,i-57495181,master_account,0,/world-university-rankings/universidad-tecnica-de-manabi,719224,Ecuador,"40,183",41.4,1%,61 : 39,Universidad Técnica de Manabí,False,False,False,
20090,2009,Universidad Técnica Particular de Loja,10.3–27.2,20090,13.4,2113,8.5,2127,12.1,2104,20.1,1859,44.9,1115,i-63343592,master_account,0,/world-university-rankings/universidad-tecnica-particular-de-loja,639068,Ecuador,"38,641",19.3,2%,56 : 44,Universidad Técnica Particular de Loja,False,False,False,
20100,2010,Universitas Ahmad Dahlan,10.3–27.2,20100,12.0,2162,11.3,1709,43.6,1332,25.8,1547,38.8,1338,i-58840302,master_account,0,/world-university-rankings/universitas-ahmad-dahlan,719189,Indonesia,"19,044",24.6,2%,55 : 45,Universitas Ahmad Dahlan,False,False,False,
20110,2011,Universitas Andalas,10.3–27.2,20110,17.8,1800,11.9,1628,22.6,1892,37.8,1193,42.3,1196,i-04694261,master_account,0,/world-university-rankings/universitas-andalas,707933,Indonesia,"34,409",17.7,2%,60 : 40,Universitas Andalas UNAND Universitas Andalas,False,False,False,
20120,2012,Universitas Muhammadiyah Malang,10.3–27.2,20120,11.6,2170,9.6,1967,31.4,1658,16.5,2163,29.5,1768,i-63547308,master_account,0,/world-university-rankings/universitas-muhammadiyah-malang,727502,Indonesia,"31,158",37.0,0%,52 : 48,Universitas Muhammadiyah Malang,False,False,False,
20130,2013,Universitas Muhammadiyah Yogyakarta,10.3–27.2,20130,12.4,2153,11.9,1629,25.4,1816,18.3,1998,49.0,971,i-55683132,master_account,0,/world-university-rankings/universitas-muhammadiyah-yogyakarta,701563,Indonesia,"23,551",28.1,2%,48 : 52,Universitas Muhammadiyah Yogyakarta,False,False,False,
20140,2014,Universitas Negeri Jakarta,10.3–27.2,20140,21.2,1482,11.2,1722,23.2,1877,16.0,2190,21.2,2136,i-81113204,master_account,0,/world-university-rankings/universitas-negeri-jakarta,724768,Indonesia,"27,808",28.4,0%,64 : 36,Universitas Negeri Jakarta,False,False,False,
20150,2015,Universitas Negeri Padang,10.3–27.2,20150,12.8,2141,8.6,2112,52.3,1110,16.8,2143,42.0,1207,i-50860243,master_account,0,/world-university-rankings/universitas-negeri-padang,726468,Indonesia,"45,714",22.1,1%,67 : 33,Universitas Negeri Padang,False,False,False,
20160,2016,Universitas Negeri Semarang,10.3–27.2,20160,13.2,2119,11.7,1649,44.7,1305,17.1,2110,30.4,1727,i-23950959,master_account,0,/world-university-rankings/universitas-negeri-semarang,718584,Indonesia,"54,005",36.5,1%,63 : 37,Universitas Negeri Semarang,False,False,False,
20170,2017,Universitas Negeri Surabaya,10.3–27.2,20170,13.8,2091,10.6,1816,25.7,1806,21.1,1795,37.0,1409,i-98730401,master_account,0,/world-university-rankings/universitas-negeri-surabaya,710462,Indonesia,"37,684",29.7,1%,65 : 35,Universitas Negeri Surabaya,False,False,False,
20180,2018,Universitas Negeri Yogyakarta,10.3–27.2,20180,19.2,1668,12.1,1596,46.0,1276,24.3,1608,35.7,1474,i-48352793,master_account,0,/world-university-rankings/universitas-negeri-yogyakarta,622548,Indonesia,"27,783",17.2,2%,56 : 44,Universitas Negeri Yogyakarta,False,False,False,
20190,2019,Universitas Pendidikan Indonesia,10.3–27.2,20190,20.3,1560,11.9,1630,32.2,1639,20.7,1819,28.4,1816,i-03858186,master_account,0,/world-university-rankings/universitas-pendidikan-indonesia,691819,Indonesia,"37,007",16.9,2%,56 : 44,Universitas Pendidikan Indonesia,False,False,False,
20200,2020,Universitas Sriwijaya,10.3–27.2,20200,14.3,2064,9.5,1981,14.8,2050,18.7,1967,19.8,2162,i-61619944,master_account,0,/world-university-rankings/universitas-sriwijaya,719245,Indonesia,"42,322",24.6,0%,61 : 39,Universitas Sriwijaya,False,False,False,
20210,2021,Universitas Sumatera Utara,10.3–27.2,20210,17.8,1801,11.3,1710,27.6,1761,21.2,1783,37.7,1383,i-97162473,master_account,0,/world-university-rankings/universitas-sumatera-utara,704789,Indonesia,"40,855",18.1,2%,55 : 45,Universitas Sumatera Utara,False,False,False,
20220,2022,Universitas Syiah Kuala,10.3–27.2,20220,17.5,1835,9.6,1968,48.0,1231,19.5,1900,25.6,1958,i-17828981,master_account,0,/world-university-rankings/universitas-syiah-kuala,723780,Indonesia,"30,794",15.8,0%,62 : 38,Universitas Syiah Kuala,False,False,False,
20230,2023,Université 8 Mai 1945 Guelma,10.3–27.2,20230,18.7,1712,8.6,2113,30.6,1674,19.5,1901,35.6,1481,i-67481192,master_account,0,/world-university-rankings/universite-8-mai-1945-guelma,670407,Algeria,"16,676",16.1,1%,70 : 30,Université 8 Mai 1945 Guelma,False,False,False,
20240,2024,Université Cheikh Anta Diop de Dakar (UCAD),10.3–27.2,20240,16.3,1920,10.7,1800,17.5,1986,23.9,1638,52.2,838,i-21617384,master_account,0,/world-university-rankings/universite-cheikh-anta-diop-de-dakar-ucad,624474,Senegal,"92,109",62.2,5%,45 : 55,Université Cheikh Anta Diop de Dakar (UCAD),False,False,False,
20250,2025,Université Chouaïb Doukkali,10.3–27.2,20250,15.8,1964,11.6,1663,40.1,1434,21.5,1767,28.3,1823,i-41275241,master_account,0,/world-university-rankings/universite-chouaib-doukkali,709676,Morocco,"27,900",39.6,2%,60 : 40,Université Chouaïb Doukkali,False,False,False,
20260,2026,Université de Gabès,10.3–27.2,20260,20.3,1561,11.5,1681,35.0,1561,20.5,1836,44.2,1135,i-04138912,master_account,0,/world-university-rankings/universite-de-gabes,709562,Tunisia,"15,003",13.6,1%,74 : 26,Université de Gabès,False,False,False,
20270,2027,Université de Skikda,10.3–27.2,20270,13.0,2130,7.7,2183,48.6,1213,16.9,2132,42.2,1201,i-11687561,master_account,0,/world-university-rankings/universite-de-skikda,720221,Algeria,"28,640",23.6,0%,69 : 31,Université de Skikda,False,False,False,
20280,2028,Université Frères Mentouri Constantine 1,10.3–27.2,20280,20.2,1575,8.8,2087,15.2,2043,19.2,1928,36.8,1418,i-90319265,master_account,0,/world-university-rankings/universite-freres-mentouri-constantine-1,648689,Algeria,"29,573",15.3,1%,68 : 32,Université Frères Mentouri Constantine 1,False,False,False,
20290,2029,Université Hassan II de Casablanca,10.3–27.2,20290,22.3,1397,9.4,2000,44.6,1306,27.0,1511,28.5,1812,i-48604501,master_account,0,/world-university-rankings/universite-hassan-ii-de-casablanca,587808,Morocco,"120,987",32.6,2%,74 : 26,Université Hassan II de Casablanca,False,False,False,
20300,2030,Université Kasdi Merbah Ouargla,10.3–27.2,20300,28.2,942,10.2,1872,21.0,1926,17.3,2084,32.6,1624,i-22533531,master_account,0,/world-university-rankings/universite-kasdi-merbah-ouargla,650231,Algeria,"27,341",20.0,0%,60 : 40,Université Kasdi Merbah Ouargla,False,False,False,
20310,2031,Université Mouloud Mammeri de Tizi-Ouzou,10.3–27.2,20310,18.2,1755,8.0,2170,6.6,2178,17.1,2111,41.1,1248,i-91134682,master_account,0,/world-university-rankings/universite-mouloud-mammeri-de-tizi-ouzou,720059,Algeria,"39,859",16.3,1%,63 : 37,Université Mouloud Mammeri de Tizi-Ouzou,False,False,False,
20320,2032,Université Polytechnique Hauts-de-France,10.3–27.2,20320,17.4,1844,8.3,2147,35.3,1551,57.7,789,68.2,462,i-05502971,master_account,0,/world-university-rankings/universite-polytechnique-hauts-de-france,632025,France,"13,034",27.3,12%,48 : 52,Université Polytechnique Hauts-de-France,False,False,False,
20330,2033,Université Saint-Joseph de Beyrouth,10.3–27.2,20330,32.2,685,10.9,1774,24.9,1835,28.2,1465,73.7,378,i-41073004,master_account,0,/world-university-rankings/universite-saint-joseph-de-beyrouth,589355,Lebanon,"8,540",8.4,13%,60 : 40,Université Saint-Joseph de Beyrouth,False,False,False,
20340,2034,Université Sorbonne Nouvelle,10.3–27.2,20340,28.0,952,12.0,1612,23.3,1875,37.4,1204,67.3,476,i-37675302,master_account,0,/world-university-rankings/universite-sorbonne-nouvelle,716200,France,"14,218",20.2,23%,77 : 23,Université Sorbonne Nouvelle,False,False,False,
20350,2035,Université Sultan Moulay Slimane,10.3–27.2,20350,18.6,1721,13.0,1490,46.0,1277,18.2,2006,22.9,2088,i-72422015,master_account,0,/world-university-rankings/universite-sultan-moulay-slimane,710835,Morocco,"43,534",60.3,0%,56 : 44,Université Sultan Moulay Slimane,False,False,False,
20360,2036,Universiti Kuala Lumpur,10.3–27.2,20360,20.6,1543,9.6,1969,23.6,1864,28.8,1446,39.3,1311,i-34643206,master_account,0,/world-university-rankings/universiti-kuala-lumpur,628161,Malaysia,"17,749",12.8,3%,44 : 56,Universiti Kuala Lumpur,False,False,False,
20370,2037,Universiti Malaysia Kelantan,10.3–27.2,20370,16.1,1941,14.8,1304,35.5,1548,37.7,1197,49.8,927,i-59176723,master_account,0,/world-university-rankings/universiti-malaysia-kelantan,690031,Malaysia,"10,001",20.0,8%,70 : 30,Universiti Malaysia Kelantan,False,False,False,
20380,2038,Universiti Malaysia Perlis,10.3–27.2,20380,23.5,1297,13.9,1394,34.2,1584,35.2,1263,39.6,1292,i-49686111,master_account,0,/world-university-rankings/universiti-malaysia-perlis,625665,Malaysia,"10,470",13.0,3%,47 : 53,Universiti Malaysia Perlis,False,False,False,
20390,2039,Universiti Malaysia Sabah (UMS),10.3–27.2,20390,23.9,1253,12.2,1583,28.1,1743,28.8,1447,42.1,1205,i-01476673,master_account,0,/world-university-rankings/universiti-malaysia-sabah-ums,625659,Malaysia,"16,224",9.9,4%,66 : 34,Universiti Malaysia Sabah (UMS),False,False,False,
20400,2040,Universiti Teknikal Malaysia Melaka,10.3–27.2,20400,26.9,1026,11.4,1695,27.3,1767,37.4,1205,48.3,993,i-75395301,master_account,0,/world-university-rankings/universiti-teknikal-malaysia-melaka,693271,Malaysia,"9,543",13.0,6%,36 : 64,Universiti Teknikal Malaysia Melaka,False,False,False,
20410,2041,Universiti Teknologi MARA,10.3–27.2,20410,21.2,1483,17.1,1112,33.9,1590,46.5,1016,29.8,1749,i-91368873,master_account,0,/world-university-rankings/universiti-teknologi-mara,131773,Malaysia,"60,349",16.3,2%,66 : 34,Universiti Teknologi MARA,False,False,False,
20420,2042,Universiti Tun Hussein Onn Malaysia (UTHM),10.3–27.2,20420,23.2,1322,15.3,1267,36.3,1527,30.2,1401,46.6,1051,i-98207193,master_account,0,/world-university-rankings/universiti-tun-hussein-onn-malaysia-uthm,625671,Malaysia,"15,743",16.5,7%,45 : 55,Universiti Tun Hussein Onn Malaysia (UTHM),False,False,False,
20430,2043,University Abdelhamid Ibn Badis Mostaganem,10.3–27.2,20430,22.1,1413,7.9,2177,10.7,2126,16.6,2157,35.5,1487,i-80527941,master_account,0,/world-university-rankings/university-abdelhamid-ibn-badis-mostaganem,670590,Algeria,"24,978",18.9,1%,68 : 32,University Abdelhamid Ibn Badis Mostaganem,False,False,False,
20440,2044,University Cadi Ayyad of Marrakech,10.3–27.2,20440,23.3,1314,10.9,1775,43.0,1347,24.5,1603,38.3,1357,i-07246081,master_account,0,/world-university-rankings/university-cadi-ayyad-marrakech,998,Morocco,"92,358",37.2,1%,55 : 45,University Cadi Ayyad of Marrakech,False,False,False,
20450,2045,University for Development Studies,10.3–27.2,20450,24.4,1217,10.7,1801,35.2,1554,18.4,1991,49.2,960,i-63609771,master_account,0,/world-university-rankings/university-development-studies,718269,Ghana,"28,162",35.9,0%,28 : 72,University for Development Studies,False,False,False,
20460,2046,University Mohamed Boudiaf of M’Sila,10.3–27.2,20460,18.5,1731,9.8,1942,15.7,2029,18.7,1968,35.5,1488,i-73172023,master_account,0,/world-university-rankings/university-mohamed-boudiaf-msila,648695,Algeria,"32,500",17.5,1%,55 : 45,University Mohamed Boudiaf of M’Sila,False,False,False,
20470,2047,University of Abou Bekr Belkaïd Tlemcen,10.3–27.2,20470,27.3,997,8.2,2154,13.7,2079,20.1,1860,35.3,1499,i-29805943,master_account,0,/world-university-rankings/university-abou-bekr-belkaid-tlemcen,587841,Algeria,"40,061",15.7,1%,60 : 40,University of Abou Bekr Belkaïd Tlemcen,False,False,False,
20480,2048,University of Al-Qadisiyah,10.3–27.2,20480,21.5,1460,7.9,2178,40.5,1425,16.6,2158,29.8,1750,i-72974933,master_account,0,/world-university-rankings/university-al-qadisiyah,670506,Iraq,"27,865",14.0,0%,54 : 46,University of Al-Qadisiyah,False,False,False,
20490,2049,University of Antofagasta,10.3–27.2,20490,22.5,1385,9.6,1970,40.2,1431,18.1,2015,55.0,755,i-55139102,master_account,0,/world-university-rankings/university-antofagasta,625578,Chile,"7,763",10.1,3%,57 : 43,University of Antofagasta,False,False,False,
20500,2050,University of Babylon,10.3–27.2,20500,28.4,929,9.0,2065,33.4,1606,21.9,1750,22.1,2114,i-81855953,master_account,0,/world-university-rankings/university-babylon,131722,Iraq,"29,695",12.9,1%,55 : 45,University of Babylon,False,False,False,
20510,2051,University of Baghdad,10.3–27.2,20510,28.3,935,14.8,1305,28.2,1741,29.3,1430,20.0,2161,i-66911631,master_account,0,/world-university-rankings/university-baghdad,621399,Iraq,"75,593",11.2,0%,60 : 40,University of Baghdad,False,False,False,
20520,2052,University of Basrah,10.3–27.2,20520,15.2,2010,8.1,2163,14.5,2057,17.1,2112,24.2,2023,i-18989622,master_account,0,/world-university-rankings/university-basrah,673359,Iraq,"88,218",22.8,0%,64 : 36,University of Basrah,False,False,False,
20530,2053,University of Batna 2,10.3–27.2,20530,20.2,1576,7.6,2187,10.3,2132,17.1,2113,28.7,1803,i-45555593,master_account,0,/world-university-rankings/university-batna-2,688714,Algeria,"25,264",13.1,1%,56 : 44,University of Batna 2,False,False,False,
20540,2054,University of Béjaïa,10.3–27.2,20540,17.4,1845,8.7,2100,19.0,1967,19.5,1902,43.8,1146,i-61476877,master_account,0,/world-university-rankings/university-bejaia,647915,Algeria,"40,158",22.0,1%,60 : 40,University of Béjaïa,False,False,False,
20550,2055,University of Benin,10.3–27.2,20550,15.6,1985,9.2,2033,50.5,1164,17.8,2039,35.5,1489,i-90862272,master_account,0,/world-university-rankings/university-benin,715405,Nigeria,"43,884",25.6,0%,50 : 50,University of Benin,False,False,False,
20560,2056,University of Bío-Bío,10.3–27.2,20560,14.9,2025,6.8,2191,17.2,1991,18.7,1969,46.8,1040,i-68421133,master_account,0,/world-university-rankings/university-bio-bio,625458,Chile,"11,435",22.9,1%,43 : 57,University of Bío-Bío,False,False,False,
20570,2057,University of Birjand,10.3–27.2,20570,15.6,1986,13.7,1411,27.2,1771,20.3,1848,28.1,1830,i-34764765,master_account,0,/world-university-rankings/university-birjand,625239,Iran,"12,169",33.9,4%,59 : 41,University of Birjand,False,False,False,
20580,2058,University of Biskra,10.3–27.2,20580,18.2,1756,8.3,2148,23.6,1865,18.7,1970,38.5,1347,i-87785203,master_account,0,/world-university-rankings/university-biskra,648728,Algeria,"28,193",17.5,0%,63 : 37,University of Biskra,False,False,False,
20590,2059,University of Brawijaya,10.3–27.2,20590,24.9,1178,13.3,1456,23.7,1861,36.2,1239,43.8,1147,i-11160478,master_account,0,/world-university-rankings/university-brawijaya,623436,Indonesia,"47,186",16.1,4%,60 : 40,University of Brawijaya,False,False,False,
20600,2060,University of Calabar,10.3–27.2,20600,20.4,1554,9.6,1971,39.7,1446,17.0,2121,39.0,1331,i-37121453,master_account,0,/world-university-rankings/university-calabar,718274,Nigeria,"24,000",15.7,0%,88 : 12,University of Calabar,False,False,False,
20610,2061,University of Carthage,10.3–27.2,20610,24.8,1186,10.2,1873,32.2,1640,34.7,1280,43.9,1142,i-96112893,master_account,0,/world-university-rankings/university-carthage,657626,Tunisia,"32,944",10.6,1%,64 : 36,University of Carthage,False,False,False,
20620,2062,University of Cauca,10.3–27.2,20620,19.2,1669,8.7,2101,8.1,2162,34.7,1281,36.8,1419,i-46819051,master_account,0,/world-university-rankings/university-cauca,625347,Colombia,"16,898",12.6,0%,49 : 51,University of Cauca,False,False,False,
20630,2063,University of Caxias do Sul,10.3–27.2,20630,18.5,1732,9.2,2034,24.3,1846,23.5,1656,23.4,2059,i-03978801,master_account,0,/world-university-rankings/university-caxias-do-sul,625584,Brazil,"13,482",29.8,0%,54 : 46,University of Caxias do Sul,False,False,False,
20640,2064,University of Chester,10.3–27.2,20640,19.8,1615,12.9,1501,31.0,1666,27.9,1479,69.8,443,i-22518132,master_account,0,/world-university-rankings/university-chester,131400,United Kingdom,"11,380",18.4,28%,66 : 34,University of Chester,False,False,False,https://www.timeshighereducation.com/student/register-interest/siuk?utm_medium=thewebsite&utm_campaign=cta-link&utm_source=rankings&iid=i-22518132
20650,2065,University of Costa Rica,10.3–27.2,20650,20.9,1513,10.2,1874,33.9,1591,23.2,1669,45.6,1082,i-16020362,master_account,0,/world-university-rankings/university-costa-rica,584721,Costa Rica,"30,813",14.6,2%,52 : 48,University of Costa Rica,False,False,False,
20660,2066,University of Craiova,10.3–27.2,20660,16.2,1930,11.5,1682,26.6,1787,24.2,1613,25.8,1948,i-31215034,master_account,0,/world-university-rankings/university-craiova,715150,Romania,"16,584",17.0,4%,52 : 48,University of Craiova,False,False,False,
20670,2067,University of Cuenca,10.3–27.2,20670,13.9,2087,10.9,1776,16.8,2002,35.2,1264,46.3,1060,i-16126057,master_account,0,/world-university-rankings/university-cuenca,625341,Ecuador,"16,641",19.9,1%,58 : 42,University of Cuenca,False,False,False,
20680,2068,University of Dar es Salaam,10.3–27.2,20680,14.5,2053,11.1,1745,26.5,1788,21.9,1751,47.2,1028,i-16269038,master_account,0,/world-university-rankings/university-dar-es-salaam,131367,Tanzania,"38,201",20.9,0%,48 : 52,University of Dar es Salaam,False,False,False,
20690,2069,University of Diyala,10.3–27.2,20690,18.9,1697,8.4,2133,33.9,1592,17.1,2114,27.1,1884,i-77442192,master_account,0,/world-university-rankings/university-diyala,685360,Iraq,"26,009",13.8,0%,56 : 44,University of Diyala,False,False,False,
20700,2070,Prague University of Economics and Business (VŠE),10.3–27.2,20700,17.2,1858,15.0,1292,30.1,1686,20.3,1849,52.3,832,i-52643952,master_account,0,/world-university-rankings/prague-university-economics-and-business-vse,131560,Czechia,"14,471",28.3,30%,52 : 48,Prague University of Economics and Business (VŠE),False,False,False,
20710,2071,University of Fortaleza (UNIFOR),10.3–27.2,20710,14.9,2026,9.7,1952,15.6,2031,19.6,1891,29.7,1757,i-91792722,master_account,0,/world-university-rankings/university-fortaleza-unifor,639098,Brazil,"23,797",24.8,0%,53 : 47,University of Fortaleza (UNIFOR),False,False,False,
20720,2072,University of Fukui,10.3–27.2,20720,27.7,972,12.4,1561,18.7,1973,42.9,1089,26.8,1896,i-88010312,master_account,0,/world-university-rankings/university-fukui,609312,Japan,"4,833",7.8,3%,30 : 70,University of Fukui,False,False,False,
20730,2073,University of Gdańsk,10.3–27.2,20730,27.3,998,15.1,1286,35.3,1552,31.6,1359,36.9,1414,i-29442893,master_account,0,/world-university-rankings/university-gdansk,626013,Poland,"18,116",10.0,3%,67 : 33,University of Gdańsk,False,False,False,
20740,2074,University of Guadalajara,10.3–27.2,20740,17.9,1789,9.3,2012,17.2,1992,19.6,1892,29.7,1758,i-23903893,master_account,0,/world-university-rankings/university-guadalajara,131406,Mexico,"145,850",20.7,0%,55 : 45,University of Guadalajara Universidad de Guadalajara UdeG UDG,False,False,False,
20750,2075,University of Guanajuato,10.3–27.2,20750,16.9,1881,9.3,2013,14.6,2055,22.2,1731,33.1,1607,i-53067672,master_account,0,/world-university-rankings/university-guanajuato,625275,Mexico,"31,014",21.0,0%,55 : 45,University of Guanajuato,False,False,False,
20760,2076,University of Havana,10.3–27.2,20760,30.8,770,23.0,762,14.4,2062,55.8,835,51.8,849,i-33683993,master_account,0,/world-university-rankings/university-havana,623319,Cuba,"16,451",11.1,3%,62 : 38,University of Havana,False,False,False,
20770,2077,University of Hormozgan,10.3–27.2,20770,23.2,1323,15.5,1244,33.9,1593,23.1,1675,30.1,1733,i-45748324,master_account,0,/world-university-rankings/university-hormozgan,725323,Iran,"3,685",15.4,3%,66 : 34,University of Hormozgan,False,False,False,
20780,2078,University of Huelva,10.3–27.2,20780,23.2,1324,16.6,1162,32.6,1627,28.8,1448,36.2,1448,i-62366303,master_account,0,/world-university-rankings/university-huelva,633048,Spain,"10,926",13.7,3%,46 : 54,University of Huelva,False,False,False,
20790,2079,University of Hyogo,10.3–27.2,20790,21.8,1433,13.3,1458,13.1,2092,59.2,758,25.5,1964,i-48333963,master_account,0,/world-university-rankings/university-hyogo,609672,Japan,"6,551",12.5,3%,40 : 60,University of Hyogo,False,False,False,
20800,2080,University of Jijel,10.3–27.2,20800,15.9,1956,8.7,2102,15.5,2035,17.3,2085,33.9,1563,i-41290669,master_account,0,/world-university-rankings/university-jijel,649973,Algeria,"22,568",21.1,0%,70 : 30,University of Jijel,False,False,False,
20810,2081,University of Karachi,10.3–27.2,20810,16.2,1931,11.1,1746,28.8,1727,28.2,1466,47.1,1030,i-75866903,master_account,0,/world-university-rankings/university-karachi,131680,Pakistan,"47,940",39.8,0%,62 : 38,University of Karachi,False,False,False,
20820,2082,University of Kelaniya,10.3–27.2,20820,17.0,1874,8.4,2134,23.2,1878,19.7,1883,33.3,1592,i-26732141,master_account,0,/world-university-rankings/university-kelaniya,623538,Sri Lanka,"19,766",17.2,3%,66 : 34,University of Kelaniya,False,False,False,
20830,2083,University of Kerbala,10.3–27.2,20830,22.3,1398,8.1,2165,16.9,1998,16.4,2172,27.5,1856,i-42894313,master_account,0,/world-university-rankings/university-kerbala,670518,Iraq,"25,226",12.4,0%,55 : 45,University of Kerbala,False,False,False,
20840,2084,University of Kirkuk,10.3–27.2,20840,16.1,1942,8.1,2166,14.3,2065,16.4,2173,27.4,1862,i-52914812,master_account,0,/world-university-rankings/university-kirkuk,661169,Iraq,"23,071",13.9,0%,57 : 43,University of Kirkuk,False,False,False,
20850,2085,University of Kufa,10.3–27.2,20850,23.6,1289,9.0,2066,38.1,1485,16.9,2134,24.3,2019,i-44789902,master_account,0,/world-university-rankings/university-kufa,131515,Iraq,"35,860",11.8,0%,59 : 41,University of Kufa,False,False,False,
20860,2086,University of Laghouat,10.3–27.2,20860,17.4,1846,8.2,2156,20.5,1935,17.1,2115,40.9,1255,i-23251575,master_account,0,/world-university-rankings/university-laghouat,720219,Algeria,"25,934",22.6,0%,48 : 52,University of Laghouat,False,False,False,
20870,2087,University of Lampung,10.3–27.2,20870,15.4,1998,8.5,2128,19.1,1965,17.8,2040,19.2,2176,i-95956691,master_account,0,/world-university-rankings/university-lampung,705104,Indonesia,"27,602",15.6,0%,65 : 35,University of Lampung,False,False,False,
20880,2088,University of La Rochelle,10.3–27.2,20880,19.7,1625,12.6,1533,33.6,1599,30.2,1402,65.5,506,i-70883571,master_account,0,/world-university-rankings/university-la-rochelle,638498,France,"7,760",19.8,10%,55 : 45,University of La Rochelle,False,False,False,
20890,2089,University of La Sabana,10.3–27.2,20890,20.9,1514,11.2,1724,46.2,1271,21.3,1781,41.8,1217,i-85119882,master_account,0,/world-university-rankings/university-la-sabana,589343,Colombia,"10,316",13.2,2%,57 : 43,University of La Sabana,False,False,False,
20900,2090,University of Las Américas (UDLA),10.3–27.2,20900,20.5,1548,10.2,1875,38.0,1489,25.2,1567,63.0,562,i-75482372,master_account,0,/world-university-rankings/university-las-americas-udla,626031,Ecuador,"14,757",11.2,3%,53 : 47,University of Las Américas (UDLA),False,False,False,
20910,2091,University of Lethbridge,10.3–27.2,20910,20.8,1526,14.7,1318,29.6,1703,41.6,1111,59.4,638,i-89120011,master_account,0,/world-university-rankings/university-lethbridge,623712,Canada,"7,219",13.2,16%,,University of Lethbridge,False,False,False,https://www.timeshighereducation.com/student/register-interest/applyboard?utm_medium=thewebsite&utm_campaign=cta-link&utm_source=rankings&iid=i-89120011
20920,2092,University of Life Sciences in Lublin,10.3–27.2,20920,24.2,1233,12.0,1613,32.5,1632,23.4,1658,23.8,2043,i-69185263,master_account,0,/world-university-rankings/university-life-sciences-lublin,685129,Poland,"6,705",10.2,3%,66 : 34,University of Life Sciences in Lublin,False,False,False,
20930,2093,University of Lodz,10.3–27.2,20930,24.5,1207,18.5,1010,32.6,1628,21.7,1758,37.2,1403,i-33303882,master_account,0,/world-university-rankings/university-lodz,1010,Poland,"21,312",14.1,10%,61 : 39,University of Lodz Lodz,False,False,False,
20940,2094,University of Los Lagos,10.3–27.2,20940,15.6,1987,14.6,1326,21.0,1927,16.6,2159,48.5,989,i-59997313,master_account,0,/world-university-rankings/university-los-lagos,621684,Chile,"6,923",19.0,0%,62 : 38,University of Los Lagos,False,False,False,
20950,2095,University of Lucknow,10.3–27.2,20950,29.5,854,10.0,1904,23.2,1879,19.2,1929,27.2,1876,i-67158192,master_account,0,/world-university-rankings/university-lucknow,622203,India,"16,650",22.3,3%,51 : 49,University of Lucknow,False,False,False,
20960,2096,University of Macedonia,10.3–27.2,20960,17.7,1816,18.0,1055,43.8,1324,31.8,1353,27.5,1857,i-21180232,master_account,0,/world-university-rankings/university-macedonia,131391,Greece,"11,703",56.3,5%,50 : 50,University of Macedonia,False,False,False,
20970,2097,University of Mascara,10.3–27.2,20970,15.7,1972,8.0,2171,27.1,1775,17.0,2122,43.2,1169,i-41475522,master_account,0,/world-university-rankings/university-mascara,670608,Algeria,"22,010",22.2,0%,63 : 37,University of Mascara,False,False,False,
20980,2098,University of Mataram,10.3–27.2,20980,11.8,2166,8.4,2135,39.0,1459,17.6,2056,26.3,1918,i-17278887,master_account,0,/world-university-rankings/university-mataram,718106,Indonesia,"30,131",22.1,0%,62 : 38,University of Mataram,False,False,False,
20990,2099,University of Medellín,10.3–27.2,20990,18.0,1779,11.4,1696,24.8,1837,23.0,1681,44.5,1127,i-89667211,master_account,0,/world-university-rankings/university-medellin,625503,Colombia,"7,158",16.8,2%,53 : 47,University of Medellín Universidad de Medellín,False,False,False,
21000,2100,University of Miskolc,10.3–27.2,21000,23.8,1266,14.7,1319,21.2,1921,24.3,1609,36.4,1437,i-43971096,master_account,0,/world-university-rankings/university-miskolc,662317,Hungary,"9,107",17.7,9%,51 : 49,University of Miskolc,False,False,False,
21010,2101,University of Miyazaki,10.3–27.2,21010,27.0,1020,12.6,1534,23.2,1880,49.6,954,26.4,1913,i-07123185,master_account,0,/world-university-rankings/university-miyazaki,609492,Japan,"5,444",7.8,2%,37 : 63,University of Miyazaki,False,False,False,
21020,2102,University of Monastir,10.3–27.2,21020,24.2,1234,10.9,1777,39.8,1442,32.7,1333,46.9,1036,i-26406434,master_account,0,/world-university-rankings/university-monastir,131421,Tunisia,"20,673",9.3,2%,68 : 32,University of Monastir,False,False,False,
21030,2103,University of Montenegro,10.3–27.2,21030,14.0,2084,12.1,1597,24.3,1847,27.4,1499,48.3,994,i-78721444,master_account,0,/world-university-rankings/university-montenegro,670530,Montenegro,"15,557",21.1,2%,61 : 39,University of Montenegro,False,False,False,
21040,2104,University of Moratuwa,10.3–27.2,21040,12.9,2137,14.5,1336,40.2,1432,36.2,1241,26.2,1927,i-59500722,master_account,0,/world-university-rankings/university-moratuwa,695905,Sri Lanka,"11,079",22.1,0%,40 : 60,University of Moratuwa,False,False,False,
21050,2105,University of Mosul,10.3–27.2,21050,19.3,1658,10.5,1832,16.9,1999,29.9,1413,19.2,2177,i-08635848,master_account,0,/world-university-rankings/university-mosul,625245,Iraq,"57,684",13.7,0%,56 : 44,University of Mosul,False,False,False,
21060,2106,University of Nairobi,10.3–27.2,21060,15.9,1957,16.1,1197,39.7,1447,22.5,1710,49.4,947,i-49695771,master_account,0,/world-university-rankings/university-nairobi,131543,Kenya,"52,216",23.3,2%,45 : 55,University of Nairobi,False,False,False,
21070,2107,University of Namibia,10.3–27.2,21070,14.5,2054,9.0,2067,27.2,1772,17.7,2048,60.4,617,i-93517252,master_account,0,/world-university-rankings/university-namibia,715222,Namibia,"25,403",18.7,3%,63 : 37,University of Namibia,False,False,False,
21080,2108,University of Northampton,10.3–27.2,21080,16.1,1944,11.0,1763,40.4,1426,18.7,1971,80.3,268,i-99853401,master_account,0,/world-university-rankings/university-northampton,131824,United Kingdom,"14,775",21.7,46%,63 : 37,University of Northampton,False,False,False,https://www.timeshighereducation.com/student/register-interest/siuk?utm_medium=thewebsite&utm_campaign=cta-link&utm_source=rankings&iid=i-99853401
21090,2109,University of Novi Sad,10.3–27.2,21090,19.9,1607,11.5,1683,32.8,1617,59.6,753,38.8,1339,i-62632143,master_account,0,/world-university-rankings/university-novi-sad,623940,Serbia,"49,296",14.0,7%,58 : 42,University of Novi Sad,False,False,False,
21100,2110,University of Oradea,10.3–27.2,21100,16.5,1904,13.3,1459,31.7,1649,18.7,1972,38.5,1348,i-58449357,master_account,0,/world-university-rankings/university-oradea,708623,Romania,"18,847",19.0,5%,60 : 40,University of Oradea,False,False,False,
21110,2111,University of Ostrava,10.3–27.2,21110,20.0,1599,16.7,1152,32.7,1621,20.7,1820,51.1,871,i-50173163,master_account,0,/world-university-rankings/university-ostrava,623964,Czechia,"9,219",16.4,12%,70 : 30,University of Ostrava,False,False,False,
21120,2112,University of Oum El Bouaghi,10.3–27.2,21120,23.8,1268,14.5,1337,30.8,1671,30.1,1406,32.0,1645,i-91976501,master_account,0,/world-university-rankings/university-oum-el-bouaghi,710829,Algeria,"12,471",11.0,0%,63 : 37,University of Oum El Bouaghi,False,False,False,
21130,2113,University of Pannonia,10.3–27.2,21130,22.7,1366,17.7,1076,29.9,1693,31.8,1354,35.9,1468,i-29239133,master_account,0,/world-university-rankings/university-pannonia,662389,Hungary,"5,317",20.0,6%,49 : 51,University of Pannonia,False,False,False,
21140,2114,University of Pardubice,10.3–27.2,21140,19.7,1626,18.6,1004,22.8,1887,37.8,1194,40.7,1261,i-36578151,master_account,0,/world-university-rankings/university-pardubice,131473,Czechia,"7,339",15.3,9%,55 : 45,University of Pardubice,False,False,False,
21150,2115,University of Passo Fundo (UPF),10.3–27.2,21150,20.8,1527,12.0,1614,27.5,1765,19.0,1948,27.9,1839,i-44967343,master_account,0,/world-university-rankings/university-passo-fundo-upf,626178,Brazil,"6,729",15.2,0%,56 : 44,University of Passo Fundo (UPF),False,False,False,
21160,2116,University of Pau and Pays de l’Adour,10.3–27.2,21160,24.4,1218,12.5,1546,20.0,1945,31.7,1357,76.2,331,i-15644133,master_account,0,/world-university-rankings/university-pau-and-pays-de-ladour,632043,France,"13,266",13.4,16%,53 : 47,University of Pau and Pays de l’Adour,False,False,False,
21170,2117,University of Pernambuco,10.3–27.2,21170,17.6,1828,9.3,2014,13.2,2088,19.7,1884,27.2,1877,i-83010771,master_account,0,/world-university-rankings/university-pernambuco,639026,Brazil,"19,417",14.1,%,,University of Pernambuco,False,False,False,
21180,2118,University of Phayao,10.3–27.2,21180,13.7,2098,10.7,1802,33.5,1604,19.9,1876,24.1,2030,i-65960664,master_account,0,/world-university-rankings/university-phayao,685147,Thailand,"21,363",21.8,0%,67 : 33,University of Phayao,False,False,False,
21190,2119,University of Port Harcourt,10.3–27.2,21190,20.6,1545,8.8,2090,19.5,1959,21.2,1785,37.6,1385,i-47615524,master_account,0,/world-university-rankings/university-port-harcourt,707900,Nigeria,"42,613",30.1,0%,56 : 44,University of Port Harcourt,False,False,False,
21200,2120,University of Primorska,10.3–27.2,21200,20.0,1600,17.4,1095,25.1,1828,23.0,1683,62.2,577,i-28614004,master_account,0,/world-university-rankings/university-primorska,661106,Slovenia,"5,744",13.5,23%,76 : 24,University of Primorska,False,False,False,
21210,2121,University of Prishtina,10.3–27.2,21210,13.5,2108,12.6,1535,20.0,1946,20.5,1837,40.2,1280,i-60954886,master_account,0,/world-university-rankings/university-prishtina,700370,Kosovo,"25,093",27.0,2%,68 : 32,University of Prishtina,False,False,False,
21220,2122,University of Qom,10.3–27.2,21220,28.4,930,12.5,1547,25.5,1811,21.6,1763,45.4,1092,i-80579384,master_account,0,/world-university-rankings/university-qom,722246,Iran,"9,345",29.5,27%,46 : 54,University of Qom,False,False,False,
21230,2123,University of Rijeka,10.3–27.2,21230,20.1,1588,19.4,966,31.3,1660,36.4,1232,30.6,1717,i-33981352,master_account,0,/world-university-rankings/university-rijeka,699442,Croatia,"12,749",15.6,5%,59 : 41,University of Rijeka,False,False,False,
21240,2124,University of Rwanda,10.3–27.2,21240,14.1,2076,14.9,1299,25.6,1809,21.1,1796,57.5,692,i-57303093,master_account,0,/world-university-rankings/university-rwanda,621378,Rwanda,"30,597",22.5,3%,38 : 62,University of Rwanda,False,False,False,
21250,2125,University of Rzeszów,10.3–27.2,21250,22.7,1368,14.0,1382,25.3,1821,22.7,1700,28.2,1826,i-74570941,master_account,0,/world-university-rankings/university-rzeszow,660974,Poland,"13,491",12.1,3%,67 : 33,University of Rzeszów,False,False,False,
21260,2126,University of San Martín de Porres,10.3–27.2,21260,15.7,1973,8.9,2077,28.5,1735,18.4,1993,36.6,1430,i-43616753,master_account,0,/world-university-rankings/university-san-martin-de-porres,625353,Peru,"38,029",17.2,1%,65 : 35,University of San Martín de Porres,False,False,False,
21270,2127,"University of Santiago, Chile (USACH)",10.3–27.2,21270,17.4,1847,15.9,1217,29.5,1706,30.1,1407,47.5,1019,i-29712961,master_account,0,/world-university-rankings/university-santiago-chile-usach,131443,Chile,"26,506",20.0,4%,45 : 55,"University of Santiago, Chile (USACH)",False,False,False,
21280,2128,University of Santo Tomas,10.3–27.2,21280,23.0,1341,10.2,1876,32.1,1641,21.1,1797,59.5,635,i-49337865,master_account,0,/world-university-rankings/university-santo-tomas,131541,Philippines,"42,253",15.1,6%,58 : 42,University of Santo Tomas,False,False,False,
21290,2129,University of Sarajevo,10.3–27.2,21290,21.2,1486,11.5,1684,23.4,1873,33.0,1321,29.5,1769,i-12404922,master_account,0,/world-university-rankings/university-sarajevo,677010,Bosnia and Herzegovina,"21,375",13.0,3%,,University of Sarajevo,False,False,False,
21300,2130,University of Science and Technology of Oran Mohamed-Boudiaf,10.3–27.2,21300,38.6,388,8.4,2136,11.1,2119,22.4,1719,31.9,1652,i-24767852,master_account,0,/world-university-rankings/university-science-and-technology-oran-mohamed-boudiaf,655112,Algeria,"19,249",10.3,1%,52 : 48,University of Science and Technology of Oran Mohamed-Boudiaf,False,False,False,
21310,2131,University of Sciences and Technology Houari Boumediene,10.3–27.2,21310,19.7,1627,8.3,2149,14.5,2058,25.1,1573,32.3,1633,i-97841552,master_account,0,/world-university-rankings/university-sciences-and-technology-houari-boumediene,647912,Algeria,"36,291",13.7,1%,59 : 41,University of Sciences and Technology Houari Boumediene,False,False,False,
21320,2132,University of Shizuoka,10.3–27.2,21320,23.4,1309,12.5,1548,16.3,2010,59.6,754,25.1,1981,i-71299469,master_account,0,/world-university-rankings/university-shizuoka,609426,Japan,"3,252",12.0,3%,61 : 39,University of Shizuoka,False,False,False,
21330,2133,University of Silesia in Katowice,10.3–27.2,21330,28.0,954,15.2,1281,28.8,1728,27.8,1486,32.4,1628,i-32824057,master_account,0,/world-university-rankings/university-silesia-katowice,131460,Poland,"17,261",10.6,5%,66 : 34,University of Silesia in Katowice,False,False,False,
21340,2134,University of Sistan and Baluchestan,10.3–27.2,21340,27.0,1021,13.1,1477,32.7,1622,20.9,1809,25.7,1955,i-29953573,master_account,0,/world-university-rankings/university-sistan-and-baluchestan,625143,Iran,"8,848",24.7,1%,56 : 44,University of Sistan and Baluchestan,False,False,False,
21350,2135,University of Sonora,10.3–27.2,21350,14.1,2077,8.5,2129,13.8,2075,27.8,1487,34.1,1555,i-10858796,master_account,0,/world-university-rankings/university-sonora,625311,Mexico,"36,946",30.0,2%,58 : 42,University of Sonora,False,False,False,
21360,2136,University of Sousse,10.3–27.2,21360,26.9,1027,10.6,1818,31.0,1667,23.1,1676,41.6,1222,i-61374812,master_account,0,/world-university-rankings/university-sousse,670431,Tunisia,"29,075",13.1,2%,68 : 32,University of Sousse,False,False,False,
21370,2137,University of Sri Jayewardenepura,10.3–27.2,21370,12.6,2148,9.5,1983,37.4,1503,18.2,2007,37.3,1398,i-15236499,master_account,0,/world-university-rankings/university-sri-jayewardenepura,672285,Sri Lanka,"20,006",25.3,0%,63 : 37,University of Sri Jayewardenepura,False,False,False,
21380,2138,University of Sunderland,10.3–27.2,21380,19.3,1660,9.6,1972,34.6,1572,33.7,1305,72.0,408,i-96117708,master_account,0,/world-university-rankings/university-sunderland,131796,United Kingdom,"15,945",14.4,53%,59 : 41,University of Sunderland,False,False,False,https://www.timeshighereducation.com/student/register-interest/siuk?utm_medium=thewebsite&utm_campaign=cta-link&utm_source=rankings&iid=i-96117708
21390,2139,University of Szczecin,10.3–27.2,21390,23.5,1300,10.0,1905,27.8,1755,17.4,2078,30.8,1709,i-38861711,master_account,0,/world-university-rankings/university-szczecin,660980,Poland,"9,446",9.8,6%,68 : 32,University of Szczecin,False,False,False,
21400,2140,University of Taipei,10.3–27.2,21400,17.5,1836,19.1,978,16.1,2017,27.1,1507,32.7,1620,i-70812402,master_account,0,/world-university-rankings/university-taipei,625695,Taiwan,"7,717",16.7,2%,61 : 39,University of Taipei UP,False,False,False,
21410,2141,University of Talca,10.3–27.2,21410,20.1,1589,13.7,1412,32.6,1629,37.6,1199,52.0,845,i-72195633,master_account,0,/world-university-rankings/university-talca,131660,Chile,"11,543",12.7,2%,51 : 49,University of Talca,False,False,False,
21420,2142,University of Technology of Troyes,10.3–27.2,21420,31.8,705,11.4,1697,22.2,1898,40.4,1141,75.2,353,i-58212602,master_account,0,/world-university-rankings/university-technology-troyes,691828,France,"2,898",17.9,24%,26 : 74,University of Technology of Troyes,False,False,False,
21430,2143,University of Texas Rio Grande Valley,10.3–27.2,21430,18.0,1780,9.6,1973,45.8,1284,23.7,1646,43.4,1160,i-34580965,master_account,0,/world-university-rankings/university-texas-rio-grande-valley,629910,United States,"27,919",20.1,3%,61 : 39,University of Texas Rio Grande Valley,False,False,False,https://www.timeshighereducation.com/student/register-interest/shorelight?utm_medium=thewebsite&utm_campaign=cta-link&utm_source=rankings&iid=i-34580965
21440,2144,"University of the Andes, Chile",10.3–27.2,21440,22.2,1406,16.1,1198,32.0,1643,22.4,1720,48.1,1000,i-46342604,master_account,0,/world-university-rankings/university-andes-chile,625572,Chile,"10,398",17.7,2%,56 : 44,"University of the Andes, Chile",False,False,False,
21450,2145,"University of the Andes, Venezuela",10.3–27.2,21450,17.3,1851,8.6,2116,10.0,2143,24.8,1583,50.2,903,i-14518582,master_account,0,/world-university-rankings/university-andes-venezuela,131353,Venezuela,"24,855",14.5,1%,60 : 40,"University of the Andes, Venezuela",False,False,False,
21460,2146,University of the Arts London,10.3–27.2,21460,23.9,1256,11.8,1641,25.4,1817,19.3,1921,74.1,373,i-81262433,master_account,0,/world-university-rankings/university-arts-london,131717,United Kingdom,"20,785",11.4,59%,76 : 24,University of the Arts London,False,False,False,https://www.timeshighereducation.com/student/register-interest/siuk?utm_medium=thewebsite&utm_campaign=cta-link&utm_source=rankings&iid=i-81262433
21470,2147,"University of the North, Colombia",10.3–27.2,21470,19.8,1618,14.4,1345,30.1,1687,24.0,1632,51.0,875,i-93481061,master_account,0,/world-university-rankings/university-north-colombia,131783,Colombia,"11,592",16.9,2%,49 : 51,"University of the North, Colombia Universidad del Norte UNINORTE",False,False,False,
21480,2148,University of the Ryukyus,10.3–27.2,21480,25.8,1107,13.8,1406,30.8,1672,41.2,1117,38.9,1336,i-36090251,master_account,0,/world-university-rankings/university-ryukyus,609306,Japan,"7,468",9.2,3%,38 : 62,University of the Ryukyus,False,False,False,
21490,2149,University of Thi-Qar,10.3–27.2,21490,20.0,1601,8.9,2078,23.3,1876,16.8,2145,28.6,1809,i-49883783,master_account,0,/world-university-rankings/university-thi-qar,695902,Iraq,"19,964",12.5,0%,63 : 37,University of Thi-Qar,False,False,False,
21500,2150,University of Toyama,10.3–27.2,21500,28.4,932,15.3,1270,28.4,1738,67.3,585,32.9,1616,i-84206093,master_account,0,/world-university-rankings/university-toyama,589241,Japan,"8,960",10.7,3%,38 : 62,University of Toyama,False,False,False,
21510,2151,University of Tunis,10.3–27.2,21510,33.3,625,10.0,1906,24.4,1844,28.3,1462,39.8,1289,i-37869113,master_account,0,/world-university-rankings/university-tunis,624360,Tunisia,"18,795",10.8,2%,68 : 32,University of Tunis,False,False,False,
21520,2152,University of Valparaíso,10.3–27.2,21520,16.9,1883,13.1,1478,22.5,1894,20.6,1830,46.7,1045,i-32155832,master_account,0,/world-university-rankings/university-valparaiso,131453,Chile,"16,514",17.9,3%,58 : 42,University of Valparaíso,False,False,False,
21530,2153,University of Warmia and Mazury in Olsztyn,10.3–27.2,21530,18.2,1760,15.6,1239,41.9,1380,26.7,1523,24.6,2001,i-59371422,master_account,0,/world-university-rankings/university-warmia-and-mazury-olsztyn,660989,Poland,"15,830",16.8,3%,61 : 39,University of Warmia and Mazury in Olsztyn,False,False,False,
21540,2154,University of West Attica,10.3–27.2,21540,10.2,2186,11.6,1666,43.1,1343,30.1,1409,25.2,1979,i-91235353,master_account,0,/world-university-rankings/university-west-attica,685372,Greece,"59,127",44.1,2%,43 : 57,University of West Attica,False,False,False,
21550,2155,University of West Bohemia,10.3–27.2,21550,19.6,1637,18.0,1057,35.4,1550,38.2,1186,36.7,1426,i-11264504,master_account,0,/world-university-rankings/university-west-bohemia,131333,Czechia,"11,369",14.5,6%,54 : 46,University of West Bohemia,False,False,False,
21560,2156,University of Western Macedonia,10.3–27.2,21560,13.3,2116,13.0,1492,44.9,1303,28.7,1452,26.7,1899,i-27996381,master_account,0,/world-university-rankings/university-western-macedonia,720341,Greece,"14,635",22.9,1%,51 : 49,University of Western Macedonia,False,False,False,
21570,2157,University of Worcester,10.3–27.2,21570,17.1,1868,12.0,1616,37.9,1493,23.6,1651,59.2,648,i-36146482,master_account,0,/world-university-rankings/university-worcester,131471,United Kingdom,"7,725",18.2,18%,72 : 28,University of Worcester,False,False,False,https://www.timeshighereducation.com/student/register-interest/siuk?utm_medium=thewebsite&utm_campaign=cta-link&utm_source=rankings&iid=i-36146482
21580,2158,University of Yamanashi,10.3–27.2,21580,28.3,936,14.0,1383,22.2,1899,50.2,944,30.3,1730,i-88712333,master_account,0,/world-university-rankings/university-yamanashi,589280,Japan,"4,668",6.2,6%,31 : 69,University of Yamanashi,False,False,False,
21590,2159,University of Zambia,10.3–27.2,21590,16.4,1909,11.1,1747,31.1,1663,24.0,1633,57.4,695,i-67455164,master_account,0,/world-university-rankings/university-zambia,670626,Zambia,"29,300",31.2,5%,62 : 38,University of Zambia,False,False,False,
21600,2160,University of Zanjan,10.3–27.2,21600,25.9,1098,13.7,1413,38.0,1490,27.9,1480,28.6,1810,i-16103352,master_account,0,/world-university-rankings/university-zanjan,587757,Iran,"9,883",23.7,0%,56 : 44,University of Zanjan,False,False,False,
21610,2161,University of Zimbabwe,10.3–27.2,21610,14.2,2071,10.6,1819,43.8,1325,20.9,1810,51.3,864,i-60968482,master_account,0,/world-university-rankings/university-zimbabwe,707981,Zimbabwe,"24,488",19.1,1%,58 : 42,University of Zimbabwe,False,False,False,
21620,2162,Uşak University,10.3–27.2,21620,12.5,2152,10.9,1778,25.8,1805,17.1,2116,31.0,1699,i-81634271,master_account,0,/world-university-rankings/usak-university,689080,Turkey,"18,671",26.4,9%,51 : 49,Uşak University,False,False,False,
21630,2163,Üsküdar University,10.3–27.2,21630,13.3,2117,9.0,2068,23.6,1866,19.1,1938,46.7,1046,i-45246268,master_account,0,/world-university-rankings/uskudar-university,704041,Turkey,"17,011",28.5,21%,62 : 38,Üsküdar University,False,False,False,
21640,2164,Utsunomiya University,10.3–27.2,21640,19.3,1661,12.8,1518,10.4,2130,34.8,1274,29.1,1782,i-26751633,master_account,0,/world-university-rankings/utsunomiya-university,589184,Japan,"4,861",14.2,4%,36 : 64,Utsunomiya University,False,False,False,
21650,2165,Uzhhorod National University,10.3–27.2,21650,17.6,1830,9.2,2035,6.9,2175,17.0,2123,34.4,1540,i-75567131,master_account,0,/world-university-rankings/uzhhorod-national-university,131679,Ukraine,"17,132",13.9,6%,56 : 44,Uzhhorod National University,False,False,False,
21660,2166,Vali-e-Asr University of Rafsanjan,10.3–27.2,21660,15.3,2004,10.5,1834,48.4,1221,20.0,1866,26.8,1897,i-38248213,master_account,0,/world-university-rankings/vali-e-asr-university-rafsanjan,688846,Iran,"6,371",21.7,1%,64 : 36,Vali-e-Asr University of Rafsanjan,False,False,False,
21670,2167,Van Yüzüncü Yil University,10.3–27.2,21670,22.0,1420,19.5,959,22.4,1897,30.4,1395,23.0,2082,i-38203498,master_account,0,/world-university-rankings/van-yuzuncu-yil-university,624651,Turkey,"21,117",16.7,3%,48 : 52,Van Yüzüncü Yil University,False,False,False,
21680,2168,Vasyl Stefanyk Carpathian National University,10.3–27.2,21680,16.2,1932,10.1,1887,24.0,1854,16.6,2160,23.1,2079,i-47896983,master_account,0,/world-university-rankings/vasyl-stefanyk-carpathian-national-university,722202,Ukraine,"14,265",17.3,0%,67 : 33,Vasyl Stefanyk Carpathian National University,False,False,False,
21690,2169,"Vels Institute of Science, Technology and Advanced Studies (VISTAS)",10.3–27.2,21690,31.5,729,9.9,1922,41.2,1405,20.0,1867,19.3,2172,i-00028821,master_account,0,/world-university-rankings/vels-institute-science-technology-and-advanced-studies-vistas,625212,India,"15,173",15.7,0%,25 : 75,"Vels Institute of Science, Technology and Advanced Studies (VISTAS)",False,False,False,
21700,2170,Vietnam National University (Ho Chi Minh City),10.3–27.2,21700,14.6,2048,12.0,1617,31.6,1653,39.8,1149,33.1,1608,i-29093273,master_account,0,/world-university-rankings/vietnam-national-university-ho-chi-minh-city,625911,Vietnam,"95,620",23.5,0%,46 : 54,Vietnam National University (Ho Chi Minh City) VNUHCM VNU-HCM VNU HCM,False,False,False,
21710,2171,"Vignan’s Foundation for Science, Technology and Research",10.3–27.2,21710,23.0,1342,9.1,2052,35.1,1559,19.6,1893,25.8,1949,i-34029492,master_account,0,/world-university-rankings/vignans-foundation-science-technology-and-research,622230,India,"8,362",12.8,4%,50 : 50,"Vignan’s Foundation for Science, Technology and Research",False,False,False,
21720,2172,VILNIUS TECH (Vilnius Gediminas Technical University),10.3–27.2,21720,20.8,1528,17.9,1062,31.0,1668,47.3,1002,53.5,800,i-55302951,master_account,0,/world-university-rankings/vilnius-tech-vilnius-gediminas-technical-university,623544,Lithuania,"8,333",13.1,21%,34 : 66,VILNIUS TECH (Vilnius Gediminas Technical University),False,False,False,
21730,2173,Vinayaka Mission’s Research Foundation,10.3–27.2,21730,26.2,1074,8.6,2117,44.4,1315,16.5,2164,19.3,2173,i-31822292,master_account,0,/world-university-rankings/vinayaka-missions-research-foundation,722631,India,"14,971",8.7,0%,41 : 59,Vinayaka Mission’s Research Foundation,False,False,False,
21740,2174,V.N. Karazin Kharkiv National University,10.3–27.2,21740,26.8,1037,11.2,1725,12.1,2105,35.2,1265,46.3,1062,i-26539581,master_account,0,/world-university-rankings/vn-karazin-kharkiv-national-university,131424,Ukraine,"17,491",8.3,27%,51 : 49,V.N. Karazin Kharkiv National University,False,False,False,
21750,2175,Volgograd State Medical University,10.3–27.2,21750,24.1,1237,9.3,2015,6.0,2183,18.3,1999,41.2,1243,i-09814828,master_account,0,/world-university-rankings/volgograd-state-medical-university,707293,Russian Federation,"9,367",8.2,27%,58 : 42,Volgograd State Medical University,False,False,True,
21760,2176,Volgograd State Technical University,10.3–27.2,21760,19.0,1687,9.9,1923,10.5,2128,18.9,1956,31.7,1663,i-76275632,master_account,0,/world-university-rankings/volgograd-state-technical-university,587679,Russian Federation,"12,434",13.5,14%,33 : 67,Volgograd State Technical University,False,False,True,
21770,2177,Volgograd State University,10.3–27.2,21770,21.0,1503,12.1,1598,15.4,2039,16.4,2174,23.6,2053,i-70729611,master_account,0,/world-university-rankings/volgograd-state-university,131651,Russian Federation,"8,062",11.9,4%,53 : 47,Volgograd State University,False,False,True,
21780,2178,Voronezh State Technical University,10.3–27.2,21780,20.3,1564,7.9,2179,12.5,2098,19.7,1885,27.6,1852,i-11924853,master_account,0,/world-university-rankings/voronezh-state-technical-university,701434,Russian Federation,"10,855",12.8,9%,37 : 63,Voronezh State Technical University,False,False,True,
21790,2179,Voronezh State University,10.3–27.2,21790,23.5,1301,11.0,1765,7.1,2171,18.7,1973,34.9,1513,i-28071391,master_account,0,/world-university-rankings/voronezh-state-university,131433,Russian Federation,"17,718",12.3,14%,50 : 50,Voronezh State University,False,False,True,
21800,2180,Warsaw University of Life Sciences – SGGW,10.3–27.2,21800,22.1,1415,12.8,1520,41.4,1399,33.4,1311,33.7,1569,i-89551603,master_account,0,/world-university-rankings/warsaw-university-life-sciences-sggw,685333,Poland,"15,317",12.3,8%,59 : 41,Warsaw University of Life Sciences – SGGW,False,False,False,
21810,2181,Wasit University,10.3–27.2,21810,22.9,1352,8.6,2118,36.9,1513,16.5,2165,27.3,1868,i-83688273,master_account,0,/world-university-rankings/wasit-university,716711,Iraq,"17,316",9.1,0%,53 : 47,Wasit University,False,False,False,
21820,2182,West University of Timişoara,10.3–27.2,21820,22.7,1369,13.3,1460,43.7,1329,19.2,1930,34.7,1529,i-20834853,master_account,0,/world-university-rankings/west-university-timisoara,131390,Romania,"14,808",19.6,6%,66 : 34,West University of Timişoara,False,False,False,
21830,2183,Wrocław University of Environmental and Life Sciences,10.3–27.2,21830,28.5,925,13.6,1426,36.1,1533,34.9,1270,32.5,1626,i-56576623,master_account,0,/world-university-rankings/wroclaw-university-environmental-and-life-sciences,685018,Poland,"6,399",11.9,6%,67 : 33,Wrocław University of Environmental and Life Sciences,False,False,False,
21840,2184,Yamagata University,10.3–27.2,21840,28.2,943,15.1,1287,27.7,1759,71.8,468,32.1,1641,i-98981012,master_account,0,/world-university-rankings/yamagata-university,589193,Japan,"8,664",9.1,3%,34 : 66,Yamagata University,False,False,False,
21850,2185,Yamaguchi University,10.3–27.2,21850,27.8,967,14.2,1361,24.0,1855,58.7,766,32.2,1637,i-74128396,master_account,0,/world-university-rankings/yamaguchi-university,131669,Japan,"10,373",10.9,5%,38 : 62,Yamaguchi University,False,False,False,
21860,2186,Yasouj University,10.3–27.2,21860,19.9,1608,14.5,1339,42.2,1372,23.8,1645,26.3,1919,i-65709812,master_account,0,/world-university-rankings/yasouj-university,625005,Iran,"4,104",16.3,4%,57 : 43,Yasouj University,False,False,False,
21870,2187,Yeditepe University,10.3–27.2,21870,23.9,1257,14.1,1371,28.9,1723,57.2,801,41.9,1212,i-12788204,master_account,0,/world-university-rankings/yeditepe-university,624663,Turkey,"17,879",21.7,7%,56 : 44,Yeditepe University,False,False,False,
21880,2188,Yerevan State University,10.3–27.2,21880,25.4,1140,9.1,2053,12.4,2101,22.3,1726,41.6,1224,i-81316652,master_account,0,/world-university-rankings/yerevan-state-university,715426,Armenia,"14,333",7.2,3%,53 : 47,Yerevan State University,False,False,False,
21890,2189,Yuriy Fedkovych Chernivtsi National University,10.3–27.2,21890,17.9,1791,10.0,1908,10.1,2139,17.5,2067,28.8,1796,i-05806203,master_account,0,/world-university-rankings/yuriy-fedkovych-chernivtsi-national-university,626145,Ukraine,"13,628",13.9,0%,47 : 53,Yuriy Fedkovych Chernivtsi National University,False,False,False,
21900,2190,Ziane Achour University of Djelfa,10.3–27.2,21900,17.7,1818,8.4,2137,10.2,2135,16.8,2146,31.9,1654,i-90802024,master_account,0,/world-university-rankings/ziane-achour-university-djelfa,709601,Algeria,"24,721",16.0,0%,47 : 53,Ziane Achour University of Djelfa,False,False,False,
21910,2191,Zonguldak Bülent Ecevit University,10.3–27.2,21910,14.9,2028,11.0,1766,26.5,1789,19.5,1903,29.3,1773,i-67535773,master_account,0,/world-university-rankings/zonguldak-bulent-ecevit-university,625941,Turkey,"18,524",19.2,10%,53 : 47,Zonguldak Bülent Ecevit University,False,False,False,
